trial,write_status,read_status,write_latency_ms,cold_read_latency_ms,roundtrip_latency_ms,write_stage_times_ms,read_stage_times_ms
1,completed,completed,159.8083818246708,132.906404395606,292.7147862202768,"{""addressing"": 10.134253910808667, ""encoding"": 6.873453104853852, ""molecular_write"": 124.10711494844931, ""write_verification"": 17.693559860558963, ""buffer"": 1.0}","{""addressing"": 6.915748521850999, ""molecular_access"": 56.295426074168965, ""sensing"": 42.557709300419354, ""basecalling"": 12.32013872343676, ""decoding"": 9.258705414305906, ""error_correction"": 4.558676361424031, ""buffer"": 1.0}"
2,completed,completed,126.47502959817895,122.14650829486935,248.6215378930483,"{""addressing"": 9.933076427779948, ""encoding"": 6.607763285982515, ""molecular_write"": 95.00662473094174, ""write_verification"": 13.927565153474745, ""buffer"": 1.0}","{""addressing"": 8.261131459204133, ""molecular_access"": 37.86974088704664, ""sensing"": 38.415455208844634, ""basecalling"": 17.374100014382506, ""decoding"": 12.097735064923166, ""error_correction"": 7.128345660468276, ""buffer"": 1.0}"
3,completed,completed,212.6005628404081,130.03121733402168,342.63178017442976,"{""addressing"": 8.581142403404325, ""encoding"": 5.24492614725656, ""molecular_write"": 181.0779260219272, ""write_verification"": 16.696568267819995, ""buffer"": 1.0}","{""addressing"": 11.525632744862953, ""molecular_access"": 49.512284485019194, ""sensing"": 31.97145722882335, ""basecalling"": 13.072312649161603, ""decoding"": 15.063238000865194, ""error_correction"": 7.886292225289357, ""buffer"": 1.0}"
4,completed,completed,138.5055886901478,135.22749762865575,273.73308631880354,"{""addressing"": 7.9224714977032145, ""encoding"": 5.6035009681625105, ""molecular_write"": 107.83324001735465, ""write_verification"": 16.146376206927407, ""buffer"": 1.0}","{""addressing"": 9.661001732514826, ""molecular_access"": 56.321344488272956, ""sensing"": 33.79621618972706, ""basecalling"": 18.013772875613498, ""decoding"": 8.918913178436956, ""error_correction"": 7.516249164090486, ""buffer"": 1.0}"
5,completed,completed,138.31265305473332,117.06087393210004,255.37352698683335,"{""addressing"": 9.099710879381607, ""encoding"": 4.131960689939065, ""molecular_write"": 109.2032378395171, ""write_verification"": 14.877743645895547, ""buffer"": 1.0}","{""addressing"": 9.120727197336176, ""molecular_access"": 31.59538974747132, ""sensing"": 41.05047943415843, ""basecalling"": 16.41775527754914, ""decoding"": 10.68572357285665, ""error_correction"": 7.1907987027283085, ""buffer"": 1.0}"
6,completed,completed,133.28160142174602,134.0175368094636,267.2991382312096,"{""addressing"": 7.873524863613381, ""encoding"": 5.587598101163913, ""molecular_write"": 108.19739097531689, ""write_verification"": 10.623087481651844, ""buffer"": 1.0}","{""addressing"": 6.506261880918986, ""molecular_access"": 55.87203378744452, ""sensing"": 36.66293712891287, ""basecalling"": 16.644886811330096, ""decoding"": 11.615063811374455, ""error_correction"": 5.716353389482663, ""buffer"": 1.0}"
7,completed,completed,163.9621248016983,134.5883591874332,298.5504839891315,"{""addressing"": 6.7458715556536575, ""encoding"": 6.452921795354316, ""molecular_write"": 135.9672814230158, ""write_verification"": 13.796050027674537, ""buffer"": 1.0}","{""addressing"": 5.943901675858218, ""molecular_access"": 44.883111954863786, ""sensing"": 39.02867690210303, ""basecalling"": 21.117112963912092, ""decoding"": 14.172737529572352, ""error_correction"": 8.442818161123775, ""buffer"": 1.0}"
8,completed,completed,108.88175441056251,142.06979505614072,250.95154946670323,"{""addressing"": 8.65514364751903, ""encoding"": 7.535579993169407, ""molecular_write"": 72.93522702708295, ""write_verification"": 18.755803742791127, ""buffer"": 1.0}","{""addressing"": 5.7640712386210256, ""molecular_access"": 64.86876610371678, ""sensing"": 34.82589983204018, ""basecalling"": 15.958582677507145, ""decoding"": 9.759485339570027, ""error_correction"": 9.892989864685557, ""buffer"": 1.0}"
9,completed,completed,102.03664677130173,120.11525086735047,222.1518976386522,"{""addressing"": 6.746182149360612, ""encoding"": 6.083888271217469, ""molecular_write"": 76.73008345854586, ""write_verification"": 11.47649289217779, ""buffer"": 1.0}","{""addressing"": 7.63057166969495, ""molecular_access"": 36.40041772925046, ""sensing"": 35.860714979301136, ""basecalling"": 18.6623637228235, ""decoding"": 12.702575858879573, ""error_correction"": 7.858606907400834, ""buffer"": 1.0}"
10,completed,completed,182.57738068223347,124.2860761657007,306.8634568479342,"{""addressing"": 6.984426292330067, ""encoding"": 5.585788759498763, ""molecular_write"": 152.87560101964604, ""write_verification"": 16.1315646107586, ""buffer"": 1.0}","{""addressing"": 7.575055166693839, ""molecular_access"": 41.83935642786473, ""sensing"": 37.2951262952392, ""basecalling"": 17.259585963432396, ""decoding"": 11.481916522826575, ""error_correction"": 7.8350357896439595, ""buffer"": 1.0}"
11,completed,completed,165.92874381918938,121.70676933645751,287.6355131556469,"{""addressing"": 6.528827956772602, ""encoding"": 4.794149898995624, ""molecular_write"": 138.88318968677171, ""write_verification"": 14.72257627664944, ""buffer"": 1.0}","{""addressing"": 8.240826100224591, ""molecular_access"": 40.434196051336045, ""sensing"": 34.35807314431072, ""basecalling"": 16.275052302737627, ""decoding"": 13.06783387848836, ""error_correction"": 8.33078785936014, ""buffer"": 1.0}"
12,completed,completed,157.77435584820714,140.0130356938154,297.78739154202253,"{""addressing"": 7.621236093158963, ""encoding"": 6.463306694742168, ""molecular_write"": 122.63620059839936, ""write_verification"": 20.05361246190665, ""buffer"": 1.0}","{""addressing"": 7.115134506764066, ""molecular_access"": 51.780636507726605, ""sensing"": 38.77737005250408, ""basecalling"": 17.372963834311307, ""decoding"": 15.815422812798914, ""error_correction"": 8.151507979710471, ""buffer"": 1.0}"
13,completed,completed,122.17427919161452,134.45873837350945,256.63301756512396,"{""addressing"": 7.1118466607446305, ""encoding"": 6.1567037439763705, ""molecular_write"": 96.47579102391701, ""write_verification"": 11.429937762976511, ""buffer"": 1.0}","{""addressing"": 5.005465121771564, ""molecular_access"": 55.644837132235494, ""sensing"": 31.947709547852153, ""basecalling"": 19.98303444828508, ""decoding"": 12.598976221154587, ""error_correction"": 8.278715902210543, ""buffer"": 1.0}"
14,completed,completed,115.53182111793075,127.97323078604401,243.50505190397476,"{""addressing"": 7.467162746155945, ""encoding"": 6.5206883513368155, ""molecular_write"": 83.07367658639157, ""write_verification"": 17.47029343404641, ""buffer"": 1.0}","{""addressing"": 8.566262759596349, ""molecular_access"": 44.112861383772916, ""sensing"": 33.382206486658006, ""basecalling"": 19.67937830057089, ""decoding"": 11.715650488016117, ""error_correction"": 9.516871367429728, ""buffer"": 1.0}"
15,completed,completed,115.34052188366564,141.30270475691395,256.6432266405796,"{""addressing"": 8.291806858870551, ""encoding"": 6.800823251312929, ""molecular_write"": 81.95047212198996, ""write_verification"": 17.2974196514922, ""buffer"": 1.0}","{""addressing"": 5.164856963429344, ""molecular_access"": 68.14494540717398, ""sensing"": 27.944364474482434, ""basecalling"": 18.672435592378232, ""decoding"": 11.50549811532294, ""error_correction"": 8.870604204127009, ""buffer"": 1.0}"
16,completed,completed,125.4271426869037,124.35481342928566,249.78195611618935,"{""addressing"": 5.70005653788491, ""encoding"": 5.565953689667006, ""molecular_write"": 98.1159700932428, ""write_verification"": 15.045162366108983, ""buffer"": 1.0}","{""addressing"": 8.115852050328481, ""molecular_access"": 37.01221192837657, ""sensing"": 37.15891210265545, ""basecalling"": 17.56355677882926, ""decoding"": 13.734111673879921, ""error_correction"": 9.770168895215987, ""buffer"": 1.0}"
17,completed,completed,142.80144399799724,130.06373683667653,272.86518083467377,"{""addressing"": 7.87817586248613, ""encoding"": 7.014405116718659, ""molecular_write"": 111.37612720251813, ""write_verification"": 15.532735816274316, ""buffer"": 1.0}","{""addressing"": 7.060729703208607, ""molecular_access"": 56.250526367116464, ""sensing"": 30.378319225472268, ""basecalling"": 14.28254443764134, ""decoding"": 12.356787274717117, ""error_correction"": 8.734829828520759, ""buffer"": 1.0}"
18,completed,completed,154.5453799715031,119.89548451256718,274.4408644840703,"{""addressing"": 5.863957803568524, ""encoding"": 5.546123070588052, ""molecular_write"": 133.11115958887953, ""write_verification"": 9.024139508466988, ""buffer"": 1.0}","{""addressing"": 7.031055738961854, ""molecular_access"": 44.397763505362924, ""sensing"": 30.524930452773866, ""basecalling"": 19.494026949079704, ""decoding"": 11.897344054895669, ""error_correction"": 5.550363811493144, ""buffer"": 1.0}"
19,completed,completed,166.65480011229485,154.83045481645766,321.4852549287525,"{""addressing"": 9.176678936866171, ""encoding"": 6.140254996635212, ""molecular_write"": 138.47248614080297, ""write_verification"": 11.865380037990487, ""buffer"": 1.0}","{""addressing"": 8.825538220746072, ""molecular_access"": 72.89164316261551, ""sensing"": 33.14496319838985, ""basecalling"": 20.552581938968654, ""decoding"": 10.177698597644095, ""error_correction"": 8.238029698093493, ""buffer"": 1.0}"
20,completed,completed,113.66304870814355,140.9956853323476,254.65873404049114,"{""addressing"": 7.789025403102398, ""encoding"": 6.826503499065651, ""molecular_write"": 81.6009091543293, ""write_verification"": 16.446610651646193, ""buffer"": 1.0}","{""addressing"": 8.100299631032728, ""molecular_access"": 57.17440666021739, ""sensing"": 37.224166111959974, ""basecalling"": 16.308383742959265, ""decoding"": 13.136425305546158, ""error_correction"": 8.052003880632068, ""buffer"": 1.0}"
21,completed,completed,149.58182938338945,110.76350231500925,260.3453316983987,"{""addressing"": 8.856641961060188, ""encoding"": 5.659064050084864, ""molecular_write"": 115.08029031393248, ""write_verification"": 18.98583305831193, ""buffer"": 1.0}","{""addressing"": 8.515742110441716, ""molecular_access"": 46.75922699813384, ""sensing"": 26.949628046339406, ""basecalling"": 11.117503167450202, ""decoding"": 10.023827408210959, ""error_correction"": 6.397574584433097, ""buffer"": 1.0}"
22,completed,completed,98.8742005502393,125.44584865316688,224.32004920340617,"{""addressing"": 5.679093558176357, ""encoding"": 6.798749280349865, ""molecular_write"": 69.55513582132514, ""write_verification"": 15.841221890387946, ""buffer"": 1.0}","{""addressing"": 7.600434055898153, ""molecular_access"": 46.136752621241286, ""sensing"": 34.00076903285131, ""basecalling"": 16.499139497198424, ""decoding"": 10.946066368000334, ""error_correction"": 9.262687077977356, ""buffer"": 1.0}"
23,completed,completed,201.79529914316004,192.75393057574132,394.54922971890136,"{""addressing"": 5.85334217446189, ""encoding"": 7.565567110806474, ""molecular_write"": 169.01588013201768, ""write_verification"": 18.36050972587399, ""buffer"": 1.0}","{""addressing"": 11.361240463603549, ""molecular_access"": 103.78480157228331, ""sensing"": 41.0912003192379, ""basecalling"": 15.4955164241678, ""decoding"": 9.41060100393974, ""error_correction"": 10.610570792509037, ""buffer"": 1.0}"
24,completed,completed,143.76472321057162,157.35237182185728,301.1170950324289,"{""addressing"": 7.821788326745935, ""encoding"": 5.1343061885255175, ""molecular_write"": 115.65109745542765, ""write_verification"": 14.157531239872526, ""buffer"": 1.0}","{""addressing"": 7.443971451190007, ""molecular_access"": 68.82366578817592, ""sensing"": 38.930563407101644, ""basecalling"": 19.735884024861893, ""decoding"": 13.300566946314293, ""error_correction"": 8.117720204213532, ""buffer"": 1.0}"
25,completed,completed,194.32359402695792,117.65468657802003,311.97828060497795,"{""addressing"": 6.248305931700349, ""encoding"": 5.945188739993666, ""molecular_write"": 165.28410545487387, ""write_verification"": 15.845993900390017, ""buffer"": 1.0}","{""addressing"": 9.702292945508773, ""molecular_access"": 36.16363390611836, ""sensing"": 27.574244475651764, ""basecalling"": 24.26785071441089, ""decoding"": 12.03986339644693, ""error_correction"": 6.906801139883324, ""buffer"": 1.0}"
26,completed,completed,166.9597564083918,122.02008973667978,288.9798461450716,"{""addressing"": 6.423882754510283, ""encoding"": 6.832897261625029, ""molecular_write"": 136.25169727932445, ""write_verification"": 16.451279112932045, ""buffer"": 1.0}","{""addressing"": 8.68791840126525, ""molecular_access"": 46.54556039949116, ""sensing"": 32.70704849584224, ""basecalling"": 16.0209888618635, ""decoding"": 10.389632875881809, ""error_correction"": 6.668940702335816, ""buffer"": 1.0}"
27,completed,completed,113.99128100045019,116.16351882581412,230.1547998262643,"{""addressing"": 9.068094196471943, ""encoding"": 7.798532234609526, ""molecular_write"": 79.3327460894279, ""write_verification"": 16.791908479940815, ""buffer"": 1.0}","{""addressing"": 9.781568100664504, ""molecular_access"": 38.37809110059986, ""sensing"": 31.36650464343147, ""basecalling"": 15.730810685087523, ""decoding"": 11.500101215915217, ""error_correction"": 8.406443080115546, ""buffer"": 1.0}"
28,completed,completed,191.8527049858609,142.9032621234722,334.7559671093331,"{""addressing"": 7.530699315921569, ""encoding"": 5.327268405815548, ""molecular_write"": 164.955610744319, ""write_verification"": 13.039126519804805, ""buffer"": 1.0}","{""addressing"": 8.497899989038325, ""molecular_access"": 66.02047796373934, ""sensing"": 31.67438574923164, ""basecalling"": 14.359309499652703, ""decoding"": 14.271550444325662, ""error_correction"": 7.079638477484508, ""buffer"": 1.0}"
29,completed,completed,116.70531589000852,130.348825958494,247.05414184850252,"{""addressing"": 7.587329777760925, ""encoding"": 6.588352699968112, ""molecular_write"": 83.1664898927556, ""write_verification"": 18.363143519523877, ""buffer"": 1.0}","{""addressing"": 7.591401507249829, ""molecular_access"": 48.770806117865334, ""sensing"": 38.54381084854485, ""basecalling"": 14.242570553393255, ""decoding"": 12.867565312235223, ""error_correction"": 7.33267161920552, ""buffer"": 1.0}"
30,completed,completed,106.60589593313549,143.26039227142192,249.8662882045574,"{""addressing"": 9.56641045719795, ""encoding"": 7.094212332211956, ""molecular_write"": 71.0311141294965, ""write_verification"": 17.914159014229092, ""buffer"": 1.0}","{""addressing"": 10.644091880823591, ""molecular_access"": 65.16170714425336, ""sensing"": 26.506974781802377, ""basecalling"": 19.441819208093705, ""decoding"": 12.1862120472437, ""error_correction"": 8.319587209205203, ""buffer"": 1.0}"
31,completed,completed,210.39553634141538,157.73579470205487,368.13133104347025,"{""addressing"": 7.4647363191633, ""encoding"": 7.078899986201906, ""molecular_write"": 182.0584281574234, ""write_verification"": 12.793471878626764, ""buffer"": 1.0}","{""addressing"": 7.144109593846251, ""molecular_access"": 61.48484635649592, ""sensing"": 39.31768455166584, ""basecalling"": 24.83727615517227, ""decoding"": 16.102856883852898, ""error_correction"": 7.849021161021648, ""buffer"": 1.0}"
32,completed,completed,150.58905781259855,139.53322496092468,290.12228277352324,"{""addressing"": 8.116118720689325, ""encoding"": 5.885457798240581, ""molecular_write"": 117.65251343808247, ""write_verification"": 17.9349678555862, ""buffer"": 1.0}","{""addressing"": 8.34729980763483, ""molecular_access"": 56.23525297509962, ""sensing"": 40.12702781455583, ""basecalling"": 16.82469673644019, ""decoding"": 12.034912730589367, ""error_correction"": 4.964034896604888, ""buffer"": 1.0}"
33,completed,completed,142.92516243243318,118.65666687261506,261.58182930504825,"{""addressing"": 8.913151382818683, ""encoding"": 5.739085700687632, ""molecular_write"": 113.88242843783341, ""write_verification"": 13.390496911093468, ""buffer"": 1.0}","{""addressing"": 10.30022558745181, ""molecular_access"": 35.40242390868237, ""sensing"": 37.54662958295126, ""basecalling"": 17.266579057649558, ""decoding"": 9.373426779227284, ""error_correction"": 7.767381956652759, ""buffer"": 1.0}"
34,completed,completed,172.37237281120602,135.59330408519494,307.96567689640096,"{""addressing"": 4.772286002776075, ""encoding"": 5.583159549213287, ""molecular_write"": 146.97737609867173, ""write_verification"": 14.039551160544939, ""buffer"": 1.0}","{""addressing"": 8.25344474938913, ""molecular_access"": 50.98822607496252, ""sensing"": 32.46425684242924, ""basecalling"": 20.465427308356237, ""decoding"": 12.625504178746642, ""error_correction"": 9.796444931311143, ""buffer"": 1.0}"
35,completed,completed,175.93379996783753,124.77818077306708,300.7119807409046,"{""addressing"": 8.144771982493682, ""encoding"": 6.272716210835369, ""molecular_write"": 138.25407629074496, ""write_verification"": 22.26223548376354, ""buffer"": 1.0}","{""addressing"": 7.9058229822061294, ""molecular_access"": 42.48902115933935, ""sensing"": 32.077009842202315, ""basecalling"": 18.065491946690237, ""decoding"": 12.25265320464508, ""error_correction"": 10.988181637983955, ""buffer"": 1.0}"
36,completed,completed,168.74518081171652,117.16547858133208,285.9106593930486,"{""addressing"": 6.430161609167898, ""encoding"": 4.922308128543429, ""molecular_write"": 137.58683040459098, ""write_verification"": 18.80588066941421, ""buffer"": 1.0}","{""addressing"": 7.956932790663199, ""molecular_access"": 34.95377438114105, ""sensing"": 33.11152034004551, ""basecalling"": 17.954587290911377, ""decoding"": 13.28352493440521, ""error_correction"": 8.905138844165755, ""buffer"": 1.0}"
37,completed,completed,254.5579112544331,147.0475377974137,401.6054490518468,"{""addressing"": 8.957517556417454, ""encoding"": 6.597640501402475, ""molecular_write"": 218.67238353307405, ""write_verification"": 19.3303696635391, ""buffer"": 1.0}","{""addressing"": 8.868224729249691, ""molecular_access"": 67.15524553403759, ""sensing"": 36.46362834827748, ""basecalling"": 17.808464966181365, ""decoding"": 7.258031288404155, ""error_correction"": 8.493942931263444, ""buffer"": 1.0}"
38,completed,completed,134.367034699364,120.36657234901165,254.73360704837566,"{""addressing"": 10.242683066856275, ""encoding"": 5.36038855344903, ""molecular_write"": 98.16376149622961, ""write_verification"": 19.600201582829108, ""buffer"": 1.0}","{""addressing"": 8.504026942046686, ""molecular_access"": 42.610462131605495, ""sensing"": 29.317886674900784, ""basecalling"": 15.760393960652086, ""decoding"": 14.213165874802275, ""error_correction"": 8.96063676500432, ""buffer"": 1.0}"
39,completed,completed,140.57715405388987,133.9889031826871,274.56605723657697,"{""addressing"": 6.924594039479825, ""encoding"": 7.371866475137523, ""molecular_write"": 114.18600527067544, ""write_verification"": 11.094688268597086, ""buffer"": 1.0}","{""addressing"": 7.474752653991387, ""molecular_access"": 60.99982153875422, ""sensing"": 29.154763560411567, ""basecalling"": 16.93973776032815, ""decoding"": 11.8882314579747, ""error_correction"": 6.531596211227067, ""buffer"": 1.0}"
40,completed,completed,96.25108832909734,128.72155513167132,224.97264346076867,"{""addressing"": 9.529226185311874, ""encoding"": 6.092889616865149, ""molecular_write"": 63.16438838020951, ""write_verification"": 16.4645841467108, ""buffer"": 1.0}","{""addressing"": 9.67537997019714, ""molecular_access"": 53.110995528572055, ""sensing"": 29.62216968090398, ""basecalling"": 14.756481853292918, ""decoding"": 12.289644451191505, ""error_correction"": 8.266883647513708, ""buffer"": 1.0}"
41,completed,completed,146.9731135225158,156.3998067623985,303.3729202849143,"{""addressing"": 6.928796379145644, ""encoding"": 6.904255639324338, ""molecular_write"": 123.77352061680891, ""write_verification"": 8.366540887236916, ""buffer"": 1.0}","{""addressing"": 7.302516561028624, ""molecular_access"": 68.4310273619946, ""sensing"": 38.398113149835325, ""basecalling"": 19.34706756789785, ""decoding"": 12.021605261292757, ""error_correction"": 9.899476860349353, ""buffer"": 1.0}"
42,completed,completed,136.44701713210634,135.73212181781264,272.179138949919,"{""addressing"": 10.699466916012167, ""encoding"": 4.537290545518193, ""molecular_write"": 104.6165280849444, ""write_verification"": 15.593731585631563, ""buffer"": 1.0}","{""addressing"": 8.53276387080142, ""molecular_access"": 54.3506705406614, ""sensing"": 37.88359408912636, ""basecalling"": 11.267691963850089, ""decoding"": 12.16350941448344, ""error_correction"": 10.53389193888994, ""buffer"": 1.0}"
43,completed,completed,124.02107689759968,117.50061767437698,241.52169457197667,"{""addressing"": 6.760589395787266, ""encoding"": 5.509671468962759, ""molecular_write"": 92.53078141782636, ""write_verification"": 18.220034615023295, ""buffer"": 1.0}","{""addressing"": 6.523828903213996, ""molecular_access"": 41.36269322009481, ""sensing"": 30.032077314054078, ""basecalling"": 21.0000338226685, ""decoding"": 9.991321475211215, ""error_correction"": 7.590662939134393, ""buffer"": 1.0}"
44,completed,completed,103.2749030199966,141.60070979435235,244.87561281434895,"{""addressing"": 6.758424654542338, ""encoding"": 6.4220284677723845, ""molecular_write"": 75.09872489824046, ""write_verification"": 13.995724999441423, ""buffer"": 1.0}","{""addressing"": 7.307520823799787, ""molecular_access"": 51.436732150422706, ""sensing"": 37.99702724808783, ""basecalling"": 20.95632264738326, ""decoding"": 16.803124919887356, ""error_correction"": 6.09998200477143, ""buffer"": 1.0}"
45,completed,completed,145.63261054715485,132.36684962625816,277.999460173413,"{""addressing"": 9.275122242449122, ""encoding"": 5.868956426834699, ""molecular_write"": 114.84105102842601, ""write_verification"": 14.647480849445028, ""buffer"": 1.0}","{""addressing"": 10.457240538818677, ""molecular_access"": 42.3532880798927, ""sensing"": 29.537035380545866, ""basecalling"": 24.567574218690478, ""decoding"": 16.80774133413506, ""error_correction"": 7.643970074175351, ""buffer"": 1.0}"
46,completed,completed,167.95736958634959,117.8282029950906,285.7855725814402,"{""addressing"": 10.743962907865209, ""encoding"": 5.909649272124667, ""molecular_write"": 133.0246825713884, ""write_verification"": 17.27907483497131, ""buffer"": 1.0}","{""addressing"": 6.512333542392813, ""molecular_access"": 47.7795475452001, ""sensing"": 26.937137338200834, ""basecalling"": 15.390419453827509, ""decoding"": 11.394036950952193, ""error_correction"": 8.814728164517113, ""buffer"": 1.0}"
47,completed,completed,228.54860912791065,148.0826546015805,376.63126372949114,"{""addressing"": 7.165197395984798, ""encoding"": 5.617322032114834, ""molecular_write"": 201.04801914233957, ""write_verification"": 13.718070557471444, ""buffer"": 1.0}","{""addressing"": 7.832791150526907, ""molecular_access"": 82.89326757307381, ""sensing"": 26.01173314862524, ""basecalling"": 15.197025282347841, ""decoding"": 10.079498314173257, ""error_correction"": 5.068339132833419, ""buffer"": 1.0}"
48,completed,completed,153.39112046299374,129.0758447051744,282.46696516816814,"{""addressing"": 7.420174401077181, ""encoding"": 5.640892437486499, ""molecular_write"": 128.00356660723799, ""write_verification"": 11.326487017192083, ""buffer"": 1.0}","{""addressing"": 6.692493550770079, ""molecular_access"": 45.56431642664185, ""sensing"": 33.132590978562796, ""basecalling"": 18.932550763175843, ""decoding"": 14.408800033506681, ""error_correction"": 9.34509295251718, ""buffer"": 1.0}"
49,completed,completed,119.79672786035798,135.63569753509657,255.43242539545454,"{""addressing"": 7.462675325661832, ""encoding"": 7.106583046206377, ""molecular_write"": 87.65619025442967, ""write_verification"": 16.571279234060086, ""buffer"": 1.0}","{""addressing"": 6.391652658859298, ""molecular_access"": 60.97903290840006, ""sensing"": 35.37495067434234, ""basecalling"": 11.01221017655515, ""decoding"": 11.57817283084403, ""error_correction"": 9.299678286095688, ""buffer"": 1.0}"
50,completed,completed,154.87267204028453,136.03647126709498,290.9091433073795,"{""addressing"": 7.026642295137426, ""encoding"": 5.062332149989113, ""molecular_write"": 125.79039009455863, ""write_verification"": 15.993307500599355, ""buffer"": 1.0}","{""addressing"": 8.813076706583862, ""molecular_access"": 47.904232719561804, ""sensing"": 41.8719510417214, ""basecalling"": 18.464606323008447, ""decoding"": 9.81210989948648, ""error_correction"": 8.170494576733013, ""buffer"": 1.0}"
51,completed,completed,198.95324613203894,100.64381730324538,299.5970634352843,"{""addressing"": 8.116080593954834, ""encoding"": 6.567667819195844, ""molecular_write"": 166.61650877837332, ""write_verification"": 16.65298894051496, ""buffer"": 1.0}","{""addressing"": 9.768391454064897, ""molecular_access"": 27.92045120357081, ""sensing"": 28.94121882943911, ""basecalling"": 12.734393161432086, ""decoding"": 11.392257705929646, ""error_correction"": 8.887104948808851, ""buffer"": 1.0}"
52,completed,completed,143.97086426295226,131.73216649265015,275.7030307556024,"{""addressing"": 9.005487621594565, ""encoding"": 5.172622935924936, ""molecular_write"": 117.68052975084726, ""write_verification"": 11.11222395458551, ""buffer"": 1.0}","{""addressing"": 7.549123137115215, ""molecular_access"": 49.55214886395668, ""sensing"": 36.35851633343936, ""basecalling"": 15.800067468405649, ""decoding"": 11.868192038896174, ""error_correction"": 9.60411865083709, ""buffer"": 1.0}"
53,completed,completed,185.7101200825907,152.84150744083715,338.55162752342784,"{""addressing"": 7.832647238460725, ""encoding"": 6.328021392541384, ""molecular_write"": 151.95293957731485, ""write_verification"": 18.59651187427375, ""buffer"": 1.0}","{""addressing"": 8.195162803318011, ""molecular_access"": 67.37830388273592, ""sensing"": 37.785862268996844, ""basecalling"": 18.56883356279738, ""decoding"": 13.011342963447078, ""error_correction"": 6.902001959541912, ""buffer"": 1.0}"
54,completed,completed,173.84505272815593,123.48155171360801,297.32660444176395,"{""addressing"": 7.52465371848231, ""encoding"": 5.357502243263466, ""molecular_write"": 149.44872103922245, ""write_verification"": 10.514175727187695, ""buffer"": 1.0}","{""addressing"": 3.721201282765805, ""molecular_access"": 46.60749272485763, ""sensing"": 42.26967468047509, ""basecalling"": 10.44794242691524, ""decoding"": 12.091409382940077, ""error_correction"": 7.343831215654191, ""buffer"": 1.0}"
55,completed,completed,130.98283666301086,132.8102094986009,263.79304616161176,"{""addressing"": 8.485749824764671, ""encoding"": 4.099599055290227, ""molecular_write"": 100.52696205439716, ""write_verification"": 16.87052572855881, ""buffer"": 1.0}","{""addressing"": 10.722690357126815, ""molecular_access"": 51.28766557635966, ""sensing"": 36.17278682386451, ""basecalling"": 13.97210819621186, ""decoding"": 11.830766152011972, ""error_correction"": 7.824192393026059, ""buffer"": 1.0}"
56,completed,completed,110.7871306074249,129.7931581685989,240.5802887760238,"{""addressing"": 6.993315781160175, ""encoding"": 6.504549001240736, ""molecular_write"": 80.43049930122483, ""write_verification"": 15.858766523799156, ""buffer"": 1.0}","{""addressing"": 10.513075592081812, ""molecular_access"": 41.310150090554096, ""sensing"": 35.83751071804983, ""basecalling"": 13.28263434994329, ""decoding"": 14.686514843976665, ""error_correction"": 13.1632725739932, ""buffer"": 1.0}"
57,completed,completed,194.50986787736662,134.83692120476763,329.34678908213425,"{""addressing"": 9.25402127147208, ""encoding"": 5.232492261822586, ""molecular_write"": 163.71220807186285, ""write_verification"": 15.311146272209102, ""buffer"": 1.0}","{""addressing"": 7.380244409398479, ""molecular_access"": 57.75635245049121, ""sensing"": 29.031107847500323, ""basecalling"": 22.963486096254595, ""decoding"": 9.955667538138114, ""error_correction"": 6.75006286298493, ""buffer"": 1.0}"
58,completed,completed,168.6446268097504,149.3259435800413,317.9705703897917,"{""addressing"": 8.315554167548262, ""encoding"": 5.6813923478000845, ""molecular_write"": 138.70936340078043, ""write_verification"": 14.938316893621623, ""buffer"": 1.0}","{""addressing"": 10.467203399935887, ""molecular_access"": 67.22226246730364, ""sensing"": 27.994497964878953, ""basecalling"": 21.09628616901236, ""decoding"": 13.19243041454503, ""error_correction"": 8.353263164365405, ""buffer"": 1.0}"
59,completed,completed,189.06504212269118,146.9468848665852,336.0119269892764,"{""addressing"": 11.297882207764498, ""encoding"": 5.9316155094627465, ""molecular_write"": 150.77468251991965, ""write_verification"": 20.060861885544288, ""buffer"": 1.0}","{""addressing"": 7.415939337835908, ""molecular_access"": 54.22412028053902, ""sensing"": 44.79915682559255, ""basecalling"": 17.18281432358515, ""decoding"": 13.659480146101552, ""error_correction"": 8.665373952931052, ""buffer"": 1.0}"
60,completed,completed,145.56199998418805,159.862351591964,305.42435157615205,"{""addressing"": 6.380700921745886, ""encoding"": 5.671075961719064, ""molecular_write"": 119.60492342427246, ""write_verification"": 12.905299676450648, ""buffer"": 1.0}","{""addressing"": 7.463760274981332, ""molecular_access"": 81.74070402994228, ""sensing"": 25.16279585248507, ""basecalling"": 20.958880424265942, ""decoding"": 15.293594243487771, ""error_correction"": 8.242616766801616, ""buffer"": 1.0}"
61,completed,completed,100.55679467917433,134.15844361924115,234.7152382984155,"{""addressing"": 8.180218531847895, ""encoding"": 8.91589736363247, ""molecular_write"": 69.96810320262401, ""write_verification"": 12.492575581069955, ""buffer"": 1.0}","{""addressing"": 7.519494395489595, ""molecular_access"": 44.8646564636242, ""sensing"": 46.79111897293534, ""basecalling"": 16.83699618439436, ""decoding"": 9.23275827942987, ""error_correction"": 7.913419323367766, ""buffer"": 1.0}"
62,completed,completed,156.41828990683106,110.45157722681532,266.8698671336464,"{""addressing"": 6.798508492639428, ""encoding"": 5.261921504677814, ""molecular_write"": 133.74994940091133, ""write_verification"": 9.607910508602483, ""buffer"": 1.0}","{""addressing"": 5.7997773295454245, ""molecular_access"": 35.50107943723396, ""sensing"": 35.85119995890088, ""basecalling"": 16.191492916674918, ""decoding"": 8.638421082184951, ""error_correction"": 7.4696065022751945, ""buffer"": 1.0}"
63,completed,completed,145.0779592613924,141.02754295832457,286.105502219717,"{""addressing"": 8.272468368277673, ""encoding"": 6.773992952667469, ""molecular_write"": 113.40346982337026, ""write_verification"": 15.628028117077015, ""buffer"": 1.0}","{""addressing"": 8.251983720330827, ""molecular_access"": 55.678180487593835, ""sensing"": 35.37245881483292, ""basecalling"": 19.525225449987435, ""decoding"": 14.204663459868467, ""error_correction"": 6.995031025711076, ""buffer"": 1.0}"
64,completed,completed,224.2620948413046,129.6469366617294,353.909031503034,"{""addressing"": 7.589427023893664, ""encoding"": 6.049726022224838, ""molecular_write"": 191.14090156916905, ""write_verification"": 18.482040226017034, ""buffer"": 1.0}","{""addressing"": 6.706725891188876, ""molecular_access"": 42.928777148330205, ""sensing"": 36.48215407118347, ""basecalling"": 21.38337582972889, ""decoding"": 12.602143923104544, ""error_correction"": 8.543759798193413, ""buffer"": 1.0}"
65,completed,completed,109.43451223656706,144.40142740573958,253.83593964230664,"{""addressing"": 8.996539322270243, ""encoding"": 6.75397099489957, ""molecular_write"": 77.00535322332676, ""write_verification"": 15.67864869607048, ""buffer"": 1.0}","{""addressing"": 5.407868047900773, ""molecular_access"": 65.29795684658652, ""sensing"": 38.066909162465066, ""basecalling"": 14.24535084278867, ""decoding"": 12.290754127097781, ""error_correction"": 8.092588378900787, ""buffer"": 1.0}"
66,completed,completed,195.15813576113464,117.48879115736918,312.6469269185038,"{""addressing"": 7.298817605949877, ""encoding"": 5.272836517510196, ""molecular_write"": 166.83147963247072, ""write_verification"": 14.755002005203876, ""buffer"": 1.0}","{""addressing"": 9.557784123099403, ""molecular_access"": 48.67927631789354, ""sensing"": 26.172977098923756, ""basecalling"": 14.948427541704675, ""decoding"": 10.51187480254718, ""error_correction"": 6.618451273200609, ""buffer"": 1.0}"
67,completed,completed,183.86382977303705,135.99048192827516,319.8543117013122,"{""addressing"": 10.07839137472264, ""encoding"": 3.255855070422119, ""molecular_write"": 148.443590202296, ""write_verification"": 21.085993125596264, ""buffer"": 1.0}","{""addressing"": 6.8213723295611395, ""molecular_access"": 52.317019035764254, ""sensing"": 41.345142442655636, ""basecalling"": 15.046578112622468, ""decoding"": 10.668891515629376, ""error_correction"": 8.791478492042298, ""buffer"": 1.0}"
68,completed,completed,126.33389348072029,133.66028198685228,259.9941754675726,"{""addressing"": 9.558773891175338, ""encoding"": 6.656135300563177, ""molecular_write"": 86.93630332274991, ""write_verification"": 22.182680966231878, ""buffer"": 1.0}","{""addressing"": 11.429663033959184, ""molecular_access"": 50.202689750592214, ""sensing"": 33.041564645206236, ""basecalling"": 22.999373046975432, ""decoding"": 10.675316506138481, ""error_correction"": 4.311675003980712, ""buffer"": 1.0}"
69,completed,completed,180.04890414839244,146.37179826946308,326.4207024178555,"{""addressing"": 9.057871834383505, ""encoding"": 4.156796252806594, ""molecular_write"": 149.28114148222318, ""write_verification"": 16.553094578979163, ""buffer"": 1.0}","{""addressing"": 6.637320551369685, ""molecular_access"": 64.06189664399058, ""sensing"": 33.86774090066869, ""basecalling"": 21.72991030662724, ""decoding"": 11.435493970602653, ""error_correction"": 7.639435896204238, ""buffer"": 1.0}"
70,completed,completed,153.20857141836697,118.44042537262547,271.64899679099244,"{""addressing"": 10.009372540596754, ""encoding"": 4.646463672260254, ""molecular_write"": 125.3532897577671, ""write_verification"": 12.199445447742876, ""buffer"": 1.0}","{""addressing"": 6.458021101399029, ""molecular_access"": 43.645709982651496, ""sensing"": 29.196482045438927, ""basecalling"": 20.00962680930757, ""decoding"": 11.767388618694874, ""error_correction"": 6.363196815133567, ""buffer"": 1.0}"
71,completed,completed,160.85619947012566,138.88657742925807,299.7427768993837,"{""addressing"": 8.250933272702472, ""encoding"": 7.163195540293419, ""molecular_write"": 126.07624612990075, ""write_verification"": 18.36582452722901, ""buffer"": 1.0}","{""addressing"": 9.237674900367523, ""molecular_access"": 54.3679054057274, ""sensing"": 38.65493647205854, ""basecalling"": 18.879642427347175, ""decoding"": 10.037713867000253, ""error_correction"": 6.708704356757172, ""buffer"": 1.0}"
72,completed,completed,109.20359987693239,115.78900267567703,224.9926025526094,"{""addressing"": 5.345398777467286, ""encoding"": 7.748816536259814, ""molecular_write"": 79.25046096646557, ""write_verification"": 15.858923596739718, ""buffer"": 1.0}","{""addressing"": 10.340242944535277, ""molecular_access"": 42.538860246283704, ""sensing"": 33.86903273037115, ""basecalling"": 14.968677283512394, ""decoding"": 6.180757101173298, ""error_correction"": 6.891432369801203, ""buffer"": 1.0}"
73,completed,completed,119.25983900562677,159.50030458561548,278.76014359124224,"{""addressing"": 8.834287683934736, ""encoding"": 6.488441749158948, ""molecular_write"": 82.92204353754421, ""write_verification"": 20.015066034988877, ""buffer"": 1.0}","{""addressing"": 7.763724862107894, ""molecular_access"": 74.51948355127783, ""sensing"": 35.47974787284542, ""basecalling"": 17.524288941091296, ""decoding"": 16.028917506877917, ""error_correction"": 7.184141851415128, ""buffer"": 1.0}"
74,completed,completed,136.04552280795514,129.6873362525053,265.73285906046044,"{""addressing"": 7.36561343580919, ""encoding"": 7.616271943375916, ""molecular_write"": 109.79703927901822, ""write_verification"": 10.266598149751823, ""buffer"": 1.0}","{""addressing"": 8.579894700643536, ""molecular_access"": 43.29875194310325, ""sensing"": 37.12102762276722, ""basecalling"": 19.206878184416034, ""decoding"": 12.28816872482406, ""error_correction"": 8.192615076751188, ""buffer"": 1.0}"
75,completed,completed,132.20348262959865,125.2066511431926,257.41013377279126,"{""addressing"": 8.666437136551428, ""encoding"": 3.8960534580489976, ""molecular_write"": 103.16770947738976, ""write_verification"": 15.473282557608465, ""buffer"": 1.0}","{""addressing"": 7.350693991945193, ""molecular_access"": 41.22693725837825, ""sensing"": 36.722359367892885, ""basecalling"": 18.144267086181404, ""decoding"": 13.445452987873788, ""error_correction"": 7.316940450921108, ""buffer"": 1.0}"
76,completed,completed,190.19364874131045,119.47126891308355,309.664917654394,"{""addressing"": 6.225253041159412, ""encoding"": 6.371470130343899, ""molecular_write"": 166.38684586374285, ""write_verification"": 10.210079706064304, ""buffer"": 1.0}","{""addressing"": 8.255813458917256, ""molecular_access"": 42.93720100708212, ""sensing"": 32.956536332046504, ""basecalling"": 17.914363623617913, ""decoding"": 8.258769703793588, ""error_correction"": 8.148584787626195, ""buffer"": 1.0}"
77,completed,completed,121.48662534213805,141.78917116788898,263.275796510027,"{""addressing"": 5.358102605467026, ""encoding"": 8.083754615157519, ""molecular_write"": 91.52858749395274, ""write_verification"": 15.516180627560773, ""buffer"": 1.0}","{""addressing"": 6.394215541999859, ""molecular_access"": 62.37656431822674, ""sensing"": 34.26545047439724, ""basecalling"": 21.229432042203932, ""decoding"": 9.62122748134444, ""error_correction"": 6.902281309716747, ""buffer"": 1.0}"
78,completed,completed,135.0136024954326,139.71716155645785,274.73076405189045,"{""addressing"": 8.92945437777159, ""encoding"": 5.87691553138275, ""molecular_write"": 108.78465278127118, ""write_verification"": 10.422579805007079, ""buffer"": 1.0}","{""addressing"": 7.569046004617288, ""molecular_access"": 59.32982833838545, ""sensing"": 36.313822329369856, ""basecalling"": 18.303318958476485, ""decoding"": 8.476240289328334, ""error_correction"": 8.724905636280452, ""buffer"": 1.0}"
79,completed,completed,144.3487462186161,147.90405804305834,292.25280426167444,"{""addressing"": 9.004299793175552, ""encoding"": 6.328959467241205, ""molecular_write"": 112.43943287011606, ""write_verification"": 15.576054088083293, ""buffer"": 1.0}","{""addressing"": 8.466706753633026, ""molecular_access"": 65.0257065617588, ""sensing"": 38.95130247195759, ""basecalling"": 16.030051958244698, ""decoding"": 11.201998607025994, ""error_correction"": 7.228291690438225, ""buffer"": 1.0}"
80,completed,completed,221.94837516597636,126.81026800919261,348.75864317516897,"{""addressing"": 7.190670504418651, ""encoding"": 6.561668167138107, ""molecular_write"": 193.0362697080401, ""write_verification"": 14.15976678637953, ""buffer"": 1.0}","{""addressing"": 8.501836688367291, ""molecular_access"": 43.417993553016245, ""sensing"": 32.3109049429694, ""basecalling"": 23.07599759596345, ""decoding"": 9.416138251633253, ""error_correction"": 9.087396977242943, ""buffer"": 1.0}"
81,completed,completed,106.11379422317029,125.00935790069846,231.12315212386875,"{""addressing"": 7.718403139514348, ""encoding"": 6.105178847234968, ""molecular_write"": 78.4106734549937, ""write_verification"": 12.879538781427266, ""buffer"": 1.0}","{""addressing"": 5.2335425415978225, ""molecular_access"": 41.15227350026122, ""sensing"": 40.663252481443735, ""basecalling"": 21.20496157098779, ""decoding"": 9.984175240020424, ""error_correction"": 5.771152566387471, ""buffer"": 1.0}"
82,completed,completed,139.13932142917608,123.27404244993991,262.413363879116,"{""addressing"": 8.198443210304355, ""encoding"": 4.797071320304891, ""molecular_write"": 110.75516892464636, ""write_verification"": 14.388637973920474, ""buffer"": 1.0}","{""addressing"": 8.168796967175476, ""molecular_access"": 44.1787425219512, ""sensing"": 32.63458333777968, ""basecalling"": 17.467232357788316, ""decoding"": 12.586445800302617, ""error_correction"": 7.238241464942617, ""buffer"": 1.0}"
83,completed,completed,125.86409134691718,126.06335206731038,251.92744341422755,"{""addressing"": 5.939507255645075, ""encoding"": 7.90127743973405, ""molecular_write"": 103.81368007171538, ""write_verification"": 7.209626579822663, ""buffer"": 1.0}","{""addressing"": 9.04868360514446, ""molecular_access"": 48.58301117927831, ""sensing"": 31.363699621204255, ""basecalling"": 16.68970377158005, ""decoding"": 10.388520789981222, ""error_correction"": 8.98973310012209, ""buffer"": 1.0}"
84,completed,completed,138.46075828981512,135.00894923654974,273.46970752636486,"{""addressing"": 7.120765423996701, ""encoding"": 6.0450374230613, ""molecular_write"": 110.44525242633303, ""write_verification"": 13.849703016424083, ""buffer"": 1.0}","{""addressing"": 6.737105515362279, ""molecular_access"": 53.033816177914524, ""sensing"": 42.3574603595643, ""basecalling"": 14.212675528205846, ""decoding"": 10.090155385162744, ""error_correction"": 7.577736270340036, ""buffer"": 1.0}"
85,completed,completed,123.80542296818525,114.17202672847397,237.97744969665922,"{""addressing"": 6.091174032733752, ""encoding"": 6.560237847997619, ""molecular_write"": 96.50531607653086, ""write_verification"": 13.648695010923024, ""buffer"": 1.0}","{""addressing"": 8.053202915199105, ""molecular_access"": 35.09954376994627, ""sensing"": 37.577544967565665, ""basecalling"": 15.265468621923834, ""decoding"": 11.92242045490813, ""error_correction"": 5.25384599893099, ""buffer"": 1.0}"
86,completed,completed,138.69318288891327,147.62350094935573,286.316683838269,"{""addressing"": 8.242154103437858, ""encoding"": 5.874981865962941, ""molecular_write"": 107.89286165228432, ""write_verification"": 15.683185267228133, ""buffer"": 1.0}","{""addressing"": 9.231238741755378, ""molecular_access"": 59.91976427888237, ""sensing"": 41.25736718816496, ""basecalling"": 15.870201805450439, ""decoding"": 12.937739464040664, ""error_correction"": 7.407189471061873, ""buffer"": 1.0}"
87,completed,completed,142.6396903643843,127.40123839377077,270.0409287581551,"{""addressing"": 8.03891298458095, ""encoding"": 5.811265829667091, ""molecular_write"": 112.05243762864225, ""write_verification"": 15.737073921494016, ""buffer"": 1.0}","{""addressing"": 7.236510278928462, ""molecular_access"": 51.89320123975823, ""sensing"": 31.992486730719108, ""basecalling"": 15.5808351427883, ""decoding"": 11.928180386087789, ""error_correction"": 7.770024615488888, ""buffer"": 1.0}"
88,completed,completed,150.42796293604775,125.5997260849069,276.02768902095465,"{""addressing"": 9.582254836129623, ""encoding"": 4.748091535064001, ""molecular_write"": 118.81459547170803, ""write_verification"": 16.283021093146083, ""buffer"": 1.0}","{""addressing"": 9.323417635307443, ""molecular_access"": 50.65111189433278, ""sensing"": 23.748303890748893, ""basecalling"": 22.00110084270981, ""decoding"": 9.147153048014687, ""error_correction"": 9.728638773793259, ""buffer"": 1.0}"
89,completed,completed,176.88008313301432,136.60843189776514,313.48851503077947,"{""addressing"": 5.316721958939203, ""encoding"": 7.8963242749425255, ""molecular_write"": 151.29943425104221, ""write_verification"": 11.367602648090378, ""buffer"": 1.0}","{""addressing"": 7.796655785517385, ""molecular_access"": 66.93809850176712, ""sensing"": 30.475868671598853, ""basecalling"": 9.50275618743739, ""decoding"": 13.59653897148982, ""error_correction"": 7.298513779954536, ""buffer"": 1.0}"
90,completed,completed,169.36099163952306,122.93811259645864,292.2991042359817,"{""addressing"": 11.31991909133934, ""encoding"": 5.1549203794958975, ""molecular_write"": 139.28192058532161, ""write_verification"": 12.604231583366218, ""buffer"": 1.0}","{""addressing"": 5.848119406990364, ""molecular_access"": 34.630999157771605, ""sensing"": 38.4544205161133, ""basecalling"": 21.21999638930096, ""decoding"": 11.947419248275859, ""error_correction"": 9.83715787800653, ""buffer"": 1.0}"
91,completed,completed,170.55128124300288,123.77288401405949,294.32416525706236,"{""addressing"": 6.180030162381456, ""encoding"": 6.620226204569079, ""molecular_write"": 136.26693370890285, ""write_verification"": 20.4840911671495, ""buffer"": 1.0}","{""addressing"": 4.662878442219908, ""molecular_access"": 40.325988334453314, ""sensing"": 39.863861612174844, ""basecalling"": 18.144439536493888, ""decoding"": 12.74424979874992, ""error_correction"": 7.031466289967629, ""buffer"": 1.0}"
92,completed,completed,221.36634116563127,128.18599134049887,349.55233250613014,"{""addressing"": 8.575523892143641, ""encoding"": 7.833585895375578, ""molecular_write"": 188.73310567863135, ""write_verification"": 15.224125699480714, ""buffer"": 1.0}","{""addressing"": 9.281426224694764, ""molecular_access"": 46.80004973197452, ""sensing"": 34.951705602863626, ""basecalling"": 17.090290165710268, ""decoding"": 10.213656406428193, ""error_correction"": 8.848863208827488, ""buffer"": 1.0}"
93,completed,completed,159.9432432047413,122.32805489529528,282.2712981000366,"{""addressing"": 8.839879729138762, ""encoding"": 5.437135683660218, ""molecular_write"": 132.32288449982755, ""write_verification"": 12.34334329211476, ""buffer"": 1.0}","{""addressing"": 5.279150252961355, ""molecular_access"": 45.511428667124186, ""sensing"": 33.61781327494262, ""basecalling"": 15.903304147489642, ""decoding"": 12.810681171774466, ""error_correction"": 8.205677381003026, ""buffer"": 1.0}"
94,completed,completed,146.19042111845638,108.83523223148578,255.02565334994216,"{""addressing"": 8.00526081120295, ""encoding"": 7.786355270401291, ""molecular_write"": 121.19078457371323, ""write_verification"": 8.208020463138915, ""buffer"": 1.0}","{""addressing"": 8.808425443687607, ""molecular_access"": 26.81313785319578, ""sensing"": 36.15021177126192, ""basecalling"": 13.963001048662743, ""decoding"": 14.473150985977082, ""error_correction"": 7.62730512870066, ""buffer"": 1.0}"
95,completed,completed,119.38612836778785,125.97620717330503,245.36233554109288,"{""addressing"": 8.270088511797569, ""encoding"": 6.911834441781171, ""molecular_write"": 87.1853703764584, ""write_verification"": 16.018835037750716, ""buffer"": 1.0}","{""addressing"": 5.577907979844882, ""molecular_access"": 45.01507066178921, ""sensing"": 35.29173035686158, ""basecalling"": 19.36283391591426, ""decoding"": 12.837377702732638, ""error_correction"": 6.891286556162472, ""buffer"": 1.0}"
96,completed,completed,117.1120473824688,123.80443699894323,240.91648438141203,"{""addressing"": 6.440418492758463, ""encoding"": 5.493565873030558, ""molecular_write"": 91.70723189314565, ""write_verification"": 12.470831123534133, ""buffer"": 1.0}","{""addressing"": 10.303009904541284, ""molecular_access"": 44.97108569321137, ""sensing"": 35.74315986214352, ""basecalling"": 13.398255274514723, ""decoding"": 8.39230802268401, ""error_correction"": 9.996618241848335, ""buffer"": 1.0}"
97,completed,completed,125.85222058188286,145.09447630759848,270.94669688948136,"{""addressing"": 7.894370743577082, ""encoding"": 6.931818937105694, ""molecular_write"": 94.22833384025698, ""write_verification"": 15.797697060943104, ""buffer"": 1.0}","{""addressing"": 9.644425561128156, ""molecular_access"": 60.21673358978573, ""sensing"": 31.63904002861084, ""basecalling"": 18.550341042257514, ""decoding"": 15.217782485667533, ""error_correction"": 8.826153600148691, ""buffer"": 1.0}"
98,completed,completed,113.3042414825272,168.20226019212603,281.50650167465324,"{""addressing"": 7.928904328539854, ""encoding"": 6.1929879917655875, ""molecular_write"": 85.71736383600297, ""write_verification"": 12.464985326218798, ""buffer"": 1.0}","{""addressing"": 6.4161971792365025, ""molecular_access"": 76.06147822899865, ""sensing"": 45.48259131002669, ""basecalling"": 17.808164963464012, ""decoding"": 14.787900533325873, ""error_correction"": 6.645927977074251, ""buffer"": 1.0}"
99,completed,completed,120.45750223407599,130.42986067629244,250.88736291036844,"{""addressing"": 6.906433626995396, ""encoding"": 4.602937775599095, ""molecular_write"": 92.3672008296634, ""write_verification"": 15.580930001818087, ""buffer"": 1.0}","{""addressing"": 8.650136124478703, ""molecular_access"": 60.67541286177902, ""sensing"": 24.01117746182404, ""basecalling"": 15.415866701616205, ""decoding"": 13.533945955357325, ""error_correction"": 7.143321571237157, ""buffer"": 1.0}"
100,completed,completed,121.14608112479152,115.85217915423391,236.99826027902543,"{""addressing"": 6.155083308277506, ""encoding"": 7.110501024785048, ""molecular_write"": 91.5621417136551, ""write_verification"": 15.318355078073882, ""buffer"": 1.0}","{""addressing"": 8.889739476820283, ""molecular_access"": 37.75954176391667, ""sensing"": 28.870260931068046, ""basecalling"": 17.672642639567545, ""decoding"": 11.891325500642866, ""error_correction"": 9.768668842218506, ""buffer"": 1.0}"
101,completed,completed,143.2556743358226,135.83445517070905,279.09012950653164,"{""addressing"": 7.796047378287162, ""encoding"": 6.90491272249251, ""molecular_write"": 108.65617418560134, ""write_verification"": 18.898540049441586, ""buffer"": 1.0}","{""addressing"": 9.244061103479403, ""molecular_access"": 52.97217272569838, ""sensing"": 31.275563626270202, ""basecalling"": 20.770507448842924, ""decoding"": 9.219054935268751, ""error_correction"": 11.353095331149412, ""buffer"": 1.0}"
102,completed,completed,127.92747948182542,110.30721726654009,238.2346967483655,"{""addressing"": 7.587828019711203, ""encoding"": 6.480624432319962, ""molecular_write"": 92.1378930136785, ""write_verification"": 20.72113401611576, ""buffer"": 1.0}","{""addressing"": 7.4110717548478044, ""molecular_access"": 36.543753664481514, ""sensing"": 35.149769174757395, ""basecalling"": 11.300067413433283, ""decoding"": 11.337059869587689, ""error_correction"": 7.565495389432408, ""buffer"": 1.0}"
103,completed,completed,191.57510074887327,140.36244940158772,331.937550150461,"{""addressing"": 9.316427569948345, ""encoding"": 4.5253706345702875, ""molecular_write"": 164.19739502849424, ""write_verification"": 12.53590751586039, ""buffer"": 1.0}","{""addressing"": 8.736434301832597, ""molecular_access"": 57.76104443555014, ""sensing"": 37.46142074328319, ""basecalling"": 14.770343870928043, ""decoding"": 12.19989881325858, ""error_correction"": 8.433307236735192, ""buffer"": 1.0}"
104,completed,completed,123.40652719005833,169.95510249625687,293.3616296863152,"{""addressing"": 11.675844515442362, ""encoding"": 6.853966272089386, ""molecular_write"": 87.06336663230898, ""write_verification"": 16.813349770217595, ""buffer"": 1.0}","{""addressing"": 13.14920065084558, ""molecular_access"": 77.26136839533008, ""sensing"": 39.56829680125897, ""basecalling"": 20.964175200780055, ""decoding"": 11.526980438935015, ""error_correction"": 6.485081009107168, ""buffer"": 1.0}"
105,completed,completed,174.8802308334538,152.07149177014824,326.95172260360204,"{""addressing"": 7.9003300638625475, ""encoding"": 7.450280072072864, ""molecular_write"": 141.35660972249292, ""write_verification"": 17.17301097502544, ""buffer"": 1.0}","{""addressing"": 6.618563856334626, ""molecular_access"": 54.649633993466054, ""sensing"": 43.45512903013909, ""basecalling"": 24.0299103167656, ""decoding"": 13.34338485067661, ""error_correction"": 8.974869722766254, ""buffer"": 1.0}"
106,completed,completed,139.8944247186279,133.78723872822533,273.68166344685324,"{""addressing"": 5.562973401460052, ""encoding"": 6.332652929293099, ""molecular_write"": 110.66663643295105, ""write_verification"": 16.332161954923713, ""buffer"": 1.0}","{""addressing"": 9.277653211057151, ""molecular_access"": 49.38783067679973, ""sensing"": 34.46897242301264, ""basecalling"": 21.85476429401747, ""decoding"": 10.821149611367167, ""error_correction"": 6.9768685119711495, ""buffer"": 1.0}"
107,completed,completed,200.3640203099335,141.42742771922718,341.7914480291607,"{""addressing"": 6.9007901213049925, ""encoding"": 6.312090478336034, ""molecular_write"": 170.6476823763841, ""write_verification"": 15.503457333908369, ""buffer"": 1.0}","{""addressing"": 7.643096675366096, ""molecular_access"": 63.868837812372966, ""sensing"": 34.83727886178754, ""basecalling"": 17.375510087672666, ""decoding"": 10.314796525580265, ""error_correction"": 6.387907756447657, ""buffer"": 1.0}"
108,completed,completed,132.6077067327505,134.60946752423757,267.2171742569881,"{""addressing"": 7.017460620961186, ""encoding"": 5.670236471232528, ""molecular_write"": 103.2872705218316, ""write_verification"": 15.632739118725175, ""buffer"": 1.0}","{""addressing"": 7.997282763960235, ""molecular_access"": 58.91408913606073, ""sensing"": 33.13664014272265, ""basecalling"": 11.314813908157689, ""decoding"": 14.417148168798795, ""error_correction"": 7.829493404537526, ""buffer"": 1.0}"
109,completed,completed,145.57079085518947,153.67166066428294,299.2424515194724,"{""addressing"": 5.510924608017174, ""encoding"": 6.5641647942726005, ""molecular_write"": 115.34798099533378, ""write_verification"": 17.14772045756591, ""buffer"": 1.0}","{""addressing"": 4.638211898533796, ""molecular_access"": 74.98148872165814, ""sensing"": 33.98507407182673, ""basecalling"": 18.870251027135822, ""decoding"": 10.01377045549686, ""error_correction"": 10.182864489631605, ""buffer"": 1.0}"
110,completed,completed,178.58369449333793,137.91947998942283,316.50317448276076,"{""addressing"": 9.15208736953825, ""encoding"": 6.247043721141107, ""molecular_write"": 147.07857307081161, ""write_verification"": 15.105990331846945, ""buffer"": 1.0}","{""addressing"": 5.566419400300435, ""molecular_access"": 61.474354966131884, ""sensing"": 34.25279942052107, ""basecalling"": 17.39507191349564, ""decoding"": 11.19289140215031, ""error_correction"": 7.037942886823483, ""buffer"": 1.0}"
111,completed,completed,110.91685640837062,141.49418134562276,252.41103775399338,"{""addressing"": 6.452315013596249, ""encoding"": 7.702210590387382, ""molecular_write"": 87.29991214505864, ""write_verification"": 8.462418659328355, ""buffer"": 1.0}","{""addressing"": 9.166384924386065, ""molecular_access"": 66.08186616411817, ""sensing"": 24.313358921030122, ""basecalling"": 17.89737298627427, ""decoding"": 12.77641550518055, ""error_correction"": 10.258782844633593, ""buffer"": 1.0}"
112,completed,completed,144.36799813079122,139.30363592890544,283.67163405969666,"{""addressing"": 7.792993039910487, ""encoding"": 4.628259447894288, ""molecular_write"": 111.42131298796787, ""write_verification"": 19.52543265501857, ""buffer"": 1.0}","{""addressing"": 4.751154138062509, ""molecular_access"": 64.98283751197889, ""sensing"": 37.79529341445674, ""basecalling"": 11.610207117366517, ""decoding"": 11.805543382643322, ""error_correction"": 7.358600364397474, ""buffer"": 1.0}"
113,completed,completed,101.42647315020352,141.86590108946757,243.2923742396711,"{""addressing"": 6.707856570678041, ""encoding"": 5.724283216951847, ""molecular_write"": 75.77083754119741, ""write_verification"": 12.223495821376215, ""buffer"": 1.0}","{""addressing"": 7.276513724463995, ""molecular_access"": 48.25550925267975, ""sensing"": 42.97912090794689, ""basecalling"": 21.177525766750698, ""decoding"": 13.921520284665803, ""error_correction"": 7.255711152960439, ""buffer"": 1.0}"
114,completed,completed,126.44327342591812,153.9167722393617,280.3600456652798,"{""addressing"": 6.507293675689707, ""encoding"": 5.025467011907056, ""molecular_write"": 100.59105892322104, ""write_verification"": 13.319453815100317, ""buffer"": 1.0}","{""addressing"": 9.663958642535501, ""molecular_access"": 65.26866510499273, ""sensing"": 40.473887792165165, ""basecalling"": 16.993908047898454, ""decoding"": 14.456585230592479, ""error_correction"": 6.059767421177341, ""buffer"": 1.0}"
115,completed,completed,153.27757763798166,128.54739008103564,281.8249677190173,"{""addressing"": 7.06568697843316, ""encoding"": 5.110562341317742, ""molecular_write"": 121.26531211117275, ""write_verification"": 18.836016207058016, ""buffer"": 1.0}","{""addressing"": 10.067535512651672, ""molecular_access"": 47.91620336826074, ""sensing"": 31.52112125239496, ""basecalling"": 21.666054025964343, ""decoding"": 10.911283141118025, ""error_correction"": 5.465192780645939, ""buffer"": 1.0}"
116,completed,completed,174.10063509557872,131.6151199336292,305.7157550292079,"{""addressing"": 7.9347180251246225, ""encoding"": 7.090684241338122, ""molecular_write"": 144.55674524730037, ""write_verification"": 13.518487581815595, ""buffer"": 1.0}","{""addressing"": 9.024647794388933, ""molecular_access"": 52.24088030374157, ""sensing"": 31.199197291252784, ""basecalling"": 17.23262904529041, ""decoding"": 13.645068687118487, ""error_correction"": 7.272696811836972, ""buffer"": 1.0}"
117,completed,completed,95.3286359416953,116.96992474657162,212.29856068826692,"{""addressing"": 10.020668826413532, ""encoding"": 5.320041964765189, ""molecular_write"": 59.000828125807764, ""write_verification"": 19.987097024708813, ""buffer"": 1.0}","{""addressing"": 6.8343753427916525, ""molecular_access"": 38.446467520583646, ""sensing"": 37.25206199952967, ""basecalling"": 13.543173343878234, ""decoding"": 10.956007543749292, ""error_correction"": 8.93783899603912, ""buffer"": 1.0}"
118,completed,completed,164.08849526401409,109.6253748450927,273.7138701091068,"{""addressing"": 11.198294836220455, ""encoding"": 5.40284832988699, ""molecular_write"": 132.34040887994212, ""write_verification"": 14.146943217964512, ""buffer"": 1.0}","{""addressing"": 6.126909209431753, ""molecular_access"": 39.452498466068, ""sensing"": 30.400294528411358, ""basecalling"": 13.406574492481255, ""decoding"": 10.11927162162531, ""error_correction"": 9.119826527075011, ""buffer"": 1.0}"
119,completed,completed,198.24702812492757,119.8821601064194,318.129188231347,"{""addressing"": 8.413872219656708, ""encoding"": 6.29397972979748, ""molecular_write"": 171.64712880221455, ""write_verification"": 10.892047373258826, ""buffer"": 1.0}","{""addressing"": 9.241277728873527, ""molecular_access"": 41.36047136919072, ""sensing"": 32.15824149944444, ""basecalling"": 17.688107618709946, ""decoding"": 12.020431418078642, ""error_correction"": 6.413630472122109, ""buffer"": 1.0}"
120,completed,completed,174.04095663344464,145.4825642262631,319.52352085970773,"{""addressing"": 8.71252428948192, ""encoding"": 6.776746531817439, ""molecular_write"": 143.5823244038074, ""write_verification"": 13.969361408337884, ""buffer"": 1.0}","{""addressing"": 8.936878708851486, ""molecular_access"": 56.33027625185326, ""sensing"": 41.14411927918167, ""basecalling"": 14.118285946337494, ""decoding"": 13.493617322452389, ""error_correction"": 10.459386717586789, ""buffer"": 1.0}"
121,completed,completed,148.4152483429103,144.50134343208637,292.9165917749967,"{""addressing"": 7.263268823576984, ""encoding"": 6.407562856747488, ""molecular_write"": 121.35743310170443, ""write_verification"": 12.386983560881399, ""buffer"": 1.0}","{""addressing"": 6.905080662084909, ""molecular_access"": 57.277246341874786, ""sensing"": 36.885895133697126, ""basecalling"": 20.289017758601016, ""decoding"": 13.234197446927482, ""error_correction"": 8.909906088901078, ""buffer"": 1.0}"
122,completed,completed,145.15162212106418,119.81502709355703,264.9666492146212,"{""addressing"": 6.024605043442272, ""encoding"": 6.284300194252226, ""molecular_write"": 116.75074481929703, ""write_verification"": 15.091972064072635, ""buffer"": 1.0}","{""addressing"": 5.358731543569819, ""molecular_access"": 44.854971297239466, ""sensing"": 35.69048778784265, ""basecalling"": 16.88669376982016, ""decoding"": 8.496441700270939, ""error_correction"": 7.527700994814009, ""buffer"": 1.0}"
123,completed,completed,195.76032510044004,135.4482531050543,331.20857820549435,"{""addressing"": 9.90800370861941, ""encoding"": 8.380878605344858, ""molecular_write"": 165.52672424856647, ""write_verification"": 10.944718537909319, ""buffer"": 1.0}","{""addressing"": 8.150751698000462, ""molecular_access"": 45.28421529324351, ""sensing"": 37.86214363946699, ""basecalling"": 22.507288515529524, ""decoding"": 11.972341568668277, ""error_correction"": 8.671512390145544, ""buffer"": 1.0}"
124,completed,completed,80.48947580227829,120.99198930469223,201.48146510697052,"{""addressing"": 9.191502960339541, ""encoding"": 6.46711324503532, ""molecular_write"": 49.329902464571695, ""write_verification"": 14.500957132331727, ""buffer"": 1.0}","{""addressing"": 9.35767082462376, ""molecular_access"": 41.881530842767944, ""sensing"": 33.334240228113366, ""basecalling"": 16.093759259820875, ""decoding"": 14.042631915899795, ""error_correction"": 5.282156233466512, ""buffer"": 1.0}"
125,completed,completed,157.7014723364702,116.96085791292995,274.66233024940016,"{""addressing"": 9.236434921368701, ""encoding"": 7.854069325167367, ""molecular_write"": 125.26139948356057, ""write_verification"": 14.349568606373575, ""buffer"": 1.0}","{""addressing"": 8.286236857067466, ""molecular_access"": 35.25069879226034, ""sensing"": 35.92793599618523, ""basecalling"": 16.12433370511105, ""decoding"": 11.799037449172124, ""error_correction"": 8.572615113133754, ""buffer"": 1.0}"
126,completed,completed,100.32994652986365,153.36637111072014,253.6963176405838,"{""addressing"": 8.051870246769289, ""encoding"": 5.962979108924896, ""molecular_write"": 66.94339574532721, ""write_verification"": 18.371701428842258, ""buffer"": 1.0}","{""addressing"": 9.594969741528217, ""molecular_access"": 65.62567512392278, ""sensing"": 40.450778737284544, ""basecalling"": 17.455213991658386, ""decoding"": 12.726640680187954, ""error_correction"": 6.51309283613827, ""buffer"": 1.0}"
127,completed,completed,150.14934327221303,121.62554119684646,271.7748844690595,"{""addressing"": 8.837854172049218, ""encoding"": 4.941011469578119, ""molecular_write"": 120.84234610288138, ""write_verification"": 14.528131527704318, ""buffer"": 1.0}","{""addressing"": 7.2381016273634655, ""molecular_access"": 52.62514185465861, ""sensing"": 27.601159855907756, ""basecalling"": 15.108316331788824, ""decoding"": 11.741949655489487, ""error_correction"": 6.310871871638292, ""buffer"": 1.0}"
128,completed,completed,152.36673496971665,127.76798670561149,280.13472167532814,"{""addressing"": 8.66673952220522, ""encoding"": 4.969552072311521, ""molecular_write"": 124.88839769639448, ""write_verification"": 12.842045678805423, ""buffer"": 1.0}","{""addressing"": 8.322205643942487, ""molecular_access"": 36.60415991062665, ""sensing"": 37.42347491241791, ""basecalling"": 23.3455268660569, ""decoding"": 13.90773659737575, ""error_correction"": 7.164882775191827, ""buffer"": 1.0}"
129,completed,completed,118.0466877370876,153.31439543182148,271.3610831689091,"{""addressing"": 9.514495507414134, ""encoding"": 5.890783758891021, ""molecular_write"": 96.34695686630022, ""write_verification"": 5.294451604482218, ""buffer"": 1.0}","{""addressing"": 5.4422653403946715, ""molecular_access"": 64.83219373262551, ""sensing"": 41.646394832044926, ""basecalling"": 19.368630554689645, ""decoding"": 14.681552359784515, ""error_correction"": 6.343358612282197, ""buffer"": 1.0}"
130,completed,completed,145.94849180194188,113.9873021687942,259.9357939707361,"{""addressing"": 8.222599499281099, ""encoding"": 5.200157731265902, ""molecular_write"": 109.89862227883242, ""write_verification"": 21.627112292562465, ""buffer"": 1.0}","{""addressing"": 7.883480001736732, ""molecular_access"": 41.70988201864273, ""sensing"": 29.188040998350676, ""basecalling"": 16.91466463948847, ""decoding"": 8.5585660021771, ""error_correction"": 8.73266850839848, ""buffer"": 1.0}"
131,completed,completed,185.60844345153316,131.9594679810802,317.56791143261336,"{""addressing"": 6.206175774645664, ""encoding"": 5.636779079717215, ""molecular_write"": 158.00504733727902, ""write_verification"": 14.76044125989124, ""buffer"": 1.0}","{""addressing"": 10.290797850208277, ""molecular_access"": 45.26462028223867, ""sensing"": 36.801119005431474, ""basecalling"": 18.715361917151835, ""decoding"": 10.472148077184706, ""error_correction"": 9.415420848865242, ""buffer"": 1.0}"
132,completed,completed,96.40805111358856,144.81485333461873,241.2229044482073,"{""addressing"": 9.216458502303098, ""encoding"": 5.713032371503126, ""molecular_write"": 70.54688650508974, ""write_verification"": 9.931673734692588, ""buffer"": 1.0}","{""addressing"": 4.933262373316721, ""molecular_access"": 70.42610793480189, ""sensing"": 30.18285086905654, ""basecalling"": 18.99967663587617, ""decoding"": 11.547509660259443, ""error_correction"": 7.725445861307969, ""buffer"": 1.0}"
133,completed,completed,86.73988107439034,143.64800411703771,230.38788519142804,"{""addressing"": 9.021396626249526, ""encoding"": 8.318954088053333, ""molecular_write"": 57.099163688446694, ""write_verification"": 11.300366671640788, ""buffer"": 1.0}","{""addressing"": 8.709022045314802, ""molecular_access"": 56.65169037259578, ""sensing"": 35.929719007713445, ""basecalling"": 22.117404793823017, ""decoding"": 10.30048881544729, ""error_correction"": 8.939679082143355, ""buffer"": 1.0}"
134,completed,completed,111.26608463256662,135.20697090962275,246.47305554218937,"{""addressing"": 7.521221934548518, ""encoding"": 6.4680151577350475, ""molecular_write"": 83.49423449623956, ""write_verification"": 12.782613044043497, ""buffer"": 1.0}","{""addressing"": 10.45315654761059, ""molecular_access"": 60.85049083988532, ""sensing"": 32.40333309531813, ""basecalling"": 13.04599586848131, ""decoding"": 13.890974564489717, ""error_correction"": 3.563019993837675, ""buffer"": 1.0}"
135,completed,completed,165.08311083155024,123.2007410460775,288.28385187762774,"{""addressing"": 8.06163718351034, ""encoding"": 5.988347801077058, ""molecular_write"": 139.32310480171893, ""write_verification"": 10.710021045243916, ""buffer"": 1.0}","{""addressing"": 7.596034522767091, ""molecular_access"": 33.084921077331074, ""sensing"": 40.22589274628427, ""basecalling"": 18.954876621192977, ""decoding"": 14.145006463329697, ""error_correction"": 8.194009615172353, ""buffer"": 1.0}"
136,completed,completed,110.14112238583958,127.25054603528004,237.39166842111962,"{""addressing"": 8.386865154565381, ""encoding"": 4.859309462350879, ""molecular_write"": 83.78083898670162, ""write_verification"": 12.114108782221688, ""buffer"": 1.0}","{""addressing"": 10.518427060385667, ""molecular_access"": 32.11797162016212, ""sensing"": 46.875410387792314, ""basecalling"": 14.980821874120217, ""decoding"": 14.708930185085107, ""error_correction"": 7.048984907734628, ""buffer"": 1.0}"
137,completed,completed,125.69143784611404,153.43521479213402,279.12665263824806,"{""addressing"": 7.446002941910087, ""encoding"": 5.53172294799137, ""molecular_write"": 95.70468542729215, ""write_verification"": 16.009026528920426, ""buffer"": 1.0}","{""addressing"": 3.482969323180635, ""molecular_access"": 75.57273039182958, ""sensing"": 34.92668759210316, ""basecalling"": 20.335688373970513, ""decoding"": 11.577427660001584, ""error_correction"": 6.539711451048534, ""buffer"": 1.0}"
138,completed,completed,209.38055843676636,149.47516120594622,358.8557196427126,"{""addressing"": 11.314727393327738, ""encoding"": 6.195285363911891, ""molecular_write"": 179.6084301428635, ""write_verification"": 11.262115536663233, ""buffer"": 1.0}","{""addressing"": 7.322579159140932, ""molecular_access"": 62.80903498439191, ""sensing"": 37.325254830938476, ""basecalling"": 21.0058074323285, ""decoding"": 11.501863806774475, ""error_correction"": 8.510620992371908, ""buffer"": 1.0}"
139,completed,completed,147.5653373626169,132.79416852656107,280.35950588917797,"{""addressing"": 6.079248415097938, ""encoding"": 4.421994693535979, ""molecular_write"": 127.4672291478885, ""write_verification"": 8.596865106094478, ""buffer"": 1.0}","{""addressing"": 7.420379572538391, ""molecular_access"": 55.34331634766056, ""sensing"": 26.568218643524027, ""basecalling"": 18.272868801372553, ""decoding"": 11.641453116693336, ""error_correction"": 12.547932044772153, ""buffer"": 1.0}"
140,completed,completed,153.83219348707593,130.79195135293003,284.62414484000595,"{""addressing"": 6.949212848981775, ""encoding"": 7.878043968328106, ""molecular_write"": 124.20977583559345, ""write_verification"": 13.795160834172606, ""buffer"": 1.0}","{""addressing"": 8.288264501522365, ""molecular_access"": 46.03652122659841, ""sensing"": 39.16460427283828, ""basecalling"": 11.190050970230999, ""decoding"": 14.581911521381864, ""error_correction"": 10.530598860358099, ""buffer"": 1.0}"
141,completed,completed,140.53164128135506,131.24713203910466,271.7787733204597,"{""addressing"": 9.173692252095217, ""encoding"": 5.02163046237307, ""molecular_write"": 110.23849786003606, ""write_verification"": 15.097820706850717, ""buffer"": 1.0}","{""addressing"": 8.948196381851318, ""molecular_access"": 49.85427944646784, ""sensing"": 32.09013974770475, ""basecalling"": 15.3530686183784, ""decoding"": 14.270146632394399, ""error_correction"": 9.73130121230796, ""buffer"": 1.0}"
142,completed,completed,155.07946319669415,138.803032077795,293.88249527448914,"{""addressing"": 6.949652444875911, ""encoding"": 5.392844736515676, ""molecular_write"": 122.79898969330628, ""write_verification"": 18.937976321996285, ""buffer"": 1.0}","{""addressing"": 5.179476780770418, ""molecular_access"": 59.92469836900154, ""sensing"": 39.54833228867643, ""basecalling"": 14.94787421879089, ""decoding"": 12.210682083130473, ""error_correction"": 5.991968337425259, ""buffer"": 1.0}"
143,completed,completed,124.2218445581736,151.49990795636847,275.72175251454206,"{""addressing"": 7.974301230195894, ""encoding"": 4.6229350067941635, ""molecular_write"": 90.76730667531906, ""write_verification"": 19.85730164586448, ""buffer"": 1.0}","{""addressing"": 7.084145927010923, ""molecular_access"": 68.31392669929215, ""sensing"": 38.26333588022141, ""basecalling"": 16.947198857642544, ""decoding"": 10.42523375569415, ""error_correction"": 9.4660668365073, ""buffer"": 1.0}"
144,completed,completed,177.56474672370754,108.11039970608928,285.6751464297968,"{""addressing"": 6.753741695839817, ""encoding"": 5.984527066967225, ""molecular_write"": 152.52239680231773, ""write_verification"": 11.304081158582772, ""buffer"": 1.0}","{""addressing"": 8.157140387546796, ""molecular_access"": 33.495912589722884, ""sensing"": 32.24071670026151, ""basecalling"": 17.62213099536053, ""decoding"": 7.861147301179517, ""error_correction"": 7.733351732018069, ""buffer"": 1.0}"
145,completed,completed,115.4020661012216,114.7381688795663,230.1402349807879,"{""addressing"": 8.147047025484385, ""encoding"": 6.529459756474879, ""molecular_write"": 86.72240839026871, ""write_verification"": 13.003150928993628, ""buffer"": 1.0}","{""addressing"": 8.570514989442229, ""molecular_access"": 30.79797372248001, ""sensing"": 41.451240210999266, ""basecalling"": 17.202608128470875, ""decoding"": 6.8135760330800075, ""error_correction"": 8.90225579509391, ""buffer"": 1.0}"
146,completed,completed,103.8764179249807,151.48161926739564,255.35803719237634,"{""addressing"": 5.897487455100703, ""encoding"": 4.846533042266146, ""molecular_write"": 76.32568785605159, ""write_verification"": 15.806709571562267, ""buffer"": 1.0}","{""addressing"": 6.5735657789806865, ""molecular_access"": 69.03770922532973, ""sensing"": 34.71800220866594, ""basecalling"": 20.628915127918784, ""decoding"": 9.489914325273386, ""error_correction"": 10.033512601227109, ""buffer"": 1.0}"
147,completed,completed,130.22422307087132,127.73461729679397,257.9588403676653,"{""addressing"": 10.077914511790357, ""encoding"": 4.915969545787592, ""molecular_write"": 100.18766033713487, ""write_verification"": 14.042678676158504, ""buffer"": 1.0}","{""addressing"": 8.97481773115366, ""molecular_access"": 44.91960416721887, ""sensing"": 31.479106889946383, ""basecalling"": 19.154284555413717, ""decoding"": 12.960113189547236, ""error_correction"": 9.246690763514138, ""buffer"": 1.0}"
148,completed,completed,124.96505791608755,113.92891919042611,238.89397710651366,"{""addressing"": 8.390074582688708, ""encoding"": 7.21797875394471, ""molecular_write"": 93.83726917249167, ""write_verification"": 14.51973540696245, ""buffer"": 1.0}","{""addressing"": 6.5864316521067146, ""molecular_access"": 36.6046145181166, ""sensing"": 34.94202417401506, ""basecalling"": 14.087293858192162, ""decoding"": 11.881595350746812, ""error_correction"": 8.826959637248748, ""buffer"": 1.0}"
149,completed,completed,170.73248339689303,149.18361541399895,319.916098810892,"{""addressing"": 9.937080138295904, ""encoding"": 6.077744665384914, ""molecular_write"": 131.78659762449058, ""write_verification"": 21.931060968721614, ""buffer"": 1.0}","{""addressing"": 6.268001791689525, ""molecular_access"": 73.16755251951324, ""sensing"": 35.29285555091775, ""basecalling"": 18.529001550628983, ""decoding"": 8.760154798392968, ""error_correction"": 6.1660492028565255, ""buffer"": 1.0}"
150,completed,completed,183.63257866554065,143.5136582793949,327.14623694493554,"{""addressing"": 7.737576144922652, ""encoding"": 5.532688336839573, ""molecular_write"": 150.5637632852107, ""write_verification"": 18.798550898567704, ""buffer"": 1.0}","{""addressing"": 8.641779767696326, ""molecular_access"": 61.75753263962419, ""sensing"": 34.60442798117867, ""basecalling"": 19.258385180180234, ""decoding"": 8.328004774695852, ""error_correction"": 9.923527936019644, ""buffer"": 1.0}"
151,completed,completed,160.07583226345994,146.92654543362434,307.0023776970843,"{""addressing"": 9.895442392088423, ""encoding"": 5.252715935123526, ""molecular_write"": 127.6596397823479, ""write_verification"": 16.26803415390009, ""buffer"": 1.0}","{""addressing"": 10.631275113365016, ""molecular_access"": 56.23510153239549, ""sensing"": 40.5474475475139, ""basecalling"": 18.850695079382803, ""decoding"": 11.54092668294196, ""error_correction"": 8.121099478025133, ""buffer"": 1.0}"
152,completed,completed,287.237612849018,119.80121120973348,407.03882405875146,"{""addressing"": 9.19482347424181, ""encoding"": 5.984007660848873, ""molecular_write"": 251.5761202119125, ""write_verification"": 19.482661502014814, ""buffer"": 1.0}","{""addressing"": 8.28173236808566, ""molecular_access"": 41.66518395120093, ""sensing"": 33.30483724174883, ""basecalling"": 16.440133027591344, ""decoding"": 10.660754952267245, ""error_correction"": 8.448569668839468, ""buffer"": 1.0}"
153,completed,completed,211.51218268850477,150.69228787679197,362.20447056529673,"{""addressing"": 7.359064660954816, ""encoding"": 6.373447899873806, ""molecular_write"": 180.18256381482144, ""write_verification"": 16.597106312854734, ""buffer"": 1.0}","{""addressing"": 7.411174892540538, ""molecular_access"": 60.24721300848936, ""sensing"": 43.71640995960938, ""basecalling"": 17.464747902011784, ""decoding"": 13.406309376964455, ""error_correction"": 7.446432737176443, ""buffer"": 1.0}"
154,completed,completed,131.22926138044306,138.79849475109268,270.02775613153574,"{""addressing"": 9.393052170527769, ""encoding"": 5.091875858873397, ""molecular_write"": 103.26345772282716, ""write_verification"": 12.480875628214756, ""buffer"": 1.0}","{""addressing"": 7.4540929461607135, ""molecular_access"": 56.22972054056019, ""sensing"": 29.324884044425637, ""basecalling"": 22.773067752365023, ""decoding"": 12.735576444644087, ""error_correction"": 9.281153022937058, ""buffer"": 1.0}"
155,completed,completed,99.36648736273307,142.3366094201405,241.70309678287356,"{""addressing"": 6.079249059488145, ""encoding"": 6.2069534278465355, ""molecular_write"": 72.0003525067601, ""write_verification"": 14.079932368638303, ""buffer"": 1.0}","{""addressing"": 6.754353009858189, ""molecular_access"": 53.34274563555644, ""sensing"": 42.86043832032681, ""basecalling"": 20.580541449550125, ""decoding"": 10.843714288980214, ""error_correction"": 6.954816715868698, ""buffer"": 1.0}"
156,completed,completed,163.77860860524737,119.69208499679718,283.47069360204455,"{""addressing"": 7.30113569931597, ""encoding"": 6.476654895050643, ""molecular_write"": 131.51609975237747, ""write_verification"": 17.48471825850328, ""buffer"": 1.0}","{""addressing"": 8.808686926491653, ""molecular_access"": 39.360163616527764, ""sensing"": 31.982111880482208, ""basecalling"": 16.84196851757674, ""decoding"": 11.51462376614385, ""error_correction"": 10.184530289574969, ""buffer"": 1.0}"
157,completed,completed,237.2959848030493,120.72801316864229,358.0239979716916,"{""addressing"": 8.833233277504212, ""encoding"": 6.07323695888118, ""molecular_write"": 207.23044604272772, ""write_verification"": 14.15906852393619, ""buffer"": 1.0}","{""addressing"": 7.595180154479663, ""molecular_access"": 42.818575334199444, ""sensing"": 32.258439876962036, ""basecalling"": 17.836620150603284, ""decoding"": 11.510870968883104, ""error_correction"": 7.708326683514752, ""buffer"": 1.0}"
158,completed,completed,164.52780490929143,180.76133835187517,345.2891432611666,"{""addressing"": 9.240255026167294, ""encoding"": 6.545599352362179, ""molecular_write"": 132.89568004029243, ""write_verification"": 14.846270490469525, ""buffer"": 1.0}","{""addressing"": 7.848338791029578, ""molecular_access"": 91.41976201944523, ""sensing"": 42.137862157013274, ""basecalling"": 18.534426729315275, ""decoding"": 14.090298427328563, ""error_correction"": 5.730650227743224, ""buffer"": 1.0}"
159,completed,completed,105.47838779507488,134.01357139250865,239.49195918758352,"{""addressing"": 9.224630773024186, ""encoding"": 4.690031799373919, ""molecular_write"": 79.97357661518315, ""write_verification"": 10.590148607493628, ""buffer"": 1.0}","{""addressing"": 6.168338143786791, ""molecular_access"": 48.82111587101049, ""sensing"": 38.10600038093901, ""basecalling"": 17.42420973587429, ""decoding"": 14.788387718349583, ""error_correction"": 7.705519542548492, ""buffer"": 1.0}"
160,completed,completed,196.32539293313258,118.60115058724725,314.9265435203798,"{""addressing"": 7.68527094803232, ""encoding"": 6.406101267192097, ""molecular_write"": 170.09478847656607, ""write_verification"": 11.139232241342093, ""buffer"": 1.0}","{""addressing"": 9.058138871262399, ""molecular_access"": 32.151939027817356, ""sensing"": 40.57213257154961, ""basecalling"": 12.770311640337638, ""decoding"": 12.542337489048364, ""error_correction"": 10.506290987231893, ""buffer"": 1.0}"
161,completed,completed,275.81113654515,140.4673906906287,416.2785272357787,"{""addressing"": 9.89569365903514, ""encoding"": 6.513639299329211, ""molecular_write"": 243.26278875892697, ""write_verification"": 15.139014827858698, ""buffer"": 1.0}","{""addressing"": 8.881174617159493, ""molecular_access"": 59.733573432494005, ""sensing"": 33.612977443250614, ""basecalling"": 17.787366084006013, ""decoding"": 9.367211824259773, ""error_correction"": 10.085087289458817, ""buffer"": 1.0}"
162,completed,completed,179.3029645767693,148.40149209004997,327.7044566668193,"{""addressing"": 8.221782014904765, ""encoding"": 4.562183739169363, ""molecular_write"": 157.70443524215025, ""write_verification"": 7.814563580544924, ""buffer"": 1.0}","{""addressing"": 9.677984735817788, ""molecular_access"": 64.88324335815328, ""sensing"": 32.5640283132023, ""basecalling"": 17.69322733554976, ""decoding"": 13.474367838896342, ""error_correction"": 9.10864050843048, ""buffer"": 1.0}"
163,completed,completed,129.4555715488918,113.668291475756,243.12386302464782,"{""addressing"": 9.317535368382707, ""encoding"": 6.256430191734318, ""molecular_write"": 98.03338034570402, ""write_verification"": 14.848225643070778, ""buffer"": 1.0}","{""addressing"": 6.455357277496967, ""molecular_access"": 43.72037681855822, ""sensing"": 27.219767990494226, ""basecalling"": 14.518120252450078, ""decoding"": 12.368077634232055, ""error_correction"": 8.386591502524473, ""buffer"": 1.0}"
164,completed,completed,164.15692799233423,138.83887328128387,302.9958012736181,"{""addressing"": 9.438136853998852, ""encoding"": 8.544351310485963, ""molecular_write"": 136.45916572566372, ""write_verification"": 8.715274102185699, ""buffer"": 1.0}","{""addressing"": 5.9294624919274135, ""molecular_access"": 60.112461832838505, ""sensing"": 31.6971204471097, ""basecalling"": 16.382212132448227, ""decoding"": 14.823860230230345, ""error_correction"": 8.893756146729688, ""buffer"": 1.0}"
165,completed,completed,173.82533100358523,136.73874400585424,310.5640750094395,"{""addressing"": 6.9309041178076995, ""encoding"": 6.466356428441919, ""molecular_write"": 151.12365151056713, ""write_verification"": 8.304418946768479, ""buffer"": 1.0}","{""addressing"": 9.784681784128239, ""molecular_access"": 60.3205852103695, ""sensing"": 32.80510122809249, ""basecalling"": 14.060075039286192, ""decoding"": 12.001195271019839, ""error_correction"": 6.76710547295801, ""buffer"": 1.0}"
166,completed,completed,185.953326693774,131.93465650903988,317.88798320281387,"{""addressing"": 6.233112372743022, ""encoding"": 5.796974885681894, ""molecular_write"": 157.0876267359919, ""write_verification"": 15.83561269935718, ""buffer"": 1.0}","{""addressing"": 8.298321419465852, ""molecular_access"": 57.578997057292064, ""sensing"": 28.8053384392708, ""basecalling"": 16.813491598888223, ""decoding"": 14.391756325173027, ""error_correction"": 5.0467516689499075, ""buffer"": 1.0}"
167,completed,completed,238.5650869497872,136.87453653429975,375.43962348408695,"{""addressing"": 7.888529294594456, ""encoding"": 5.198773861206842, ""molecular_write"": 206.40712132419984, ""write_verification"": 18.070662469786075, ""buffer"": 1.0}","{""addressing"": 10.118505413132468, ""molecular_access"": 51.04183948895414, ""sensing"": 32.792295497334194, ""basecalling"": 18.31775225138805, ""decoding"": 15.427517872253874, ""error_correction"": 8.176626011237053, ""buffer"": 1.0}"
168,completed,completed,225.61599308340413,114.87664170839429,340.4926347917984,"{""addressing"": 6.786961469399275, ""encoding"": 5.095212805546908, ""molecular_write"": 195.69691744052275, ""write_verification"": 17.036901367935194, ""buffer"": 1.0}","{""addressing"": 8.457416453718064, ""molecular_access"": 34.75864992465838, ""sensing"": 28.823567663425344, ""basecalling"": 17.205797470010953, ""decoding"": 13.96940570043396, ""error_correction"": 10.661804496147631, ""buffer"": 1.0}"
169,completed,completed,230.20111225305408,123.53523924901737,353.73635150207144,"{""addressing"": 6.34504570245166, ""encoding"": 5.303056883447386, ""molecular_write"": 197.59194067478495, ""write_verification"": 19.961068992370098, ""buffer"": 1.0}","{""addressing"": 8.188112020224592, ""molecular_access"": 37.26887441560181, ""sensing"": 32.80950637258934, ""basecalling"": 20.753187583330618, ""decoding"": 13.96108629150664, ""error_correction"": 9.554472565764382, ""buffer"": 1.0}"
170,completed,completed,148.13400400080508,149.3511284865802,297.4851324873853,"{""addressing"": 8.684141326965175, ""encoding"": 5.5810959197907595, ""molecular_write"": 115.30883194074886, ""write_verification"": 17.559934813300284, ""buffer"": 1.0}","{""addressing"": 11.294755078837625, ""molecular_access"": 56.72261240591993, ""sensing"": 40.50473477712134, ""basecalling"": 20.949505791686267, ""decoding"": 10.228673481273056, ""error_correction"": 8.650846951741975, ""buffer"": 1.0}"
171,completed,completed,124.45377045263612,131.69253150095025,256.1463019535864,"{""addressing"": 9.25280566240805, ""encoding"": 5.359063881027435, ""molecular_write"": 94.67582467599556, ""write_verification"": 14.166076233205068, ""buffer"": 1.0}","{""addressing"": 9.073458515804475, ""molecular_access"": 44.56152081144548, ""sensing"": 34.26180826907399, ""basecalling"": 20.878203573806918, ""decoding"": 14.159548464015272, ""error_correction"": 7.7579918668041286, ""buffer"": 1.0}"
172,completed,completed,135.1216400806155,134.2601154368975,269.381755517513,"{""addressing"": 5.839788320344663, ""encoding"": 5.641478456254547, ""molecular_write"": 105.03391598431632, ""write_verification"": 17.606457319699956, ""buffer"": 1.0}","{""addressing"": 9.608394357427525, ""molecular_access"": 40.70351774955395, ""sensing"": 42.205971136774465, ""basecalling"": 18.579262450460252, ""decoding"": 13.363215893543435, ""error_correction"": 8.799753849137868, ""buffer"": 1.0}"
173,completed,completed,192.59252174214717,119.48691108662038,312.07943282876755,"{""addressing"": 7.904710838255731, ""encoding"": 7.9093641048884145, ""molecular_write"": 156.5971015509813, ""write_verification"": 19.181345248021728, ""buffer"": 1.0}","{""addressing"": 9.065413796605643, ""molecular_access"": 39.649747094931406, ""sensing"": 28.1256704326725, ""basecalling"": 20.874014052676063, ""decoding"": 13.399324089621418, ""error_correction"": 7.372741620113355, ""buffer"": 1.0}"
174,completed,completed,142.477088667281,159.74560463305698,302.222693300338,"{""addressing"": 7.192582864277366, ""encoding"": 5.188468522844649, ""molecular_write"": 109.3336328605288, ""write_verification"": 19.76240441963021, ""buffer"": 1.0}","{""addressing"": 8.570429264867839, ""molecular_access"": 77.52259037155844, ""sensing"": 37.94682856167784, ""basecalling"": 14.80022869860818, ""decoding"": 8.521321022064125, ""error_correction"": 11.384206714280577, ""buffer"": 1.0}"
175,completed,completed,121.83892843639315,133.96640422539565,255.80533266178878,"{""addressing"": 7.495116244002416, ""encoding"": 6.596970173040184, ""molecular_write"": 92.54917661765396, ""write_verification"": 14.197665401696595, ""buffer"": 1.0}","{""addressing"": 8.429914077212608, ""molecular_access"": 55.13964153749211, ""sensing"": 33.295502163607495, ""basecalling"": 19.048670883667395, ""decoding"": 7.496716206954808, ""error_correction"": 9.555959356461237, ""buffer"": 1.0}"
176,completed,completed,196.38191420440063,122.2013010095132,318.58321521391383,"{""addressing"": 8.147134474130093, ""encoding"": 7.4575983011484706, ""molecular_write"": 173.4659362784849, ""write_verification"": 6.311245150637168, ""buffer"": 1.0}","{""addressing"": 7.3012859524309155, ""molecular_access"": 30.99678707290541, ""sensing"": 44.97692175658123, ""basecalling"": 19.900712088468786, ""decoding"": 11.670800236634523, ""error_correction"": 6.35479390249234, ""buffer"": 1.0}"
177,completed,completed,161.3199466232259,115.77597715159195,277.09592377481783,"{""addressing"": 5.379710946581741, ""encoding"": 6.031414780071193, ""molecular_write"": 135.3924205127877, ""write_verification"": 13.51640038378526, ""buffer"": 1.0}","{""addressing"": 6.684814356742844, ""molecular_access"": 37.01474695897195, ""sensing"": 35.54145333082977, ""basecalling"": 15.23147073772751, ""decoding"": 11.367049930331357, ""error_correction"": 8.936441836988495, ""buffer"": 1.0}"
178,completed,completed,123.28780308017262,117.18568542741026,240.47348850758289,"{""addressing"": 11.34797000732487, ""encoding"": 6.224488797202949, ""molecular_write"": 89.05421778253293, ""write_verification"": 15.661126493111864, ""buffer"": 1.0}","{""addressing"": 7.21083542470826, ""molecular_access"": 40.38745496284579, ""sensing"": 31.36604106761732, ""basecalling"": 21.086469103419027, ""decoding"": 10.13058143803182, ""error_correction"": 6.004303430788029, ""buffer"": 1.0}"
179,completed,completed,125.5582745117342,132.36479760190346,257.92307211363766,"{""addressing"": 6.008970227307934, ""encoding"": 4.023325105676779, ""molecular_write"": 102.60048744706228, ""write_verification"": 11.925491731687206, ""buffer"": 1.0}","{""addressing"": 7.660312234796235, ""molecular_access"": 51.9091177662016, ""sensing"": 33.731593402883775, ""basecalling"": 13.186701167124253, ""decoding"": 15.913414894634116, ""error_correction"": 8.963658136263529, ""buffer"": 1.0}"
180,completed,completed,130.13878730670638,145.86652161743905,276.0053089241454,"{""addressing"": 8.205207628954478, ""encoding"": 5.77690327355569, ""molecular_write"": 100.04752289011856, ""write_verification"": 15.109153514077647, ""buffer"": 1.0}","{""addressing"": 8.843352542825539, ""molecular_access"": 64.4879123658383, ""sensing"": 30.75721036797626, ""basecalling"": 19.040080162017954, ""decoding"": 12.88713409932039, ""error_correction"": 8.850832079460599, ""buffer"": 1.0}"
181,completed,completed,96.489405963012,143.99968961709857,240.4890955801106,"{""addressing"": 6.196838879780927, ""encoding"": 5.828181825489836, ""molecular_write"": 67.69282571871554, ""write_verification"": 15.771559539025697, ""buffer"": 1.0}","{""addressing"": 7.065370120413766, ""molecular_access"": 63.713427936863894, ""sensing"": 35.713292471237914, ""basecalling"": 17.06353155570787, ""decoding"": 10.625945445772079, ""error_correction"": 8.818122087103076, ""buffer"": 1.0}"
182,completed,completed,215.781694136657,168.24348056868502,384.025174705342,"{""addressing"": 7.490668529386577, ""encoding"": 5.820959889899566, ""molecular_write"": 183.18372988531553, ""write_verification"": 18.286335832055318, ""buffer"": 1.0}","{""addressing"": 9.17113483883, ""molecular_access"": 83.11874952751688, ""sensing"": 35.26562073953678, ""basecalling"": 18.470652375564544, ""decoding"": 14.91009612835798, ""error_correction"": 6.307226958878765, ""buffer"": 1.0}"
183,completed,completed,160.33471255444314,148.8468181097866,309.18153066422974,"{""addressing"": 9.135108716086734, ""encoding"": 4.714898760916011, ""molecular_write"": 123.73982936594497, ""write_verification"": 21.744875711495446, ""buffer"": 1.0}","{""addressing"": 5.811080970983187, ""molecular_access"": 59.97014033026142, ""sensing"": 37.85575538305084, ""basecalling"": 20.735895289572547, ""decoding"": 13.26180110641088, ""error_correction"": 10.212145029507685, ""buffer"": 1.0}"
184,completed,completed,176.4239682020317,120.40012491996998,296.82409312200167,"{""addressing"": 5.8946652102040655, ""encoding"": 7.030109113694479, ""molecular_write"": 146.16626308822273, ""write_verification"": 16.332930789910435, ""buffer"": 1.0}","{""addressing"": 8.213311593473911, ""molecular_access"": 48.57317116059054, ""sensing"": 28.100819135437213, ""basecalling"": 19.18154889097066, ""decoding"": 8.225125648753785, ""error_correction"": 7.10614849074388, ""buffer"": 1.0}"
185,completed,completed,160.75312399557737,123.05943016646256,283.81255416203993,"{""addressing"": 8.557953208604577, ""encoding"": 6.450171860838236, ""molecular_write"": 125.98525374146051, ""write_verification"": 18.759745184674046, ""buffer"": 1.0}","{""addressing"": 7.875662340939725, ""molecular_access"": 45.62792299995353, ""sensing"": 38.505754277556534, ""basecalling"": 14.64371119797372, ""decoding"": 8.992094886610813, ""error_correction"": 6.414284463428254, ""buffer"": 1.0}"
186,completed,completed,156.00362848934074,115.29995615880554,271.3035846481463,"{""addressing"": 7.98473023787502, ""encoding"": 6.170973912068693, ""molecular_write"": 129.12920956488196, ""write_verification"": 11.718714774515067, ""buffer"": 1.0}","{""addressing"": 8.854490045317208, ""molecular_access"": 33.05096718617703, ""sensing"": 31.734374260262005, ""basecalling"": 21.050658193104322, ""decoding"": 12.07099847006555, ""error_correction"": 7.538468003879465, ""buffer"": 1.0}"
187,completed,completed,170.6029041884624,132.50189530901798,303.10479949748037,"{""addressing"": 11.120014647247814, ""encoding"": 6.781104251234117, ""molecular_write"": 138.85682658450452, ""write_verification"": 12.844958705475944, ""buffer"": 1.0}","{""addressing"": 8.829989116895964, ""molecular_access"": 52.8954567492855, ""sensing"": 36.02202128657117, ""basecalling"": 15.550191985700813, ""decoding"": 10.620553647279674, ""error_correction"": 7.5836825232848755, ""buffer"": 1.0}"
188,completed,completed,151.09885529117824,129.43193933265215,280.5307946238304,"{""addressing"": 8.745923152103888, ""encoding"": 6.981607572134053, ""molecular_write"": 123.38300800968489, ""write_verification"": 10.988316557255413, ""buffer"": 1.0}","{""addressing"": 5.080664206540187, ""molecular_access"": 50.83498428596756, ""sensing"": 37.77671787506709, ""basecalling"": 16.470744751370574, ""decoding"": 13.911217778430432, ""error_correction"": 4.35761043527633, ""buffer"": 1.0}"
189,completed,completed,125.6626597289706,155.47922134970798,281.1418810786786,"{""addressing"": 6.498587404506438, ""encoding"": 5.421916594171272, ""molecular_write"": 98.15567538369855, ""write_verification"": 14.586480346594326, ""buffer"": 1.0}","{""addressing"": 8.818494399016455, ""molecular_access"": 74.78556163791217, ""sensing"": 35.505919686033536, ""basecalling"": 14.003075743847088, ""decoding"": 14.148519155720232, ""error_correction"": 7.217650727178527, ""buffer"": 1.0}"
190,completed,completed,176.63452753636162,138.44541243510977,315.0799399714714,"{""addressing"": 6.270064857239333, ""encoding"": 7.263202288118174, ""molecular_write"": 144.8291968595467, ""write_verification"": 17.272063531457405, ""buffer"": 1.0}","{""addressing"": 9.784295463073416, ""molecular_access"": 47.29162639681757, ""sensing"": 37.42873046586806, ""basecalling"": 17.97320099943731, ""decoding"": 14.687156415752208, ""error_correction"": 10.280402694161182, ""buffer"": 1.0}"
191,completed,completed,122.64559872474999,145.2889857290726,267.9345844538226,"{""addressing"": 8.096612898306136, ""encoding"": 6.351707433533123, ""molecular_write"": 91.01280089335012, ""write_verification"": 16.184477499560614, ""buffer"": 1.0}","{""addressing"": 6.875703086854156, ""molecular_access"": 55.65804934720354, ""sensing"": 37.522452079261186, ""basecalling"": 24.671752574117267, ""decoding"": 13.522292507058454, ""error_correction"": 6.038736134577995, ""buffer"": 1.0}"
192,completed,completed,222.9283426730014,111.26781631031906,334.19615898332046,"{""addressing"": 9.468475909793781, ""encoding"": 7.730841537013637, ""molecular_write"": 185.73847487817633, ""write_verification"": 18.990550348017653, ""buffer"": 1.0}","{""addressing"": 9.92553345896391, ""molecular_access"": 27.901886454573855, ""sensing"": 35.19942860850201, ""basecalling"": 17.614062602060457, ""decoding"": 8.613603229798485, ""error_correction"": 11.013301956420339, ""buffer"": 1.0}"
193,completed,completed,223.42332980848244,128.9776032477613,352.40093305624373,"{""addressing"": 9.633212252924302, ""encoding"": 6.338144631562233, ""molecular_write"": 190.80693521714565, ""write_verification"": 15.645037706850244, ""buffer"": 1.0}","{""addressing"": 7.831176897242448, ""molecular_access"": 50.484617433218524, ""sensing"": 35.348139952297444, ""basecalling"": 16.364163140046408, ""decoding"": 11.775491848906219, ""error_correction"": 6.1740139760502455, ""buffer"": 1.0}"
194,completed,completed,130.71204421228455,145.86859062036822,276.5806348326528,"{""addressing"": 6.7396133700842435, ""encoding"": 6.5997363733377, ""molecular_write"": 99.36829177897722, ""write_verification"": 17.00440268988538, ""buffer"": 1.0}","{""addressing"": 7.64111376901789, ""molecular_access"": 61.90861706277457, ""sensing"": 38.04179953698722, ""basecalling"": 16.020124796987577, ""decoding"": 11.145562750894157, ""error_correction"": 10.111372703706786, ""buffer"": 1.0}"
195,completed,completed,222.47098504864792,148.68283728273943,371.15382233138735,"{""addressing"": 7.9790580938693845, ""encoding"": 4.691777202747232, ""molecular_write"": 196.82769207546912, ""write_verification"": 11.972457676562179, ""buffer"": 1.0}","{""addressing"": 10.110564202183578, ""molecular_access"": 59.35982500280004, ""sensing"": 40.68182506653935, ""basecalling"": 15.186425729790376, ""decoding"": 13.444647078739779, ""error_correction"": 8.899550202686342, ""buffer"": 1.0}"
196,completed,completed,157.06099509668132,145.05980565904412,302.12080075572544,"{""addressing"": 6.829916402214331, ""encoding"": 4.64097182097288, ""molecular_write"": 128.6874458137594, ""write_verification"": 15.902661059734708, ""buffer"": 1.0}","{""addressing"": 9.885550348481956, ""molecular_access"": 49.54006696625674, ""sensing"": 41.21230357386918, ""basecalling"": 22.90555050954345, ""decoding"": 15.793039862751758, ""error_correction"": 4.7232943981410465, ""buffer"": 1.0}"
197,completed,completed,121.91084599425359,148.03648423716356,269.94733023141714,"{""addressing"": 7.947704424348859, ""encoding"": 5.095865112706167, ""molecular_write"": 93.17048554827147, ""write_verification"": 14.696790908927097, ""buffer"": 1.0}","{""addressing"": 9.758681219594834, ""molecular_access"": 51.80018925100413, ""sensing"": 44.195670722496295, ""basecalling"": 20.351093171430893, ""decoding"": 12.243960289931623, ""error_correction"": 8.686889582705767, ""buffer"": 1.0}"
198,completed,completed,182.2250045931214,104.54397987384539,286.7689844669668,"{""addressing"": 9.798791212270231, ""encoding"": 4.991598316789089, ""molecular_write"": 146.81739236118204, ""write_verification"": 19.617222702880035, ""buffer"": 1.0}","{""addressing"": 7.087821742204564, ""molecular_access"": 32.098101558988915, ""sensing"": 28.240272542329134, ""basecalling"": 18.09293132986968, ""decoding"": 10.989763552784163, ""error_correction"": 7.035089147668918, ""buffer"": 1.0}"
199,completed,completed,172.26831211593762,116.7340076644393,289.0023197803769,"{""addressing"": 8.360826064951958, ""encoding"": 6.958673543669458, ""molecular_write"": 141.9169016793629, ""write_verification"": 14.031910827953311, ""buffer"": 1.0}","{""addressing"": 9.440712747764627, ""molecular_access"": 37.00907010397634, ""sensing"": 35.230507732492946, ""basecalling"": 16.05069086142226, ""decoding"": 8.19277771578464, ""error_correction"": 9.810248502998505, ""buffer"": 1.0}"
200,completed,completed,148.03140749741806,127.39020744451648,275.42161494193454,"{""addressing"": 5.4266725799300755, ""encoding"": 5.4812427699106685, ""molecular_write"": 124.38039458425304, ""write_verification"": 11.743097563324287, ""buffer"": 1.0}","{""addressing"": 8.443971406935253, ""molecular_access"": 54.480554583531266, ""sensing"": 28.91987002456231, ""basecalling"": 14.44661025374762, ""decoding"": 12.096007893203081, ""error_correction"": 8.003193282536964, ""buffer"": 1.0}"
201,completed,completed,146.08828180626028,122.4902987773296,268.5785805835899,"{""addressing"": 5.432359205458883, ""encoding"": 3.8694263337988386, ""molecular_write"": 119.39826040756202, ""write_verification"": 16.38823585944055, ""buffer"": 1.0}","{""addressing"": 6.789225714647884, ""molecular_access"": 37.25546733575926, ""sensing"": 33.43475359564265, ""basecalling"": 20.518034717706925, ""decoding"": 15.092150450622768, ""error_correction"": 8.400666962950089, ""buffer"": 1.0}"
202,completed,completed,148.75558147583305,138.61511949213778,287.37070096797083,"{""addressing"": 10.700222466646345, ""encoding"": 4.8665627794410655, ""molecular_write"": 114.90126800536888, ""write_verification"": 17.287528224376754, ""buffer"": 1.0}","{""addressing"": 7.770882536228814, ""molecular_access"": 55.592729719387805, ""sensing"": 37.002883401361885, ""basecalling"": 12.773074162224049, ""decoding"": 13.947069634072657, ""error_correction"": 10.528480038862604, ""buffer"": 1.0}"
203,completed,completed,210.81182670827468,139.24417766536385,350.05600437363853,"{""addressing"": 7.2771244086267695, ""encoding"": 5.412425910846507, ""molecular_write"": 179.69906867119613, ""write_verification"": 17.42320771760526, ""buffer"": 1.0}","{""addressing"": 10.306852001588137, ""molecular_access"": 56.397680848957926, ""sensing"": 32.55951764446211, ""basecalling"": 19.896253799151957, ""decoding"": 10.82222106615083, ""error_correction"": 8.261652305052843, ""buffer"": 1.0}"
204,completed,completed,178.20698025582234,114.40490813551608,292.6118883913384,"{""addressing"": 6.331875042674315, ""encoding"": 7.340285206978668, ""molecular_write"": 146.5514484805517, ""write_verification"": 16.983371525617656, ""buffer"": 1.0}","{""addressing"": 9.067711096834273, ""molecular_access"": 40.34456562345978, ""sensing"": 31.78813620774109, ""basecalling"": 12.842575916202415, ""decoding"": 13.012540344756918, ""error_correction"": 6.349378946521593, ""buffer"": 1.0}"
205,completed,completed,168.48812792941342,152.1375473917354,320.62567532114883,"{""addressing"": 8.910561866493738, ""encoding"": 4.521043020068461, ""molecular_write"": 141.3302386179905, ""write_verification"": 12.726284424860722, ""buffer"": 1.0}","{""addressing"": 6.246790585553718, ""molecular_access"": 80.66471811926557, ""sensing"": 30.756084194589153, ""basecalling"": 17.100978243964377, ""decoding"": 9.545516617239015, ""error_correction"": 6.8234596311236135, ""buffer"": 1.0}"
206,completed,completed,177.60466587103843,146.9671384734516,324.57180434449003,"{""addressing"": 6.588440112894508, ""encoding"": 5.907497531980422, ""molecular_write"": 151.10262241605508, ""write_verification"": 13.006105810108396, ""buffer"": 1.0}","{""addressing"": 8.190666654816669, ""molecular_access"": 64.91868128681202, ""sensing"": 29.500845560398268, ""basecalling"": 21.09238293082761, ""decoding"": 10.603194350694272, ""error_correction"": 11.66136768990273, ""buffer"": 1.0}"
207,completed,completed,156.94419808376574,158.798555011443,315.74275309520874,"{""addressing"": 7.739211893632484, ""encoding"": 7.20041772221943, ""molecular_write"": 122.92661401889096, ""write_verification"": 18.077954449022855, ""buffer"": 1.0}","{""addressing"": 10.228049984550118, ""molecular_access"": 73.26253566003226, ""sensing"": 40.232577527162064, ""basecalling"": 14.823955323030717, ""decoding"": 14.968763407255782, ""error_correction"": 4.2826731094120385, ""buffer"": 1.0}"
208,completed,completed,262.38062667121517,132.02819815643124,394.4088248276464,"{""addressing"": 8.790653006004241, ""encoding"": 5.2220397848153075, ""molecular_write"": 233.12293813321455, ""write_verification"": 14.244995747181061, ""buffer"": 1.0}","{""addressing"": 7.085885862003488, ""molecular_access"": 42.868534281933705, ""sensing"": 36.770452923153975, ""basecalling"": 24.899065439101083, ""decoding"": 11.232510729883398, ""error_correction"": 8.171748920355578, ""buffer"": 1.0}"
209,completed,completed,184.151175314664,119.65602485868294,303.8072001733469,"{""addressing"": 8.19789109539177, ""encoding"": 6.938770852510086, ""molecular_write"": 154.70539456615236, ""write_verification"": 13.309118800609795, ""buffer"": 1.0}","{""addressing"": 7.231374982214882, ""molecular_access"": 46.57651469613709, ""sensing"": 26.53986929260593, ""basecalling"": 21.83704020068746, ""decoding"": 6.947733548432636, ""error_correction"": 9.523492138604963, ""buffer"": 1.0}"
210,completed,completed,165.04945303604057,117.53444671171314,282.5838997477537,"{""addressing"": 7.35131014912516, ""encoding"": 6.180518095466924, ""molecular_write"": 135.00883868531747, ""write_verification"": 15.50878610613102, ""buffer"": 1.0}","{""addressing"": 9.584169860993136, ""molecular_access"": 37.24380774364864, ""sensing"": 32.24941048863842, ""basecalling"": 14.045078581287383, ""decoding"": 14.419590923255505, ""error_correction"": 8.99238911389006, ""buffer"": 1.0}"
211,completed,completed,151.04732973196548,139.8588351973222,290.9061649292877,"{""addressing"": 8.657281415087533, ""encoding"": 6.068712932454933, ""molecular_write"": 122.90237710659594, ""write_verification"": 12.418958277827063, ""buffer"": 1.0}","{""addressing"": 8.064289635125919, ""molecular_access"": 50.55447491147121, ""sensing"": 33.52043105628901, ""basecalling"": 23.04723531662739, ""decoding"": 14.021438206027803, ""error_correction"": 9.650966071780902, ""buffer"": 1.0}"
212,completed,completed,137.14328709424416,130.46929766243392,267.6125847566781,"{""addressing"": 8.795848709685337, ""encoding"": 5.398980636401373, ""molecular_write"": 107.06273715222356, ""write_verification"": 14.885720595933904, ""buffer"": 1.0}","{""addressing"": 7.436405833183922, ""molecular_access"": 48.139876543978005, ""sensing"": 36.76216141324208, ""basecalling"": 17.109737542547737, ""decoding"": 13.764565393743018, ""error_correction"": 6.256550935739195, ""buffer"": 1.0}"
213,completed,completed,168.88862512555662,117.87170947675438,286.760334602311,"{""addressing"": 9.158756937210358, ""encoding"": 4.651433472295054, ""molecular_write"": 139.30516519399373, ""write_verification"": 14.773269522057456, ""buffer"": 1.0}","{""addressing"": 9.537205136666843, ""molecular_access"": 34.7563139744909, ""sensing"": 32.77688877111234, ""basecalling"": 17.551826732419066, ""decoding"": 11.476240016643327, ""error_correction"": 10.773234845421921, ""buffer"": 1.0}"
214,completed,completed,110.9976410205513,138.80027873043525,249.79791975098655,"{""addressing"": 6.750745547127514, ""encoding"": 6.9760717378904165, ""molecular_write"": 79.51120576308452, ""write_verification"": 16.75961797244885, ""buffer"": 1.0}","{""addressing"": 7.981259787286529, ""molecular_access"": 59.30024836692671, ""sensing"": 30.094905133409966, ""basecalling"": 15.339285536384708, ""decoding"": 15.669620725178731, ""error_correction"": 9.414959181248616, ""buffer"": 1.0}"
215,completed,completed,130.35031566705712,122.08953025653562,252.43984592359274,"{""addressing"": 8.374195595430093, ""encoding"": 7.0014346544090404, ""molecular_write"": 100.9688601090541, ""write_verification"": 13.005825308163868, ""buffer"": 1.0}","{""addressing"": 6.0505516021774515, ""molecular_access"": 36.9329251728573, ""sensing"": 34.635605421375686, ""basecalling"": 24.06728174384807, ""decoding"": 9.63540770413595, ""error_correction"": 9.767758612141167, ""buffer"": 1.0}"
216,completed,completed,142.5233040258412,132.9817731148323,275.5050771406735,"{""addressing"": 7.6361710136386645, ""encoding"": 4.7903191926513315, ""molecular_write"": 116.588534123002, ""write_verification"": 12.50827969654921, ""buffer"": 1.0}","{""addressing"": 6.858587009352101, ""molecular_access"": 63.46909820139651, ""sensing"": 26.92274715064495, ""basecalling"": 18.557810381966934, ""decoding"": 10.577128258274104, ""error_correction"": 5.596402113197717, ""buffer"": 1.0}"
217,completed,completed,119.36056380862922,140.53735770245734,259.89792151108657,"{""addressing"": 3.448489454937101, ""encoding"": 5.891025716234287, ""molecular_write"": 85.11678181345005, ""write_verification"": 23.9042668240078, ""buffer"": 1.0}","{""addressing"": 8.292950458475309, ""molecular_access"": 56.23024826642844, ""sensing"": 43.24263049958337, ""basecalling"": 14.262860289716315, ""decoding"": 10.234571640686976, ""error_correction"": 7.274096547566962, ""buffer"": 1.0}"
218,completed,completed,130.75315763574255,123.05949759471179,253.81265523045434,"{""addressing"": 7.751017729463777, ""encoding"": 8.072693489280013, ""molecular_write"": 103.19368258866866, ""write_verification"": 10.73576382833009, ""buffer"": 1.0}","{""addressing"": 8.839960466065978, ""molecular_access"": 44.702349975730634, ""sensing"": 31.85338830252502, ""basecalling"": 18.056148537358418, ""decoding"": 9.819122033027655, ""error_correction"": 8.788528280004082, ""buffer"": 1.0}"
219,completed,completed,109.61855840292446,138.12975426854993,247.7483126714744,"{""addressing"": 9.726217950900212, ""encoding"": 5.117344078119321, ""molecular_write"": 77.49496505294287, ""write_verification"": 16.28003132096206, ""buffer"": 1.0}","{""addressing"": 7.846764826414935, ""molecular_access"": 58.583961444923936, ""sensing"": 35.54780161419839, ""basecalling"": 17.292804657799508, ""decoding"": 10.38587747034087, ""error_correction"": 7.472544254872297, ""buffer"": 1.0}"
220,completed,completed,116.6226918017887,106.225265172767,222.8479569745557,"{""addressing"": 6.956066744943883, ""encoding"": 5.19093596868818, ""molecular_write"": 85.21431357747228, ""write_verification"": 18.261375510684353, ""buffer"": 1.0}","{""addressing"": 11.059237479730575, ""molecular_access"": 29.676469511398352, ""sensing"": 24.252093739914308, ""basecalling"": 17.475298157171768, ""decoding"": 13.396198031353377, ""error_correction"": 9.365968253198623, ""buffer"": 1.0}"
221,completed,completed,93.43235272750005,154.93744299200364,248.36979571950368,"{""addressing"": 7.019509298396627, ""encoding"": 6.50068655620946, ""molecular_write"": 64.19652971419063, ""write_verification"": 14.715627158703326, ""buffer"": 1.0}","{""addressing"": 6.561353619713028, ""molecular_access"": 66.1036877933655, ""sensing"": 44.267333357965626, ""basecalling"": 20.099573152560325, ""decoding"": 9.821398804078271, ""error_correction"": 7.0840962643208485, ""buffer"": 1.0}"
222,completed,completed,242.33423217548136,131.3368525194819,373.67108469496327,"{""addressing"": 7.0362654407870036, ""encoding"": 6.735403617826187, ""molecular_write"": 208.70350217307464, ""write_verification"": 18.85906094379353, ""buffer"": 1.0}","{""addressing"": 4.023904095010458, ""molecular_access"": 57.17456732717044, ""sensing"": 34.2589121276803, ""basecalling"": 17.598622712533224, ""decoding"": 11.421342366344025, ""error_correction"": 5.8595038907435075, ""buffer"": 1.0}"
223,completed,completed,231.81557191606274,118.06927366619115,349.8848455822539,"{""addressing"": 7.265502453819943, ""encoding"": 6.177879113240549, ""molecular_write"": 207.23746288473095, ""write_verification"": 10.134727464271284, ""buffer"": 1.0}","{""addressing"": 5.7138165339916505, ""molecular_access"": 41.4985250886109, ""sensing"": 32.860435482248775, ""basecalling"": 18.844216761404702, ""decoding"": 12.865443133580655, ""error_correction"": 5.286836666354491, ""buffer"": 1.0}"
224,completed,completed,198.21160307781528,108.47085159083471,306.68245466865,"{""addressing"": 7.944204909069365, ""encoding"": 7.994888507279611, ""molecular_write"": 165.5749818823906, ""write_verification"": 15.697527779075712, ""buffer"": 1.0}","{""addressing"": 6.947227781538711, ""molecular_access"": 28.408367250054607, ""sensing"": 32.130269708368814, ""basecalling"": 18.08004591261487, ""decoding"": 12.847807478070905, ""error_correction"": 9.057133460186812, ""buffer"": 1.0}"
225,completed,completed,95.77519043305011,140.1770766344152,235.9522670674653,"{""addressing"": 4.053724057202539, ""encoding"": 5.705180931311675, ""molecular_write"": 68.93140254401833, ""write_verification"": 16.084882900517577, ""buffer"": 1.0}","{""addressing"": 6.90248849210519, ""molecular_access"": 65.66962384460979, ""sensing"": 31.19131343932671, ""basecalling"": 11.351325585156331, ""decoding"": 13.807684482724548, ""error_correction"": 10.254640790492637, ""buffer"": 1.0}"
226,completed,completed,104.86475532314275,144.44534044071844,249.31009576386117,"{""addressing"": 4.8662270601793685, ""encoding"": 6.865176004971578, ""molecular_write"": 83.80225693476423, ""write_verification"": 8.331095323227574, ""buffer"": 1.0}","{""addressing"": 8.295389923470331, ""molecular_access"": 62.111099624113926, ""sensing"": 38.831761569177395, ""basecalling"": 15.912422595734485, ""decoding"": 11.289452476427828, ""error_correction"": 7.005214251794421, ""buffer"": 1.0}"
227,completed,completed,86.38171549596215,118.26836839201185,204.650083887974,"{""addressing"": 7.36502229765418, ""encoding"": 5.262634873458511, ""molecular_write"": 55.30108101767251, ""write_verification"": 17.452977307176948, ""buffer"": 1.0}","{""addressing"": 8.156562642549527, ""molecular_access"": 35.96563007977126, ""sensing"": 34.02797581130627, ""basecalling"": 15.560907508823187, ""decoding"": 12.798229696583137, ""error_correction"": 10.759062652978445, ""buffer"": 1.0}"
228,completed,completed,155.51537111717622,117.19482243257826,272.7101935497545,"{""addressing"": 8.189422273741998, ""encoding"": 7.149347240436233, ""molecular_write"": 123.93240889757392, ""write_verification"": 15.244192705424073, ""buffer"": 1.0}","{""addressing"": 10.494286461792996, ""molecular_access"": 41.92287017184435, ""sensing"": 32.491604192420155, ""basecalling"": 16.834231075757895, ""decoding"": 9.030002004071155, ""error_correction"": 5.421828526691712, ""buffer"": 1.0}"
229,completed,completed,174.96743772622116,125.88607078744488,300.85350851366604,"{""addressing"": 6.182665550609531, ""encoding"": 6.1822444484801915, ""molecular_write"": 147.78077986976646, ""write_verification"": 13.82174785736499, ""buffer"": 1.0}","{""addressing"": 8.515301021032517, ""molecular_access"": 50.074537312246434, ""sensing"": 30.548559542213873, ""basecalling"": 19.659714515250432, ""decoding"": 11.252188561136235, ""error_correction"": 4.835769835565365, ""buffer"": 1.0}"
230,completed,completed,224.03557767656127,146.04383340971594,370.0794110862772,"{""addressing"": 7.507979520599552, ""encoding"": 6.194267952495382, ""molecular_write"": 190.5863490377589, ""write_verification"": 18.746981165707425, ""buffer"": 1.0}","{""addressing"": 8.647529949403895, ""molecular_access"": 64.16671510499663, ""sensing"": 35.89263406164159, ""basecalling"": 14.584603449333253, ""decoding"": 12.850976107037091, ""error_correction"": 8.901374737303453, ""buffer"": 1.0}"
231,completed,completed,148.45936760118968,149.77839795940474,298.2377655605944,"{""addressing"": 7.245584694040807, ""encoding"": 5.958136992194722, ""molecular_write"": 115.61486405936171, ""write_verification"": 18.64078185559246, ""buffer"": 1.0}","{""addressing"": 8.0517309362156, ""molecular_access"": 64.71454251879189, ""sensing"": 35.996040551387814, ""basecalling"": 21.276370245651663, ""decoding"": 12.490157725156497, ""error_correction"": 6.249555982201221, ""buffer"": 1.0}"
232,completed,completed,201.64655871882724,129.52079988382036,331.1673586026476,"{""addressing"": 8.696663222367462, ""encoding"": 6.937271513567062, ""molecular_write"": 167.81707206606634, ""write_verification"": 17.195551916826346, ""buffer"": 1.0}","{""addressing"": 8.31048811803929, ""molecular_access"": 41.36561516455689, ""sensing"": 38.15923958730602, ""basecalling"": 17.076724043040837, ""decoding"": 14.074775719800831, ""error_correction"": 9.533957251076446, ""buffer"": 1.0}"
233,completed,completed,124.74783785917367,113.61300710629763,238.3608449654713,"{""addressing"": 9.214701236809054, ""encoding"": 5.631361750157622, ""molecular_write"": 94.86116764039923, ""write_verification"": 14.040607231807765, ""buffer"": 1.0}","{""addressing"": 7.043816667716111, ""molecular_access"": 33.661921387808995, ""sensing"": 33.83959687915721, ""basecalling"": 16.7142510967575, ""decoding"": 10.25638757597876, ""error_correction"": 11.097033498879053, ""buffer"": 1.0}"
234,completed,completed,239.96639853306897,114.65724879799825,354.6236473310672,"{""addressing"": 7.215556322809926, ""encoding"": 6.716469064761729, ""molecular_write"": 209.13904865346163, ""write_verification"": 15.895324492035686, ""buffer"": 1.0}","{""addressing"": 7.054105102501291, ""molecular_access"": 40.408757361478216, ""sensing"": 31.28785427767683, ""basecalling"": 13.21972627100457, ""decoding"": 14.538018185814527, ""error_correction"": 7.148787599522813, ""buffer"": 1.0}"
235,completed,completed,135.3540608381916,130.40255950011735,265.75662033830895,"{""addressing"": 9.407954144138367, ""encoding"": 4.933401737235527, ""molecular_write"": 102.35073483067653, ""write_verification"": 17.661970126141163, ""buffer"": 1.0}","{""addressing"": 9.266780433027266, ""molecular_access"": 50.03034625877781, ""sensing"": 38.62416528588199, ""basecalling"": 10.974997169639328, ""decoding"": 12.855937638068612, ""error_correction"": 7.650332714722343, ""buffer"": 1.0}"
236,completed,completed,183.74230758297998,129.58555626934842,313.3278638523284,"{""addressing"": 8.445325715435827, ""encoding"": 6.1822176739493, ""molecular_write"": 151.1866104306076, ""write_verification"": 16.92815376298726, ""buffer"": 1.0}","{""addressing"": 5.764502975207596, ""molecular_access"": 58.00060861398264, ""sensing"": 30.103281405966904, ""basecalling"": 14.556225773780376, ""decoding"": 9.31616196633919, ""error_correction"": 10.844775534071676, ""buffer"": 1.0}"
237,completed,completed,76.01034972678067,168.64842095557992,244.6587706823606,"{""addressing"": 7.1246502931279245, ""encoding"": 7.04946948956603, ""molecular_write"": 49.85412015964303, ""write_verification"": 10.98210978444369, ""buffer"": 1.0}","{""addressing"": 10.26486643287737, ""molecular_access"": 75.71659536876214, ""sensing"": 44.12428326688801, ""basecalling"": 18.509497829347204, ""decoding"": 11.719841735931148, ""error_correction"": 7.313336321774077, ""buffer"": 1.0}"
238,completed,completed,123.05030032225314,134.8654521488769,257.91575247113,"{""addressing"": 5.587182895476209, ""encoding"": 6.904724223773627, ""molecular_write"": 91.04602603247324, ""write_verification"": 18.51236717053007, ""buffer"": 1.0}","{""addressing"": 8.375423961742092, ""molecular_access"": 50.9061632822078, ""sensing"": 35.04588561737991, ""basecalling"": 19.231393352804147, ""decoding"": 11.676712580550968, ""error_correction"": 8.629873354191957, ""buffer"": 1.0}"
239,completed,completed,145.61375790223377,112.08038665713644,257.6941445593702,"{""addressing"": 10.984837303559164, ""encoding"": 6.619592836840911, ""molecular_write"": 114.98498297427167, ""write_verification"": 12.024344787562022, ""buffer"": 1.0}","{""addressing"": 7.347987645595869, ""molecular_access"": 42.494562807039884, ""sensing"": 26.642860300321665, ""basecalling"": 13.47879786765494, ""decoding"": 13.14848826512959, ""error_correction"": 7.96768977139446, ""buffer"": 1.0}"
240,completed,completed,160.28313601362225,107.28095753451868,267.56409354814093,"{""addressing"": 5.9022697704657485, ""encoding"": 5.6339982111129085, ""molecular_write"": 132.8583712103221, ""write_verification"": 14.888496821721493, ""buffer"": 1.0}","{""addressing"": 7.0635901984412355, ""molecular_access"": 32.45448936304509, ""sensing"": 35.75374724044228, ""basecalling"": 11.906211344982594, ""decoding"": 11.544199311084807, ""error_correction"": 7.5587200765226665, ""buffer"": 1.0}"
241,completed,completed,155.85072299592818,134.24332218281702,290.0940451787452,"{""addressing"": 7.614567220434902, ""encoding"": 7.050315418580705, ""molecular_write"": 126.44948196204227, ""write_verification"": 13.736358394870312, ""buffer"": 1.0}","{""addressing"": 6.995984348711352, ""molecular_access"": 52.473224796136336, ""sensing"": 35.1004049108133, ""basecalling"": 19.559430028154082, ""decoding"": 11.780510347183693, ""error_correction"": 7.333767751818223, ""buffer"": 1.0}"
242,completed,completed,179.04433482406756,123.82763493345186,302.8719697575194,"{""addressing"": 6.8487921033620465, ""encoding"": 5.08095930734063, ""molecular_write"": 152.32523800756428, ""write_verification"": 13.789345405800614, ""buffer"": 1.0}","{""addressing"": 8.754310133466264, ""molecular_access"": 38.8079815410697, ""sensing"": 31.793471392784614, ""basecalling"": 22.903962045125343, ""decoding"": 13.838579346838658, ""error_correction"": 6.729330474167251, ""buffer"": 1.0}"
243,completed,completed,150.48067355444587,121.31230845795577,271.79298201240164,"{""addressing"": 7.389018611743259, ""encoding"": 4.772257904823186, ""molecular_write"": 118.43409706406487, ""write_verification"": 18.885299973814558, ""buffer"": 1.0}","{""addressing"": 7.1268497865033416, ""molecular_access"": 40.284343052568666, ""sensing"": 37.491252509975475, ""basecalling"": 18.470416001528058, ""decoding"": 11.561007982648173, ""error_correction"": 5.378439124732073, ""buffer"": 1.0}"
244,completed,completed,120.07906459209774,142.37963252734357,262.4586971194413,"{""addressing"": 7.167419418615413, ""encoding"": 6.326308801058044, ""molecular_write"": 92.23097792487873, ""write_verification"": 13.354358447545547, ""buffer"": 1.0}","{""addressing"": 6.894581640080613, ""molecular_access"": 62.90578595185063, ""sensing"": 29.226105611102362, ""basecalling"": 21.38277779608851, ""decoding"": 12.794129673949195, ""error_correction"": 8.176251854272273, ""buffer"": 1.0}"
245,completed,completed,167.47713068253063,125.12427041575631,292.60140109828694,"{""addressing"": 7.304009755843932, ""encoding"": 5.199971520845516, ""molecular_write"": 137.4990222663752, ""write_verification"": 16.474127139465992, ""buffer"": 1.0}","{""addressing"": 8.872901213292018, ""molecular_access"": 32.46790422504876, ""sensing"": 40.85941357711701, ""basecalling"": 19.1195219727209, ""decoding"": 13.54246129124737, ""error_correction"": 9.262068136330269, ""buffer"": 1.0}"
246,completed,completed,217.4822732038357,162.80267086215508,380.28494406599077,"{""addressing"": 7.521086259138673, ""encoding"": 8.21789259963023, ""molecular_write"": 185.33212752015086, ""write_verification"": 15.411166824915934, ""buffer"": 1.0}","{""addressing"": 9.361620498540642, ""molecular_access"": 76.2558072079033, ""sensing"": 38.92112893708668, ""basecalling"": 15.589148423099656, ""decoding"": 11.874276756750628, ""error_correction"": 9.80068903877416, ""buffer"": 1.0}"
247,completed,completed,127.6491495926384,135.75385382444458,263.40300341708297,"{""addressing"": 7.60123912314019, ""encoding"": 6.17321314259608, ""molecular_write"": 95.25635076910243, ""write_verification"": 17.61834655779969, ""buffer"": 1.0}","{""addressing"": 9.504287966981478, ""molecular_access"": 46.09823167992951, ""sensing"": 37.39195619097983, ""basecalling"": 23.538057924283297, ""decoding"": 12.00290823506773, ""error_correction"": 6.218411827202717, ""buffer"": 1.0}"
248,completed,completed,144.30439934708048,122.99967847559967,267.30407782268014,"{""addressing"": 6.873298856216932, ""encoding"": 5.8988218928843015, ""molecular_write"": 119.42026029130922, ""write_verification"": 11.112018306670013, ""buffer"": 1.0}","{""addressing"": 8.243467434141369, ""molecular_access"": 43.84583844286855, ""sensing"": 34.4242785694675, ""basecalling"": 13.970060379795356, ""decoding"": 12.33123902470297, ""error_correction"": 9.1847946246239, ""buffer"": 1.0}"
249,completed,completed,139.19365226120345,121.94930412610177,261.1429563873052,"{""addressing"": 9.128888158803528, ""encoding"": 6.032769547467741, ""molecular_write"": 109.82406727995568, ""write_verification"": 13.207927274976493, ""buffer"": 1.0}","{""addressing"": 8.320113420474366, ""molecular_access"": 40.60744898122518, ""sensing"": 31.514725265773023, ""basecalling"": 17.870724935475792, ""decoding"": 13.12756510980443, ""error_correction"": 9.508726413348967, ""buffer"": 1.0}"
250,completed,completed,186.50242041153027,146.23840692993778,332.74082734146805,"{""addressing"": 11.729589150288781, ""encoding"": 6.003843605761801, ""molecular_write"": 155.9317237799004, ""write_verification"": 11.837263875579275, ""buffer"": 1.0}","{""addressing"": 6.918311071707312, ""molecular_access"": 57.854856707467604, ""sensing"": 39.85116178015786, ""basecalling"": 15.425118985714573, ""decoding"": 15.137445846597046, ""error_correction"": 10.051512538293363, ""buffer"": 1.0}"
