payload_size_bytes,payload_size_label,channels,logical_block_size_bytes,logical_block_size_label,read_path_speedup,write_path_speedup,logical_blocks,cold_read_latency_ms,write_latency_ms,roundtrip_latency_ms,cold_read_throughput_bytes_per_s,write_throughput_bytes_per_s,meets_read_500_MBps_target,meets_write_500_MBps_target,meets_roundtrip_target,meets_all_targets
1073741824,1024 MB,64,65536,64 KB,1,1,16384,318200.4867018088,612775.0430463463,930975.529748155,3374419.175562802,1752261.023330856,False,False,False,False
1073741824,1024 MB,64,65536,64 KB,1,2,16384,316152.4867018088,307411.5215231731,623564.0082249818,3396278.2807801864,3492848.34439447,False,False,False,False
1073741824,1024 MB,64,65536,64 KB,1,4,16384,315128.4867018088,154729.76076158654,469858.24746339535,3407314.3790901746,6939465.41838491,False,False,False,False
1073741824,1024 MB,64,65536,64 KB,1,8,16384,314616.4867018088,78388.8803807933,393005.3670826021,3412859.368103251,13697629.29109377,False,False,False,False
1073741824,1024 MB,64,65536,64 KB,1,16,16384,314360.4867018088,40218.44019039665,354578.9268922055,3415638.635966718,26697749.065275483,False,False,False,False
1073741824,1024 MB,64,65536,64 KB,1,32,16384,314232.4867018088,21133.22009519832,335365.7067970071,3417029.968066059,50808244.98884412,False,False,False,False
1073741824,1024 MB,64,65536,64 KB,1,64,16384,314168.4867018088,11590.610047599164,325759.096749408,3417726.059263021,92638939.58906943,False,False,False,False
1073741824,1024 MB,64,65536,64 KB,1,128,16384,314136.4867018088,6819.305023799581,320955.7917256084,3418074.211224116,157456195.35313475,False,False,False,False
1073741824,1024 MB,64,65536,64 KB,1,256,16384,314120.4867018088,4433.652511899791,318554.1392137086,3418248.3138047964,242179968.12292102,False,False,False,False
1073741824,1024 MB,64,65536,64 KB,2,1,16384,166648.4867018088,610727.0430463463,777375.529748155,6443153.761853785,1758137.0208270226,False,False,False,False
1073741824,1024 MB,64,65536,64 KB,2,2,16384,166648.4867018088,307411.5215231731,474060.0082249819,6443153.761853785,3492848.34439447,False,False,False,False
1073741824,1024 MB,64,65536,64 KB,2,4,16384,165624.4867018088,154729.76076158654,320354.24746339535,6482989.595211065,6939465.41838491,False,False,False,False
1073741824,1024 MB,64,65536,64 KB,2,8,16384,165112.4867018088,78388.8803807933,243501.3670826021,6503092.80326669,13697629.29109377,False,False,False,False
1073741824,1024 MB,64,65536,64 KB,2,16,16384,164856.4867018088,40218.44019039665,205074.92689220546,6513191.233670873,26697749.065275483,False,False,False,False
1073741824,1024 MB,64,65536,64 KB,2,32,16384,164728.4867018088,21133.22009519832,185861.70679700712,6518252.21914219,50808244.98884412,False,False,False,False
1073741824,1024 MB,64,65536,64 KB,2,64,16384,164664.4867018088,11590.610047599164,176255.09674940797,6520785.66245095,92638939.58906943,False,False,False,False
1073741824,1024 MB,64,65536,64 KB,2,128,16384,164632.4867018088,6819.305023799581,171451.7917256084,6522053.122752247,157456195.35313475,False,False,False,False
1073741824,1024 MB,64,65536,64 KB,2,256,16384,164616.4867018088,4433.652511899791,169050.1392137086,6522687.037690264,242179968.12292102,False,False,False,False
1073741824,1024 MB,64,65536,64 KB,4,1,16384,90872.48670180881,609703.0430463463,700575.529748155,11815917.69930763,1761089.822735853,False,False,False,False
1073741824,1024 MB,64,65536,64 KB,4,2,16384,90872.48670180881,306387.5215231731,397260.0082249819,11815917.69930763,3504522.0466617127,False,False,False,False
1073741824,1024 MB,64,65536,64 KB,4,4,16384,90872.48670180881,154729.76076158654,245602.24746339535,11815917.69930763,6939465.41838491,False,False,False,False
1073741824,1024 MB,64,65536,64 KB,4,8,16384,90360.48670180881,78388.8803807933,168749.3670826021,11882868.975057282,13697629.29109377,False,False,False,False
1073741824,1024 MB,64,65536,64 KB,4,16,16384,90104.48670180881,40218.44019039665,130322.92689220546,11916629.940453842,26697749.065275483,False,False,False,False
1073741824,1024 MB,64,65536,64 KB,4,32,16384,89976.48670180881,21133.22009519832,111109.70679700714,11933582.465366637,50808244.98884412,False,False,False,False
1073741824,1024 MB,64,65536,64 KB,4,64,16384,89912.48670180881,11590.610047599164,101503.09674940798,11942076.828116456,92638939.58906943,False,False,False,False
1073741824,1024 MB,64,65536,64 KB,4,128,16384,89880.48670180881,6819.305023799581,96699.79172560839,11946328.545842102,157456195.35313475,False,False,False,False
1073741824,1024 MB,64,65536,64 KB,4,256,16384,89864.48670180881,4433.652511899791,94298.13921370861,11948455.540206045,242179968.12292102,False,False,False,False
1073741824,1024 MB,64,65536,64 KB,8,1,16384,52984.48670180882,609191.0430463463,662175.5297481552,20265211.40127123,1762569.9462529875,False,False,False,False
1073741824,1024 MB,64,65536,64 KB,8,2,16384,52984.48670180882,305875.5215231731,358860.0082249819,20265211.40127123,3510388.2084224042,False,False,False,False
1073741824,1024 MB,64,65536,64 KB,8,4,16384,52984.48670180882,154217.76076158654,207202.24746339535,20265211.40127123,6962504.310122586,False,False,False,False
1073741824,1024 MB,64,65536,64 KB,8,8,16384,52984.48670180882,78388.8803807933,131373.3670826021,20265211.40127123,13697629.29109377,False,False,False,False
1073741824,1024 MB,64,65536,64 KB,8,16,16384,52728.48670180882,40218.44019039665,92946.92689220546,20363600.23135589,26697749.065275483,False,False,False,False
1073741824,1024 MB,64,65536,64 KB,8,32,16384,52600.48670180882,21133.22009519832,73733.70679700714,20413153.781010095,50808244.98884412,False,False,False,False
1073741824,1024 MB,64,65536,64 KB,8,64,16384,52536.48670180882,11590.610047599164,64127.09674940798,20438021.105111912,92638939.58906943,False,False,False,False
1073741824,1024 MB,64,65536,64 KB,8,128,16384,52504.48670180882,6819.305023799581,59323.791725608404,20450477.50105914,157456195.35313475,False,False,False,False
1073741824,1024 MB,64,65536,64 KB,8,256,16384,52488.48670180882,4433.652511899791,56922.13921370861,20456711.394634236,242179968.12292102,False,False,False,False
1073741824,1024 MB,64,65536,64 KB,16,1,16384,34040.48670180882,608935.0430463463,642975.5297481552,31543080.843874782,1763310.9413909637,False,False,False,False
1073741824,1024 MB,64,65536,64 KB,16,2,16384,34040.48670180882,305619.5215231731,339660.0082249819,31543080.843874782,3513328.659925231,False,False,False,False
1073741824,1024 MB,64,65536,64 KB,16,4,16384,34040.48670180882,153961.76076158654,188002.24746339535,31543080.843874782,6974081.21788575,False,False,False,False
1073741824,1024 MB,64,65536,64 KB,16,8,16384,34040.48670180882,78132.8803807933,112173.36708260211,31543080.843874782,13742509.155773403,False,False,False,False
1073741824,1024 MB,64,65536,64 KB,16,16,16384,34040.48670180882,40218.44019039665,74258.92689220546,31543080.843874782,26697749.065275483,False,False,False,False
1073741824,1024 MB,64,65536,64 KB,16,32,16384,33912.48670180882,21133.22009519832,55045.70679700714,31662137.70878468,50808244.98884412,False,False,False,False
1073741824,1024 MB,64,65536,64 KB,16,64,16384,33848.48670180882,11590.610047599164,45439.09674940798,31722003.806528248,92638939.58906943,False,False,False,False
1073741824,1024 MB,64,65536,64 KB,16,128,16384,33816.48670180882,6819.305023799581,40635.791725608404,31752021.83089488,157456195.35313475,False,False,False,False
1073741824,1024 MB,64,65536,64 KB,16,256,16384,33800.48670180882,4433.652511899791,38234.13921370861,31767052.157344796,242179968.12292102,False,False,False,False
1073741824,1024 MB,64,65536,64 KB,32,1,16384,24568.48670180882,608807.0430463463,633375.5297481552,43704027.7259302,1763681.6726482252,False,False,False,False
1073741824,1024 MB,64,65536,64 KB,32,2,16384,24568.48670180882,305491.5215231731,330060.0082249819,43704027.7259302,3514800.733736734,False,False,False,False
1073741824,1024 MB,64,65536,64 KB,32,4,16384,24568.48670180882,153833.76076158654,178402.24746339535,43704027.7259302,6979884.120912173,False,False,False,False
1073741824,1024 MB,64,65536,64 KB,32,8,16384,24568.48670180882,78004.8803807933,102573.36708260211,43704027.7259302,13765059.554714495,False,False,False,False
1073741824,1024 MB,64,65536,64 KB,32,16,16384,24568.48670180882,40090.44019039665,64658.92689220547,43704027.7259302,26782989.134083055,False,False,False,False
1073741824,1024 MB,64,65536,64 KB,32,32,16384,24568.48670180882,21133.22009519832,45701.70679700714,43704027.7259302,50808244.98884412,False,False,False,False
1073741824,1024 MB,64,65536,64 KB,32,64,16384,24504.48670180882,11590.610047599164,36095.09674940798,43818172.44597663,92638939.58906943,False,False,False,False
1073741824,1024 MB,64,65536,64 KB,32,128,16384,24472.48670180882,6819.305023799581,31291.7917256084,43875468.68788929,157456195.35313475,False,False,False,False
1073741824,1024 MB,64,65536,64 KB,32,256,16384,24456.48670180882,4433.652511899791,28890.139213708608,43904173.03563824,242179968.12292102,False,False,False,False
1073741824,1024 MB,64,65536,64 KB,64,1,16384,19832.48670180882,608743.0430463463,628575.5297481552,54140554.34117949,1763867.0967419192,False,False,False,False
1073741824,1024 MB,64,65536,64 KB,64,2,16384,19832.48670180882,305427.5215231731,325260.0082249819,54140554.34117949,3515537.2333351895,False,False,False,False
1073741824,1024 MB,64,65536,64 KB,64,4,16384,19832.48670180882,153769.76076158654,173602.24746339535,54140554.34117949,6982789.195235797,False,False,False,False
1073741824,1024 MB,64,65536,64 KB,64,8,16384,19832.48670180882,77940.8803807933,97773.36708260211,54140554.34117949,13776362.529574383,False,False,False,False
1073741824,1024 MB,64,65536,64 KB,64,16,16384,19832.48670180882,40026.44019039665,59858.92689220547,54140554.34117949,26825813.609515484,False,False,False,False
1073741824,1024 MB,64,65536,64 KB,64,32,16384,19832.48670180882,21069.22009519832,40901.70679700714,54140554.34117949,50962580.4442902,False,False,False,False
1073741824,1024 MB,64,65536,64 KB,64,64,16384,19832.48670180882,11590.610047599164,31423.09674940798,54140554.34117949,92638939.58906943,False,False,False,False
1073741824,1024 MB,64,65536,64 KB,64,128,16384,19800.48670180882,6819.305023799581,26619.7917256084,54228052.076210395,157456195.35313475,False,False,False,False
1073741824,1024 MB,64,65536,64 KB,64,256,16384,19784.48670180882,4433.652511899791,24218.139213708608,54271907.08474796,242179968.12292102,False,False,False,False
1073741824,1024 MB,64,65536,64 KB,128,1,16384,17464.48670180882,608711.0430463463,626175.5297481552,61481441.873054944,1763959.823410411,False,False,False,False
1073741824,1024 MB,64,65536,64 KB,128,2,16384,17464.48670180882,305395.5215231731,322860.0082249819,61481441.873054944,3515905.598892437,False,False,False,False
1073741824,1024 MB,64,65536,64 KB,128,4,16384,17464.48670180882,153737.76076158654,171202.24746339535,61481441.873054944,6984242.639419846,False,False,False,False
1073741824,1024 MB,64,65536,64 KB,128,8,16384,17464.48670180882,77908.8803807933,95373.36708260211,61481441.873054944,13782020.98081629,False,False,False,False
1073741824,1024 MB,64,65536,64 KB,128,16,16384,17464.48670180882,39994.44019039665,57458.92689220547,61481441.873054944,26847277.243746087,False,False,False,False
1073741824,1024 MB,64,65536,64 KB,128,32,16384,17464.48670180882,21037.22009519832,38501.70679700714,61481441.873054944,51040100.31463607,False,False,False,False
1073741824,1024 MB,64,65536,64 KB,128,64,16384,17464.48670180882,11558.610047599164,29023.09674940798,61481441.873054944,92895410.3978122,False,False,False,False
1073741824,1024 MB,64,65536,64 KB,128,128,16384,17464.48670180882,6819.305023799581,24283.7917256084,61481441.873054944,157456195.35313475,False,False,False,False
1073741824,1024 MB,64,65536,64 KB,128,256,16384,17448.48670180882,4433.652511899791,21882.139213708608,61537819.43099336,242179968.12292102,False,False,False,False
1073741824,1024 MB,64,65536,64 KB,256,1,16384,16280.486701808817,608695.0430463463,624975.5297481552,65952685.79290713,1764006.1904007404,False,False,False,False
1073741824,1024 MB,64,65536,64 KB,256,2,16384,16280.486701808817,305379.5215231731,321660.0082249819,65952685.79290713,3516089.810621179,False,False,False,False
1073741824,1024 MB,64,65536,64 KB,256,4,16384,16280.486701808817,153721.76076158654,170002.24746339535,65952685.79290713,6984969.58843264,False,False,False,False
1073741824,1024 MB,64,65536,64 KB,256,8,16384,16280.486701808817,77892.8803807933,94173.36708260211,65952685.79290713,13784851.949893504,False,False,False,False
1073741824,1024 MB,64,65536,64 KB,256,16,16384,16280.486701808817,39978.44019039665,56258.92689220547,65952685.79290713,26858021.945986953,False,False,False,False
1073741824,1024 MB,64,65536,64 KB,256,32,16384,16280.486701808817,21021.22009519832,37301.70679700714,65952685.79290713,51078948.75451424,False,False,False,False
1073741824,1024 MB,64,65536,64 KB,256,64,16384,16280.486701808817,11542.610047599164,27823.09674940798,65952685.79290713,93024179.06973612,False,False,False,False
1073741824,1024 MB,64,65536,64 KB,256,128,16384,16280.486701808817,6803.305023799581,23083.791725608397,65952685.79290713,157826500.53816423,False,False,False,False
1073741824,1024 MB,64,65536,64 KB,256,256,16384,16280.486701808817,4433.652511899791,20714.139213708608,65952685.79290713,242179968.12292102,False,False,False,False
1073741824,1024 MB,64,262144,256 KB,1,1,4096,306878.1216754522,611239.0430463463,918117.1647217985,3498919.434652844,1756664.3299626152,False,False,False,False
1073741824,1024 MB,64,262144,256 KB,1,2,4096,304830.1216754522,305875.5215231731,610705.6431986253,3522426.911416569,3510388.2084224042,False,False,False,False
1073741824,1024 MB,64,262144,256 KB,1,4,4096,303806.1216754522,153193.76076158654,456999.88243703876,3534299.500215631,7009044.093323425,False,False,False,False
1073741824,1024 MB,64,262144,256 KB,1,8,4096,303294.1216754522,76852.8803807933,380147.0020562455,3540265.8583306978,13971393.377577875,False,False,False,False
1073741824,1024 MB,64,262144,256 KB,1,16,4096,303038.1216754522,38682.44019039665,341720.56186584884,3543256.5977621656,27757861.673539627,False,False,False,False
1073741824,1024 MB,64,262144,256 KB,1,32,4096,302910.1216754522,19597.22009519832,322507.3417706505,3544753.863162229,54790517.16437509,False,False,False,False
1073741824,1024 MB,64,262144,256 KB,1,64,4096,302846.1216754522,10054.610047599164,312900.7317230514,3545502.9704844137,106790996.2611019,False,False,False,False
1073741824,1024 MB,64,262144,256 KB,1,128,4096,302814.1216754522,5283.305023799581,308097.4266992518,3545877.6428888175,203232979.95537645,False,False,False,False
1073741824,1024 MB,64,262144,256 KB,1,256,4096,302798.1216754522,2897.6525118997906,305695.774187352,3546065.0087878276,370555758.35627776,False,False,False,False
1073741824,1024 MB,64,262144,256 KB,2,1,4096,155326.12167545222,609191.0430463463,764517.1647217985,6912821.954336445,1762569.9462529875,False,False,False,False
1073741824,1024 MB,64,262144,256 KB,2,2,4096,155326.12167545222,305875.5215231731,461201.6431986253,6912821.954336445,3510388.2084224042,False,False,False,False
1073741824,1024 MB,64,262144,256 KB,2,4,4096,154302.12167545222,153193.76076158654,307495.88243703876,6958697.731055377,7009044.093323425,False,False,False,False
1073741824,1024 MB,64,262144,256 KB,2,8,4096,153790.12167545222,76852.8803807933,230643.00205624552,6981864.714730825,13971393.377577875,False,False,False,False
1073741824,1024 MB,64,262144,256 KB,2,16,4096,153534.12167545222,38682.44019039665,192216.56186584887,6993506.148878925,27757861.673539627,False,False,False,False
1073741824,1024 MB,64,262144,256 KB,2,32,4096,153406.12167545222,19597.22009519832,173003.34177065053,6999341.436136562,54790517.16437509,False,False,False,False
1073741824,1024 MB,64,262144,256 KB,2,64,4096,153342.12167545222,10054.610047599164,163396.73172305137,7002262.732953238,106790996.2611019,False,False,False,False
1073741824,1024 MB,64,262144,256 KB,2,128,4096,153310.12167545222,5283.305023799581,158593.4266992518,7003724.295992949,203232979.95537645,False,False,False,False
1073741824,1024 MB,64,262144,256 KB,2,256,4096,153294.12167545222,2897.6525118997906,156191.774187352,7004455.3063377105,370555758.35627776,False,False,False,False
1073741824,1024 MB,64,262144,256 KB,4,1,4096,79550.1216754522,608167.0430463463,687717.1647217985,13497676.702251207,1765537.6697519827,False,False,False,False
1073741824,1024 MB,64,262144,256 KB,4,2,4096,79550.1216754522,304851.5215231731,384401.6431986253,13497676.702251207,3522179.6454717065,False,False,False,False
1073741824,1024 MB,64,262144,256 KB,4,4,4096,79550.1216754522,153193.76076158654,232743.88243703876,13497676.702251207,7009044.093323425,False,False,False,False
1073741824,1024 MB,64,262144,256 KB,4,8,4096,79038.1216754522,76852.8803807933,155891.00205624552,13585113.123120746,13971393.377577875,False,False,False,False
1073741824,1024 MB,64,262144,256 KB,4,16,4096,78782.1216754522,38682.44019039665,117464.56186584885,13629257.516360698,27757861.673539627,False,False,False,False
1073741824,1024 MB,64,262144,256 KB,4,32,4096,78654.1216754522,19597.22009519832,98251.34177065053,13651437.472413003,54790517.16437509,False,False,False,False
1073741824,1024 MB,64,262144,256 KB,4,64,4096,78590.1216754522,10054.610047599164,88644.73172305137,13662554.543866873,106790996.2611019,False,False,False,False
1073741824,1024 MB,64,262144,256 KB,4,128,4096,78558.1216754522,5283.305023799581,83841.42669925178,13668119.872264236,203232979.95537645,False,False,False,False
1073741824,1024 MB,64,262144,256 KB,4,256,4096,78542.1216754522,2897.6525118997906,81439.774187352,13670904.237052085,370555758.35627776,False,False,False,False
1073741824,1024 MB,64,262144,256 KB,8,1,4096,41662.1216754522,607655.0430463463,649317.1647217985,25772615.04741514,1767025.282332932,False,False,False,False
1073741824,1024 MB,64,262144,256 KB,8,2,4096,41662.1216754522,304339.5215231731,346001.6431986253,25772615.04741514,3528105.1196574317,False,False,False,False
1073741824,1024 MB,64,262144,256 KB,8,4,4096,41662.1216754522,152681.76076158654,194343.88243703876,25772615.04741514,7032548.083308092,False,False,False,False
1073741824,1024 MB,64,262144,256 KB,8,8,4096,41662.1216754522,76852.8803807933,118515.0020562455,25772615.04741514,13971393.377577875,False,False,False,False
1073741824,1024 MB,64,262144,256 KB,8,16,4096,41406.1216754522,38682.44019039665,80088.56186584885,25931958.38084426,27757861.673539627,False,False,False,False
1073741824,1024 MB,64,262144,256 KB,8,32,4096,41278.1216754522,19597.22009519832,60875.34177065053,26012371.21306676,54790517.16437509,False,False,False,False
1073741824,1024 MB,64,262144,256 KB,8,64,4096,41214.1216754522,10054.610047599164,51268.731723051365,26052764.93468349,106790996.2611019,False,False,False,False
1073741824,1024 MB,64,262144,256 KB,8,128,4096,41182.1216754522,5283.305023799581,46465.42669925178,26073008.87656876,203232979.95537645,False,False,False,False
1073741824,1024 MB,64,262144,256 KB,8,256,4096,41166.1216754522,2897.6525118997906,44063.77418735199,26083142.6498038,370555758.35627776,False,False,False,False
1073741824,1024 MB,64,262144,256 KB,16,1,4096,22718.121675452203,607399.0430463463,630117.1647217985,47263670.79723052,1767770.0290977745,False,False,False,False
1073741824,1024 MB,64,262144,256 KB,16,2,4096,22718.121675452203,304083.5215231731,326801.6431986253,47263670.79723052,3531075.3395039663,False,False,False,False
1073741824,1024 MB,64,262144,256 KB,16,4,4096,22718.121675452203,152425.76076158654,175143.88243703876,47263670.79723052,7044359.290943413,False,False,False,False
1073741824,1024 MB,64,262144,256 KB,16,8,4096,22718.121675452203,76596.8803807933,99315.0020562455,47263670.79723052,14018088.186646845,False,False,False,False
1073741824,1024 MB,64,262144,256 KB,16,16,4096,22718.121675452203,38682.44019039665,61400.56186584885,47263670.79723052,27757861.673539627,False,False,False,False
1073741824,1024 MB,64,262144,256 KB,16,32,4096,22590.121675452203,19597.22009519832,42187.34177065053,47531475.900229126,54790517.16437509,False,False,False,False
1073741824,1024 MB,64,262144,256 KB,16,64,4096,22526.121675452203,10054.610047599164,32580.731723051365,47666519.76181537,106790996.2611019,False,False,False,False
1073741824,1024 MB,64,262144,256 KB,16,128,4096,22494.121675452203,5283.305023799581,27777.426699251784,47734329.86146655,203232979.95537645,False,False,False,False
1073741824,1024 MB,64,262144,256 KB,16,256,4096,22478.121675452203,2897.6525118997906,25375.77418735199,47768307.312465824,370555758.35627776,False,False,False,False
1073741824,1024 MB,64,262144,256 KB,32,1,4096,13246.121675452205,607271.0430463463,620517.1647217985,81060845.60508493,1768142.6379456942,False,False,False,False
1073741824,1024 MB,64,262144,256 KB,32,2,4096,13246.121675452205,303955.5215231731,317201.6431986253,81060845.60508493,3532562.325630066,False,False,False,False
1073741824,1024 MB,64,262144,256 KB,32,4,4096,13246.121675452205,152297.76076158654,165543.88243703876,81060845.60508493,7050279.785011952,False,False,False,False
1073741824,1024 MB,64,262144,256 KB,32,8,4096,13246.121675452205,76468.8803807933,89715.0020562455,81060845.60508493,14041552.833689611,False,False,False,False
1073741824,1024 MB,64,262144,256 KB,32,16,4096,13246.121675452205,38554.44019039665,51800.56186584885,81060845.60508493,27850017.240490332,False,False,False,False
1073741824,1024 MB,64,262144,256 KB,32,32,4096,13246.121675452205,19597.22009519832,32843.34177065053,81060845.60508493,54790517.16437509,False,False,False,False
1073741824,1024 MB,64,262144,256 KB,32,64,4096,13182.121675452205,10054.610047599164,23236.73172305137,81454400.92542356,106790996.2611019,False,False,False,False
1073741824,1024 MB,64,262144,256 KB,32,128,4096,13150.121675452205,5283.305023799581,18433.426699251788,81652615.12404038,203232979.95537645,False,False,False,False
1073741824,1024 MB,64,262144,256 KB,32,256,4096,13134.121675452205,2897.6525118997906,16031.774187351995,81752084.42044765,370555758.35627776,False,False,False,False
1073741824,1024 MB,64,262144,256 KB,64,1,4096,8510.121675452205,607207.0430463463,615717.1647217985,126172323.37549913,1768329.0012794607,False,False,False,False
1073741824,1024 MB,64,262144,256 KB,64,2,4096,8510.121675452205,303891.5215231731,312401.6431986253,126172323.37549913,3533306.288435304,False,False,False,False
1073741824,1024 MB,64,262144,256 KB,64,4,4096,8510.121675452205,152233.76076158654,160743.88243703876,126172323.37549913,7053243.765563857,False,False,False,False
1073741824,1024 MB,64,262144,256 KB,64,8,4096,8510.121675452205,76404.8803807933,84915.0020562455,126172323.37549913,14053314.63970092,False,False,False,False
1073741824,1024 MB,64,262144,256 KB,64,16,4096,8510.121675452205,38490.44019039665,47000.56186584885,126172323.37549913,27896324.871542994,False,False,False,False
1073741824,1024 MB,64,262144,256 KB,64,32,4096,8510.121675452205,19533.22009519832,28043.341770650528,126172323.37549913,54970036.62309363,False,False,False,False
1073741824,1024 MB,64,262144,256 KB,64,64,4096,8510.121675452205,10054.610047599164,18564.73172305137,126172323.37549913,106790996.2611019,False,False,False,False
1073741824,1024 MB,64,262144,256 KB,64,128,4096,8478.121675452205,5283.305023799581,13761.426699251786,126648550.83513872,203232979.95537645,False,False,False,False
1073741824,1024 MB,64,262144,256 KB,64,256,4096,8462.121675452205,2897.6525118997906,11359.774187351995,126888015.22611299,370555758.35627776,False,False,False,False
1073741824,1024 MB,64,262144,256 KB,128,1,4096,6142.121675452205,607175.0430463463,613317.1647217985,174816110.9037208,1768422.1976792286,False,False,False,False
1073741824,1024 MB,64,262144,256 KB,128,2,4096,6142.121675452205,303859.5215231731,310001.6431986253,174816110.9037208,3533678.387360041,False,False,False,False
1073741824,1024 MB,64,262144,256 KB,128,4,4096,6142.121675452205,152201.76076158654,158343.88243703876,174816110.9037208,7054726.690592902,False,False,False,False
1073741824,1024 MB,64,262144,256 KB,128,8,4096,6142.121675452205,76372.8803807933,82515.0020562455,174816110.9037208,14059202.93494693,False,False,False,False
1073741824,1024 MB,64,262144,256 KB,128,16,4096,6142.121675452205,38458.44019039665,44600.56186584885,174816110.9037208,27919536.48364868,False,False,False,False
1073741824,1024 MB,64,262144,256 KB,128,32,4096,6142.121675452205,19501.22009519832,25643.341770650528,174816110.9037208,55060238.21885799,False,False,False,False
1073741824,1024 MB,64,262144,256 KB,128,64,4096,6142.121675452205,10022.610047599164,16164.731723051369,174816110.9037208,107131956.53633219,False,False,False,False
1073741824,1024 MB,64,262144,256 KB,128,128,4096,6142.121675452205,5283.305023799581,11425.426699251786,174816110.9037208,203232979.95537645,False,False,False,False
1073741824,1024 MB,64,262144,256 KB,128,256,4096,6126.121675452205,2897.6525118997906,9023.774187351995,175272689.78390652,370555758.35627776,False,False,False,False
1073741824,1024 MB,64,262144,256 KB,256,1,4096,4958.121675452205,607159.0430463463,612117.1647217985,216562217.36471796,1768468.7995630135,False,False,False,False
1073741824,1024 MB,64,262144,256 KB,256,2,4096,4958.121675452205,303843.5215231731,308801.6431986253,216562217.36471796,3533864.4662137693,False,False,False,False
1073741824,1024 MB,64,262144,256 KB,256,4,4096,4958.121675452205,152185.76076158654,157143.88243703876,216562217.36471796,7055468.386967678,False,False,False,False
1073741824,1024 MB,64,262144,256 KB,256,8,4096,4958.121675452205,76356.8803807933,81315.0020562455,216562217.36471796,14062148.933340754,False,False,False,False
1073741824,1024 MB,64,262144,256 KB,256,16,4096,4958.121675452205,38442.44019039665,43400.56186584885,216562217.36471796,27931156.780943178,False,False,False,False
1073741824,1024 MB,64,262144,256 KB,256,32,4096,4958.121675452205,19485.22009519832,24443.341770650528,216562217.36471796,55105450.11829754,False,False,False,False
1073741824,1024 MB,64,262144,256 KB,256,64,4096,4958.121675452205,10006.610047599164,14964.731723051369,216562217.36471796,107303254.43806192,False,False,False,False
1073741824,1024 MB,64,262144,256 KB,256,128,4096,4958.121675452205,5267.305023799581,10225.426699251786,216562217.36471796,203850321.77716073,False,False,False,False
1073741824,1024 MB,64,262144,256 KB,256,256,4096,4958.121675452205,2897.6525118997906,7855.774187351995,216562217.36471796,370555758.35627776,False,False,False,False
1073741824,1024 MB,64,1048576,1 MB,1,1,1024,304047.53041886305,610855.0430463463,914902.5734652093,3531493.3244837997,1757768.6166675945,False,False,False,False
1073741824,1024 MB,64,1048576,1 MB,1,2,1024,301999.53041886305,305491.5215231731,607491.0519420361,3555442.0316838133,3514800.733736734,False,False,False,False
1073741824,1024 MB,64,1048576,1 MB,1,4,1024,300975.53041886305,152809.76076158654,453785.2911804496,3567538.605233754,7026657.319850462,False,False,False,False
1073741824,1024 MB,64,1048576,1 MB,1,8,1024,300463.53041886305,76468.8803807933,376932.41079965635,3573617.8114633197,14041552.833689611,False,False,False,False
1073741824,1024 MB,64,1048576,1 MB,1,16,1024,300207.53041886305,38298.44019039665,338505.9706092597,3576665.190582885,28036176.37329369,False,False,False,False
1073741824,1024 MB,64,1048576,1 MB,1,32,1024,300079.53041886305,19213.22009519832,319292.75051406136,3578190.8299484076,55885573.51031151,False,False,False,False
1073741824,1024 MB,64,1048576,1 MB,1,64,1024,300015.53041886305,9670.610047599164,309686.14046646224,3578954.1378104934,111031446.69415848,False,False,False,False
1073741824,1024 MB,64,1048576,1 MB,1,128,1024,299983.53041886305,4899.305023799581,304882.83544266265,3579335.9138775,219162068.65750033,False,False,False,False
1073741824,1024 MB,64,1048576,1 MB,1,256,1024,299967.53041886305,2513.6525118997906,302481.1829307628,3579526.832456394,427163985.0444077,False,False,False,False
1073741824,1024 MB,64,1048576,1 MB,2,1,1024,152495.53041886305,608807.0430463463,761302.5734652093,7041136.360198415,1763681.6726482252,False,False,False,False
1073741824,1024 MB,64,1048576,1 MB,2,2,1024,152495.53041886305,305491.5215231731,457987.05194203614,7041136.360198415,3514800.733736734,False,False,False,False
1073741824,1024 MB,64,1048576,1 MB,2,4,1024,151471.53041886305,152809.76076158654,304281.2911804496,7088736.880328534,7026657.319850462,False,False,False,False
1073741824,1024 MB,64,1048576,1 MB,2,8,1024,150959.53041886305,76468.8803807933,227428.41079965635,7112779.305955175,14041552.833689611,False,False,False,False
1073741824,1024 MB,64,1048576,1 MB,2,16,1024,150703.53041886305,38298.44019039665,189001.9706092597,7124861.780050266,28036176.37329369,False,False,False,False
1073741824,1024 MB,64,1048576,1 MB,2,32,1024,150575.53041886305,19213.22009519832,169788.75051406136,7130918.423552099,55885573.51031151,False,False,False,False
1073741824,1024 MB,64,1048576,1 MB,2,64,1024,150511.53041886305,9670.610047599164,160182.1404664622,7133950.608380977,111031446.69415848,False,False,False,False
1073741824,1024 MB,64,1048576,1 MB,2,128,1024,150479.53041886305,4899.305023799581,155378.83544266265,7135467.668002526,219162068.65750033,False,False,False,False
1073741824,1024 MB,64,1048576,1 MB,2,256,1024,150463.53041886305,2513.6525118997906,152977.18293076285,7136226.4397950675,427163985.0444077,False,False,False,False
1073741824,1024 MB,64,1048576,1 MB,4,1,1024,76719.53041886305,607783.0430463463,684502.5734652093,13995677.738611376,1766653.1442176518,False,False,False,False
1073741824,1024 MB,64,1048576,1 MB,4,2,1024,76719.53041886305,304467.5215231731,381187.05194203614,13995677.738611376,3526621.8827819284,False,False,False,False
1073741824,1024 MB,64,1048576,1 MB,4,4,1024,76719.53041886305,152809.76076158654,229529.2911804496,13995677.738611376,7026657.319850462,False,False,False,False
1073741824,1024 MB,64,1048576,1 MB,4,8,1024,76207.53041886305,76468.8803807933,152676.41079965635,14089707.645666275,14041552.833689611,False,False,False,False
1073741824,1024 MB,64,1048576,1 MB,4,16,1024,75951.53041886305,38298.44019039665,114249.9706092597,14137198.000862524,28036176.37329369,False,False,False,False
1073741824,1024 MB,64,1048576,1 MB,4,32,1024,75823.53041886305,19213.22009519832,95036.75051406138,14161063.433322791,55885573.51031151,False,False,False,False
1073741824,1024 MB,64,1048576,1 MB,4,64,1024,75759.53041886305,9670.610047599164,85430.14046646222,14173026.391048662,111031446.69415848,False,False,False,False
1073741824,1024 MB,64,1048576,1 MB,4,128,1024,75727.53041886305,4899.305023799581,80626.83544266263,14179015.452648915,219162068.65750033,False,False,False,False
1073741824,1024 MB,64,1048576,1 MB,4,256,1024,75711.53041886305,2513.6525118997906,78225.18293076285,14182011.881937655,427163985.0444077,False,False,False,False
1073741824,1024 MB,64,1048576,1 MB,8,1,1024,38831.530418863054,607271.0430463463,646102.5734652093,27651287.81734578,1768142.6379456942,False,False,False,False
1073741824,1024 MB,64,1048576,1 MB,8,2,1024,38831.530418863054,303955.5215231731,342787.05194203614,27651287.81734578,3532562.325630066,False,False,False,False
1073741824,1024 MB,64,1048576,1 MB,8,4,1024,38831.530418863054,152297.76076158654,191129.2911804496,27651287.81734578,7050279.785011952,False,False,False,False
1073741824,1024 MB,64,1048576,1 MB,8,8,1024,38831.530418863054,76468.8803807933,115300.41079965635,27651287.81734578,14041552.833689611,False,False,False,False
1073741824,1024 MB,64,1048576,1 MB,8,16,1024,38575.530418863054,38298.44019039665,76873.9706092597,27834790.92422151,28036176.37329369,False,False,False,False
1073741824,1024 MB,64,1048576,1 MB,8,32,1024,38447.530418863054,19213.22009519832,57660.75051406138,27927458.8589233,55885573.51031151,False,False,False,False
1073741824,1024 MB,64,1048576,1 MB,8,64,1024,38383.530418863054,9670.610047599164,48054.14046646222,27974024.5955157,111031446.69415848,False,False,False,False
1073741824,1024 MB,64,1048576,1 MB,8,128,1024,38351.530418863054,4899.305023799581,43250.83544266263,27997365.74454625,219162068.65750033,False,False,False,False
1073741824,1024 MB,64,1048576,1 MB,8,256,1024,38335.530418863054,2513.6525118997906,40849.18293076284,28009050.931812953,427163985.0444077,False,False,False,False
1073741824,1024 MB,64,1048576,1 MB,16,1,1024,19887.53041886305,607015.0430463463,626902.5734652093,53990706.80900483,1768888.327069052,False,False,False,False
1073741824,1024 MB,64,1048576,1 MB,16,2,1024,19887.53041886305,303699.5215231731,323587.05194203614,53990706.80900483,3535540.05819555,False,False,False,False
1073741824,1024 MB,64,1048576,1 MB,16,4,1024,19887.53041886305,152041.76076158654,171929.2911804496,53990706.80900483,7062150.679007933,False,False,False,False
1073741824,1024 MB,64,1048576,1 MB,16,8,1024,19887.53041886305,76212.8803807933,96100.41079965635,53990706.80900483,14088718.58188682,False,False,False,False
1073741824,1024 MB,64,1048576,1 MB,16,16,1024,19887.53041886305,38298.44019039665,58185.970609259704,53990706.80900483,28036176.37329369,False,False,False,False
1073741824,1024 MB,64,1048576,1 MB,16,32,1024,19759.53041886305,19213.22009519832,38972.75051406137,54340452.49248298,55885573.51031151,False,False,False,False
1073741824,1024 MB,64,1048576,1 MB,16,64,1024,19695.53041886305,9670.610047599164,29366.140466462217,54517030.06544279,111031446.69415848,False,False,False,False
1073741824,1024 MB,64,1048576,1 MB,16,128,1024,19663.53041886305,4899.305023799581,24562.835442662632,54605749.889652014,219162068.65750033,False,False,False,False
1073741824,1024 MB,64,1048576,1 MB,16,256,1024,19647.53041886305,2513.6525118997906,22161.182930762843,54650218.17546749,427163985.0444077,False,False,False,False
1073741824,1024 MB,64,1048576,1 MB,32,1,1024,10415.53041886305,606887.0430463463,617302.5734652093,103090460.18966056,1769261.4075433495,False,False,False,False
1073741824,1024 MB,64,1048576,1 MB,32,2,1024,10415.53041886305,303571.5215231731,313987.05194203614,103090460.18966056,3537030.807805982,False,False,False,False
1073741824,1024 MB,64,1048576,1 MB,32,4,1024,10415.53041886305,151913.76076158654,162329.2911804496,103090460.18966056,7068101.12933173,False,False,False,False
1073741824,1024 MB,64,1048576,1 MB,32,8,1024,10415.53041886305,76084.8803807933,86500.41079965635,103090460.18966056,14112420.478629721,False,False,False,False
1073741824,1024 MB,64,1048576,1 MB,32,16,1024,10415.53041886305,38170.44019039665,48585.970609259704,103090460.18966056,28130192.333232358,False,False,False,False
1073741824,1024 MB,64,1048576,1 MB,32,32,1024,10415.53041886305,19213.22009519832,29628.750514061372,103090460.18966056,55885573.51031151,False,False,False,False
1073741824,1024 MB,64,1048576,1 MB,32,64,1024,10351.53041886305,9670.610047599164,20022.140466462217,103727833.52337705,111031446.69415848,False,False,False,False
1073741824,1024 MB,64,1048576,1 MB,32,128,1024,10319.53041886305,4899.305023799581,15218.835442662632,104049484.85226704,219162068.65750033,False,False,False,False
1073741824,1024 MB,64,1048576,1 MB,32,256,1024,10303.53041886305,2513.6525118997906,12817.182930762841,104211059.73873396,427163985.0444077,False,False,False,False
1073741824,1024 MB,64,1048576,1 MB,64,1,1024,5679.530418863051,606823.0430463463,612502.5734652093,189054683.18892208,1769448.0068021952,False,False,False,False
1073741824,1024 MB,64,1048576,1 MB,64,2,1024,5679.530418863051,303507.5215231731,309187.05194203614,189054683.18892208,3537776.6541381045,False,False,False,False
1073741824,1024 MB,64,1048576,1 MB,64,4,1024,5679.530418863051,151849.76076158654,157529.2911804496,189054683.18892208,7071080.1163911,False,False,False,False
1073741824,1024 MB,64,1048576,1 MB,64,8,1024,5679.530418863051,76020.8803807933,81700.41079965635,189054683.18892208,14124301.35801586,False,False,False,False
1073741824,1024 MB,64,1048576,1 MB,64,16,1024,5679.530418863051,38106.44019039665,43785.970609259704,189054683.18892208,28177437.16377364,False,False,False,False
1073741824,1024 MB,64,1048576,1 MB,64,32,1024,5679.530418863051,19149.22009519832,24828.750514061372,189054683.18892208,56072352.746587396,False,False,False,False
1073741824,1024 MB,64,1048576,1 MB,64,64,1024,5679.530418863051,9670.610047599164,15350.140466462215,189054683.18892208,111031446.69415848,False,False,False,False
1073741824,1024 MB,64,1048576,1 MB,64,128,1024,5647.530418863051,4899.305023799581,10546.835442662632,190125903.6009165,219162068.65750033,False,False,False,False
1073741824,1024 MB,64,1048576,1 MB,64,256,1024,5631.530418863051,2513.6525118997906,8145.182930762841,190666079.04726148,427163985.0444077,False,False,False,False
1073741824,1024 MB,64,1048576,1 MB,128,1,1024,3311.530418863051,606791.0430463463,610102.5734652093,324243382.4203397,1769541.3211924888,False,False,False,False
1073741824,1024 MB,64,1048576,1 MB,128,2,1024,3311.530418863051,303475.5215231731,306787.05194203614,324243382.4203397,3538149.6952729025,False,False,False,False
1073741824,1024 MB,64,1048576,1 MB,128,4,1024,3311.530418863051,151817.76076158654,155129.2911804496,324243382.4203397,7072570.5517827775,False,False,False,False
1073741824,1024 MB,64,1048576,1 MB,128,8,1024,3311.530418863051,75988.8803807933,79300.41079965635,324243382.4203397,14130249.302520258,False,False,False,False
1073741824,1024 MB,64,1048576,1 MB,128,16,1024,3311.530418863051,38074.44019039665,41385.970609259704,324243382.4203397,28201119.140047796,False,False,False,False
1073741824,1024 MB,64,1048576,1 MB,128,32,1024,3311.530418863051,19117.22009519832,22428.750514061372,324243382.4203397,56166211.33475845,False,False,False,False
1073741824,1024 MB,64,1048576,1 MB,128,64,1024,3311.530418863051,9638.610047599164,12950.140466462215,324243382.4203397,111400068.96196131,False,False,False,False
1073741824,1024 MB,64,1048576,1 MB,128,128,1024,3311.530418863051,4899.305023799581,8210.835442662632,324243382.4203397,219162068.65750033,False,False,False,False
1073741824,1024 MB,64,1048576,1 MB,128,256,1024,3295.530418863051,2513.6525118997906,5809.182930762841,325817603.70169425,427163985.0444077,False,False,False,False
1073741824,1024 MB,64,1048576,1 MB,256,1,1024,2127.530418863051,606775.0430463463,608902.5734652093,504689293.5019965,1769587.982078535,True,False,False,False
1073741824,1024 MB,64,1048576,1 MB,256,2,1024,2127.530418863051,303459.5215231731,305587.05194203614,504689293.5019965,3538336.245343371,True,False,False,False
1073741824,1024 MB,64,1048576,1 MB,256,4,1024,2127.530418863051,151801.76076158654,153929.2911804496,504689293.5019965,7073316.005117844,True,False,False,False
1073741824,1024 MB,64,1048576,1 MB,256,8,1024,2127.530418863051,75972.8803807933,78100.41079965635,504689293.5019965,14133225.15374121,True,False,False,False
1073741824,1024 MB,64,1048576,1 MB,256,16,1024,2127.530418863051,38058.44019039665,40185.970609259704,504689293.5019965,28212975.062255416,True,False,False,False
1073741824,1024 MB,64,1048576,1 MB,256,32,1024,2127.530418863051,19101.22009519832,21228.750514061372,504689293.5019965,56213258.558803685,True,False,False,False
1073741824,1024 MB,64,1048576,1 MB,256,64,1024,2127.530418863051,9622.610047599164,11750.140466462215,504689293.5019965,111585299.48617195,True,False,False,False
1073741824,1024 MB,64,1048576,1 MB,256,128,1024,2127.530418863051,4883.305023799581,7010.835442662632,504689293.5019965,219880146.49237445,True,False,False,False
1073741824,1024 MB,64,1048576,1 MB,256,256,1024,2127.530418863051,2513.6525118997906,4641.182930762841,504689293.5019965,427163985.0444077,True,False,False,False
1073741824,1024 MB,64,4194304,4 MB,1,1,256,303339.88260471576,610759.0430463463,914098.925651062,3539731.784623917,1758044.9053105894,False,False,False,False
1073741824,1024 MB,64,4194304,4 MB,1,2,256,301291.88260471576,305395.5215231731,606687.4041278888,3563792.7405057615,3515905.598892437,False,False,False,False
1073741824,1024 MB,64,4194304,4 MB,1,4,256,300267.88260471576,152713.76076158654,452981.6433663023,3575946.3006355404,7031074.466670379,False,False,False,False
1073741824,1024 MB,64,4194304,4 MB,1,8,256,299755.88260471576,76372.8803807933,376128.76298550906,3582054.2191524883,14059202.93494693,False,False,False,False
1073741824,1024 MB,64,4194304,4 MB,1,16,256,299499.88260471576,38202.44019039665,337702.3227951124,3585116.0096017127,28106629.27940184,False,False,False,False
1073741824,1024 MB,64,4194304,4 MB,1,32,256,299371.88260471576,19117.22009519832,318489.1026999141,3586648.86848357,56166211.33475845,False,False,False,False
1073741824,1024 MB,64,4194304,4 MB,1,64,256,299307.88260471576,9574.610047599164,308882.49265231495,3587415.7895736042,112144705.49317475,False,False,False,False
1073741824,1024 MB,64,4194304,4 MB,1,128,256,299275.88260471576,4803.305023799581,304079.18762851536,3587799.3731228937,223542294.041246,False,False,False,False
1073741824,1024 MB,64,4194304,4 MB,1,256,256,299259.88260471576,2417.6525118997906,301677.53511661553,3587991.1956601157,444125786.77663404,False,False,False,False
1073741824,1024 MB,64,4194304,4 MB,2,1,256,151787.88260471576,608711.0430463463,760498.925651062,7073962.727289805,1763959.823410411,False,False,False,False
1073741824,1024 MB,64,4194304,4 MB,2,2,256,151787.88260471576,305395.5215231731,457183.40412788885,7073962.727289805,3515905.598892437,False,False,False,False
1073741824,1024 MB,64,4194304,4 MB,2,4,256,150763.88260471576,152713.76076158654,303477.6433663023,7122009.6315456275,7031074.466670379,False,False,False,False
1073741824,1024 MB,64,4194304,4 MB,2,8,256,150251.88260471576,76372.8803807933,226624.76298550906,7146278.671428106,14059202.93494693,False,False,False,False
1073741824,1024 MB,64,4194304,4 MB,2,16,256,149995.88260471576,38202.44019039665,188198.3227951124,7158475.321816882,28106629.27940184,False,False,False,False
1073741824,1024 MB,64,4194304,4 MB,2,32,256,149867.88260471576,19117.22009519832,168985.10269991407,7164589.272486416,56166211.33475845,False,False,False,False
1073741824,1024 MB,64,4194304,4 MB,2,64,256,149803.88260471576,9574.610047599164,159378.49265231492,7167650.165872263,112144705.49317475,False,False,False,False
1073741824,1024 MB,64,4194304,4 MB,2,128,256,149771.88260471576,4803.305023799581,154575.18762851536,7169181.593542925,223542294.041246,False,False,False,False
1073741824,1024 MB,64,4194304,4 MB,2,256,256,149755.88260471576,2417.6525118997906,152173.53511661556,7169947.552806104,444125786.77663404,False,False,False,False
1073741824,1024 MB,64,4194304,4 MB,4,1,256,76011.88260471576,607687.0430463463,683698.925651062,14125973.297935199,1766932.2331068844,False,False,False,False
1073741824,1024 MB,64,4194304,4 MB,4,2,256,76011.88260471576,304371.5215231731,380383.40412788885,14125973.297935199,3527734.193483839,False,False,False,False
1073741824,1024 MB,64,4194304,4 MB,4,4,256,76011.88260471576,152713.76076158654,228725.6433663023,14125973.297935199,7031074.466670379,False,False,False,False
1073741824,1024 MB,64,4194304,4 MB,4,8,256,75499.88260471576,76372.8803807933,151872.76298550906,14221768.126735253,14059202.93494693,False,False,False,False
1073741824,1024 MB,64,4194304,4 MB,4,16,256,75243.88260471576,38202.44019039665,113446.32279511241,14270154.420935016,28106629.27940184,False,False,False,False
1073741824,1024 MB,64,4194304,4 MB,4,32,256,75115.88260471576,19117.22009519832,94233.10269991409,14294471.245853279,56166211.33475845,False,False,False,False
1073741824,1024 MB,64,4194304,4 MB,4,64,256,75051.88260471576,9574.610047599164,84626.49265231493,14306660.76233154,112144705.49317475,False,False,False,False
1073741824,1024 MB,64,4194304,4 MB,4,128,256,75019.88260471576,4803.305023799581,79823.18762851534,14312763.31979363,223542294.041246,False,False,False,False
1073741824,1024 MB,64,4194304,4 MB,4,256,256,75003.88260471576,2417.6525118997906,77421.53511661556,14315816.551241973,444125786.77663404,False,False,False,False
1073741824,1024 MB,64,4194304,4 MB,8,1,256,38123.88260471576,607175.0430463463,645298.925651062,28164545.44079366,1768422.1976792286,False,False,False,False
1073741824,1024 MB,64,4194304,4 MB,8,2,256,38123.88260471576,303859.5215231731,341983.40412788885,28164545.44079366,3533678.387360041,False,False,False,False
1073741824,1024 MB,64,4194304,4 MB,8,4,256,38123.88260471576,152201.76076158654,190325.6433663023,28164545.44079366,7054726.690592902,False,False,False,False
1073741824,1024 MB,64,4194304,4 MB,8,8,256,38123.88260471576,76372.8803807933,114496.76298550906,28164545.44079366,14059202.93494693,False,False,False,False
1073741824,1024 MB,64,4194304,4 MB,8,16,256,37867.88260471576,38202.44019039665,76070.32279511241,28354947.521314137,28106629.27940184,False,False,False,False
1073741824,1024 MB,64,4194304,4 MB,8,32,256,37739.88260471576,19117.22009519832,56857.10269991409,28451117.2238207,56166211.33475845,False,False,False,False
1073741824,1024 MB,64,4194304,4 MB,8,64,256,37675.88260471576,9574.610047599164,47250.492652314926,28499447.120201062,112144705.49317475,False,False,False,False
1073741824,1024 MB,64,4194304,4 MB,8,128,256,37643.88260471576,4803.305023799581,42447.18762851534,28523673.694208395,223542294.041246,False,False,False,False
1073741824,1024 MB,64,4194304,4 MB,8,256,256,37627.88260471576,2417.6525118997906,40045.53511661555,28535802.43352391,444125786.77663404,False,False,False,False
1073741824,1024 MB,64,4194304,4 MB,16,1,256,19179.882604715764,606919.0430463463,626098.925651062,55982710.9544455,1769168.122671685,False,False,False,False
1073741824,1024 MB,64,4194304,4 MB,16,2,256,19179.882604715764,303603.5215231731,322783.40412788885,55982710.9544455,3536658.002558922,False,False,False,False
1073741824,1024 MB,64,4194304,4 MB,16,4,256,19179.882604715764,151945.76076158654,171125.6433663023,55982710.9544455,7066612.576870608,False,False,False,False
1073741824,1024 MB,64,4194304,4 MB,16,8,256,19179.882604715764,76116.8803807933,95296.76298550906,55982710.9544455,14106487.531127708,False,False,False,False
1073741824,1024 MB,64,4194304,4 MB,16,16,256,19179.882604715764,38202.44019039665,57382.32279511241,55982710.9544455,28106629.27940184,False,False,False,False
1073741824,1024 MB,64,4194304,4 MB,16,32,256,19051.882604715764,19117.22009519832,38169.10269991409,56358830.5826651,56166211.33475845,False,False,False,False
1073741824,1024 MB,64,4194304,4 MB,16,64,256,18987.882604715764,9574.610047599164,28562.492652314926,56548792.003450096,112144705.49317475,False,False,False,False
1073741824,1024 MB,64,4194304,4 MB,16,128,256,18955.882604715764,4803.305023799581,23759.187628515345,56644253.733291164,223542294.041246,False,False,False,False
1073741824,1024 MB,64,4194304,4 MB,16,256,256,18939.882604715764,2417.6525118997906,21357.535116615552,56692105.56419465,444125786.77663404,False,False,False,False
1073741824,1024 MB,64,4194304,4 MB,32,1,256,9707.882604715764,606791.0430463463,616498.925651062,110605151.26938312,1769541.3211924888,False,False,False,False
1073741824,1024 MB,64,4194304,4 MB,32,2,256,9707.882604715764,303475.5215231731,313183.40412788885,110605151.26938312,3538149.6952729025,False,False,False,False
1073741824,1024 MB,64,4194304,4 MB,32,4,256,9707.882604715764,151817.76076158654,161525.6433663023,110605151.26938312,7072570.5517827775,False,False,False,False
1073741824,1024 MB,64,4194304,4 MB,32,8,256,9707.882604715764,75988.8803807933,85696.76298550906,110605151.26938312,14130249.302520258,False,False,False,False
1073741824,1024 MB,64,4194304,4 MB,32,16,256,9707.882604715764,38074.44019039665,47782.32279511241,110605151.26938312,28201119.140047796,False,False,False,False
1073741824,1024 MB,64,4194304,4 MB,32,32,256,9707.882604715764,19117.22009519832,28825.102699914085,110605151.26938312,56166211.33475845,False,False,False,False
1073741824,1024 MB,64,4194304,4 MB,32,64,256,9643.882604715764,9574.610047599164,19218.492652314926,111339163.69688603,112144705.49317475,False,False,False,False
1073741824,1024 MB,64,4194304,4 MB,32,128,256,9611.882604715764,4803.305023799581,14415.187628515345,111709835.4356932,223542294.041246,False,False,False,False
1073741824,1024 MB,64,4194304,4 MB,32,256,256,9595.882604715764,2417.6525118997906,12013.535116615554,111896098.3820628,444125786.77663404,False,False,False,False
1073741824,1024 MB,64,4194304,4 MB,64,1,256,4971.882604715763,606727.0430463463,611698.925651062,215962827.2360193,1769727.9795026043,False,False,False,False
1073741824,1024 MB,64,4194304,4 MB,64,2,256,4971.882604715763,303411.5215231731,308383.40412788885,215962827.2360193,3538896.013604391,False,False,False,False
1073741824,1024 MB,64,4194304,4 MB,64,4,256,4971.882604715763,151753.76076158654,156725.6433663023,215962827.2360193,7075553.308276209,False,False,False,False
1073741824,1024 MB,64,4194304,4 MB,64,8,256,4971.882604715763,75924.8803807933,80896.76298550906,215962827.2360193,14142160.232782194,False,False,False,False
1073741824,1024 MB,64,4194304,4 MB,64,16,256,4971.882604715763,38010.44019039665,42982.32279511241,215962827.2360193,28248602.71603172,False,False,False,False
1073741824,1024 MB,64,4194304,4 MB,64,32,256,4971.882604715763,19053.22009519832,24025.102699914085,215962827.2360193,56354874.3275473,False,False,False,False
1073741824,1024 MB,64,4194304,4 MB,64,64,256,4971.882604715763,9574.610047599164,14546.492652314926,215962827.2360193,112144705.49317475,False,False,False,False
1073741824,1024 MB,64,4194304,4 MB,64,128,256,4939.882604715763,4803.305023799581,9743.187628515345,217361809.96993193,223542294.041246,False,False,False,False
1073741824,1024 MB,64,4194304,4 MB,64,256,256,4923.882604715763,2417.6525118997906,7341.535116615553,218068120.26177117,444125786.77663404,False,False,False,False
1073741824,1024 MB,64,4194304,4 MB,128,1,256,2603.8826047157627,606695.0430463463,609298.925651062,412361840.75864226,1769821.3234255407,False,False,False,False
1073741824,1024 MB,64,4194304,4 MB,128,2,256,2603.8826047157627,303379.5215231731,305983.40412788885,412361840.75864226,3539269.2908508796,False,False,False,False
1073741824,1024 MB,64,4194304,4 MB,128,4,256,2603.8826047157627,151721.76076158654,154325.6433663023,412361840.75864226,7077045.630173399,False,False,False,False
1073741824,1024 MB,64,4194304,4 MB,128,8,256,2603.8826047157627,75892.8803807933,78496.76298550906,412361840.75864226,14148123.231223924,False,False,False,False
1073741824,1024 MB,64,4194304,4 MB,128,16,256,2603.8826047157627,37978.44019039665,40582.32279511241,412361840.75864226,28272404.51732691,False,False,False,False
1073741824,1024 MB,64,4194304,4 MB,128,32,256,2603.8826047157627,19021.22009519832,21625.102699914085,412361840.75864226,56449681.91451889,False,False,False,False
1073741824,1024 MB,64,4194304,4 MB,128,64,256,2603.8826047157627,9542.610047599164,12146.492652314926,412361840.75864226,112520769.3329294,False,False,False,False
1073741824,1024 MB,64,4194304,4 MB,128,128,256,2603.8826047157627,4803.305023799581,7407.187628515344,412361840.75864226,223542294.041246,False,False,False,False
1073741824,1024 MB,64,4194304,4 MB,128,256,256,2587.8826047157627,2417.6525118997906,5005.535116615553,414911334.0935082,444125786.77663404,False,False,False,False
1073741824,1024 MB,64,4194304,4 MB,256,1,256,1419.8826047157627,606679.0430463463,608098.925651062,756218732.7556883,1769867.9990796605,True,False,False,False
1073741824,1024 MB,64,4194304,4 MB,256,2,256,1419.8826047157627,303363.5215231731,304783.40412788885,756218732.7556883,3539455.9590052096,True,False,False,False
1073741824,1024 MB,64,4194304,4 MB,256,4,256,1419.8826047157627,151705.76076158654,153125.6433663023,756218732.7556883,7077792.027208782,True,False,False,False
1073741824,1024 MB,64,4194304,4 MB,256,8,256,1419.8826047157627,75876.8803807933,77296.76298550906,756218732.7556883,14151106.616552413,True,False,False,False
1073741824,1024 MB,64,4194304,4 MB,256,16,256,1419.8826047157627,37962.44019039665,39382.32279511241,756218732.7556883,28284320.46556439,True,False,False,False
1073741824,1024 MB,64,4194304,4 MB,256,32,256,1419.8826047157627,19005.22009519832,20425.102699914085,756218732.7556883,56497205.432063445,True,False,False,False
1073741824,1024 MB,64,4194304,4 MB,256,64,256,1419.8826047157627,9526.610047599164,10946.492652314926,756218732.7556883,112709748.65509455,True,False,False,False
1073741824,1024 MB,64,4194304,4 MB,256,128,256,1419.8826047157627,4787.305023799581,6207.187628515344,756218732.7556883,224289410.98634952,True,False,False,False
1073741824,1024 MB,64,4194304,4 MB,256,256,256,1419.8826047157627,2417.6525118997906,3837.5351166155533,756218732.7556883,444125786.77663404,True,False,True,False
1073741824,1024 MB,64,16777216,16 MB,1,1,64,303162.9706511789,610735.0430463463,913898.0136975253,3541797.409141546,1758113.9910429504,False,False,False,False
1073741824,1024 MB,64,16777216,16 MB,1,2,64,301114.9706511789,305371.5215231731,606486.492174352,3565886.5505025205,3516181.9237244073,False,False,False,False
1073741824,1024 MB,64,16777216,16 MB,1,4,64,300090.9706511789,152689.76076158654,452780.73141276545,3578054.4201981365,7032179.621242358,False,False,False,False
1073741824,1024 MB,64,16777216,16 MB,1,8,64,299578.9706511789,76348.8803807933,375927.8510319722,3584169.54857033,14063622.395569742,False,False,False,False
1073741824,1024 MB,64,16777216,16 MB,1,16,64,299322.9706511789,38178.44019039665,337501.4108415756,3587234.957825215,28124297.86668151,False,False,False,False
1073741824,1024 MB,64,16777216,16 MB,1,32,64,299194.9706511789,19093.22009519832,318288.1907463772,3588769.629593268,56236811.73978773,False,False,False,False
1073741824,1024 MB,64,16777216,16 MB,1,64,64,299130.9706511789,9550.610047599164,308681.5806987781,3589537.457998979,112426517.11760733,False,False,False,False
1073741824,1024 MB,64,16777216,16 MB,1,128,64,299098.9706511789,4779.305023799581,303878.2756749785,3589921.495424471,224664845.33903378,False,False,False,False
1073741824,1024 MB,64,16777216,16 MB,1,256,64,299082.9706511789,2393.6525118997906,301476.6231630787,3590113.5449544108,448578821.97269905,False,False,False,False
1073741824,1024 MB,64,16777216,16 MB,2,1,64,151610.97065117894,608687.0430463463,760298.0136975253,7082217.199640694,1764029.3748100102,False,False,False,False
1073741824,1024 MB,64,16777216,16 MB,2,2,64,151610.97065117894,305371.5215231731,456982.49217435205,7082217.199640694,3516181.9237244073,False,False,False,False
1073741824,1024 MB,64,16777216,16 MB,2,4,64,150586.97065117894,152689.76076158654,303276.73141276545,7130376.681042516,7032179.621242358,False,False,False,False
1073741824,1024 MB,64,16777216,16 MB,2,8,64,150074.97065117894,76348.8803807933,226423.85103197224,7154702.875109741,14063622.395569742,False,False,False,False
1073741824,1024 MB,64,16777216,16 MB,2,16,64,149818.97065117894,38178.44019039665,187997.4108415756,7166928.3224484,28124297.86668151,False,False,False,False
1073741824,1024 MB,64,16777216,16 MB,2,32,64,149690.97065117894,19093.22009519832,168784.19074637725,7173056.726996001,56236811.73978773,False,False,False,False
1073741824,1024 MB,64,16777216,16 MB,2,64,64,149626.97065117894,9550.610047599164,159177.5806987781,7176124.861226948,112426517.11760733,False,False,False,False
1073741824,1024 MB,64,16777216,16 MB,2,128,64,149594.97065117894,4779.305023799581,154374.27567497853,7177659.912803612,224664845.33903378,False,False,False,False
1073741824,1024 MB,64,16777216,16 MB,2,256,64,149578.97065117894,2393.6525118997906,151972.62316307874,7178427.684891527,448578821.97269905,False,False,False,False
1073741824,1024 MB,64,16777216,16 MB,4,1,64,75834.97065117894,607663.0430463463,683498.0136975253,14158927.138495669,1767002.019107662,False,False,False,False
1073741824,1024 MB,64,16777216,16 MB,4,2,64,75834.97065117894,304347.5215231731,380182.49217435205,14158927.138495669,3528012.380801481,False,False,False,False
1073741824,1024 MB,64,16777216,16 MB,4,4,64,75834.97065117894,152689.76076158654,228524.73141276548,14158927.138495669,7032179.621242358,False,False,False,False
1073741824,1024 MB,64,16777216,16 MB,4,8,64,75322.97065117894,76348.8803807933,151671.85103197224,14255170.962023046,14063622.395569742,False,False,False,False
1073741824,1024 MB,64,16777216,16 MB,4,16,64,75066.97065117894,38178.44019039665,113245.41084157559,14303785.202542162,28124297.86668151,False,False,False,False
1073741824,1024 MB,64,16777216,16 MB,4,32,64,74938.97065117894,19093.22009519832,94032.19074637727,14328216.876609953,56236811.73978773,False,False,False,False
1073741824,1024 MB,64,16777216,16 MB,4,64,64,74874.97065117894,9550.610047599164,84425.58069877811,14340464.03840685,112426517.11760733,False,False,False,False
1073741824,1024 MB,64,16777216,16 MB,4,128,64,74842.97065117894,4779.305023799581,79622.27567497852,14346595.47393428,224664845.33903378,False,False,False,False
1073741824,1024 MB,64,16777216,16 MB,4,256,64,74826.97065117894,2393.6525118997906,77220.62316307874,14349663.158294417,448578821.97269905,False,False,False,False
1073741824,1024 MB,64,16777216,16 MB,8,1,64,37946.97065117894,607151.0430463463,645098.0136975253,28295850.90915922,1768492.1014259658,False,False,False,False
1073741824,1024 MB,64,16777216,16 MB,8,2,64,37946.97065117894,303835.5215231731,341782.49217435205,28295850.90915922,3533957.5129898274,False,False,False,False
1073741824,1024 MB,64,16777216,16 MB,8,4,64,37946.97065117894,152177.76076158654,190124.73141276548,28295850.90915922,7055839.2936416445,False,False,False,False
1073741824,1024 MB,64,16777216,16 MB,8,8,64,37946.97065117894,76348.8803807933,114295.85103197224,28295850.90915922,14063622.395569742,False,False,False,False
1073741824,1024 MB,64,16777216,16 MB,8,16,64,37690.97065117894,38178.44019039665,75869.41084157559,28488038.52618251,28124297.86668151,False,False,False,False
1073741824,1024 MB,64,16777216,16 MB,8,32,64,37562.97065117894,19093.22009519832,56656.190746377266,28585114.685712423,56236811.73978773,False,False,False,False
1073741824,1024 MB,64,16777216,16 MB,8,64,64,37498.97065117894,9550.610047599164,47049.5806987781,28633901.28726753,112426517.11760733,False,False,False,False
1073741824,1024 MB,64,16777216,16 MB,8,128,64,37466.97065117894,4779.305023799581,42246.27567497852,28658357.089945663,224664845.33903378,False,False,False,False
1073741824,1024 MB,64,16777216,16 MB,8,256,64,37450.97065117894,2393.6525118997906,39844.62316307873,28670600.66348905,448578821.97269905,False,False,False,False
1073741824,1024 MB,64,16777216,16 MB,16,1,64,19002.97065117894,606895.0430463463,625898.0136975253,56503893.191740796,1769238.085403183,False,False,False,False
1073741824,1024 MB,64,16777216,16 MB,16,2,64,19002.97065117894,303579.5215231731,322582.49217435205,56503893.191740796,3536937.5991260274,False,False,False,False
1073741824,1024 MB,64,16777216,16 MB,16,4,64,19002.97065117894,151921.76076158654,170924.73141276548,56503893.191740796,7067728.932427539,False,False,False,False
1073741824,1024 MB,64,16777216,16 MB,16,8,64,19002.97065117894,76092.8803807933,95095.85103197224,56503893.191740796,14110936.773935352,False,False,False,False
1073741824,1024 MB,64,16777216,16 MB,16,16,64,19002.97065117894,38178.44019039665,57181.41084157559,56503893.191740796,28124297.86668151,False,False,False,False
1073741824,1024 MB,64,16777216,16 MB,16,32,64,18874.97065117894,19093.22009519832,37968.190746377266,56887072.50694101,56236811.73978773,False,False,False,False
1073741824,1024 MB,64,16777216,16 MB,16,64,64,18810.97065117894,9550.610047599164,28361.580698778103,57080617.683740065,112426517.11760733,False,False,False,False
1073741824,1024 MB,64,16777216,16 MB,16,128,64,18778.97065117894,4779.305023799581,23558.275674978522,57177884.983413115,224664845.33903378,False,False,False,False
1073741824,1024 MB,64,16777216,16 MB,16,256,64,18762.97065117894,2393.6525118997906,21156.62316307873,57226643.04932616,448578821.97269905,False,False,False,False
1073741824,1024 MB,64,16777216,16 MB,32,1,64,9530.97065117894,606767.0430463463,616298.0136975253,112658181.76317464,1769611.3134443676,False,False,False,False
1073741824,1024 MB,64,16777216,16 MB,32,2,64,9530.97065117894,303451.5215231731,312982.49217435205,112658181.76317464,3538429.527755733,False,False,False,False
1073741824,1024 MB,64,16777216,16 MB,32,4,64,9530.97065117894,151793.76076158654,161324.73141276548,112658181.76317464,7073688.790716915,False,False,False,False
1073741824,1024 MB,64,16777216,16 MB,32,8,64,9530.97065117894,75964.8803807933,85495.85103197224,112658181.76317464,14134713.549440159,False,False,False,False
1073741824,1024 MB,64,16777216,16 MB,32,16,64,9530.97065117894,38050.44019039665,47581.41084157559,112658181.76317464,28218906.762371596,False,False,False,False
1073741824,1024 MB,64,16777216,16 MB,32,32,64,9530.97065117894,19093.22009519832,28624.190746377262,112658181.76317464,56236811.73978773,False,False,False,False
1073741824,1024 MB,64,16777216,16 MB,32,64,64,9466.97065117894,9550.610047599164,19017.580698778103,113419790.08525655,112426517.11760733,False,False,False,False
1073741824,1024 MB,64,16777216,16 MB,32,128,64,9434.97065117894,4779.305023799581,14214.275674978522,113804468.8952828,224664845.33903378,False,False,False,False
1073741824,1024 MB,64,16777216,16 MB,32,256,64,9418.97065117894,2393.6525118997906,11812.623163078732,113997788.48080425,448578821.97269905,False,False,False,False
1073741824,1024 MB,64,16777216,16 MB,64,1,64,4794.970651178941,606703.0430463463,611498.0136975253,223930843.817782,1769797.9865216804,False,False,False,False
1073741824,1024 MB,64,16777216,16 MB,64,2,64,4794.970651178941,303387.5215231731,308182.49217435205,223930843.817782,3539175.9641570705,False,False,False,False
1073741824,1024 MB,64,16777216,16 MB,64,4,64,4794.970651178941,151729.76076158654,156524.73141276548,223930843.817782,7076672.490686742,False,False,False,False
1073741824,1024 MB,64,16777216,16 MB,64,8,64,4794.970651178941,75900.8803807933,80695.85103197224,223930843.817782,14146632.010235684,False,False,False,False
1073741824,1024 MB,64,16777216,16 MB,64,16,64,4794.970651178941,37986.44019039665,42781.41084157559,223930843.817782,28266450.30748242,False,False,False,False
1073741824,1024 MB,64,16777216,16 MB,64,32,64,4794.970651178941,19029.22009519832,23824.190746377262,223930843.817782,56425950.12451084,False,False,False,False
1073741824,1024 MB,64,16777216,16 MB,64,64,64,4794.970651178941,9550.610047599164,14345.580698778105,223930843.817782,112426517.11760733,False,False,False,False
1073741824,1024 MB,64,16777216,16 MB,64,128,64,4762.970651178941,4779.305023799581,9542.275674978522,225435322.3306604,224664845.33903378,False,False,False,False
1073741824,1024 MB,64,16777216,16 MB,64,256,64,4746.970651178941,2393.6525118997906,7140.6231630787315,226195168.01380038,448578821.97269905,False,False,False,False
1073741824,1024 MB,64,16777216,16 MB,128,1,64,2426.970651178941,606671.0430463463,609098.0136975253,442420605.0775325,1769891.337829968,False,False,False,False
1073741824,1024 MB,64,16777216,16 MB,128,2,64,2426.970651178941,303355.5215231731,305782.49217435205,442420605.0775325,3539549.300466508,False,False,False,False
1073741824,1024 MB,64,16777216,16 MB,128,4,64,2426.970651178941,151697.76076158654,154124.73141276548,442420605.0775325,7078165.284769956,False,False,False,False
1073741824,1024 MB,64,16777216,16 MB,128,8,64,2426.970651178941,75868.8803807933,78295.85103197224,442420605.0775325,14152598.781091604,False,False,False,False
1073741824,1024 MB,64,16777216,16 MB,128,16,64,2426.970651178941,37954.44019039665,40381.41084157559,442420605.0775325,28290282.207131103,False,False,False,False
1073741824,1024 MB,64,16777216,16 MB,128,32,64,2426.970651178941,18997.22009519832,21424.190746377262,442420605.0775325,56520997.21008105,False,False,False,False
1073741824,1024 MB,64,16777216,16 MB,128,64,64,2426.970651178941,9518.610047599164,11945.580698778105,442420605.0775325,112804476.56019115,False,False,False,False
1073741824,1024 MB,64,16777216,16 MB,128,128,64,2426.970651178941,4779.305023799581,7206.275674978522,442420605.0775325,224664845.33903378,False,False,False,False
1073741824,1024 MB,64,16777216,16 MB,128,256,64,2410.970651178941,2393.6525118997906,4804.6231630787315,445356654.78754413,448578821.97269905,False,False,False,False
1073741824,1024 MB,64,16777216,16 MB,256,1,64,1242.9706511789407,606655.0430463463,607898.0136975253,863851308.9440773,1769938.0171772018,True,False,False,False
1073741824,1024 MB,64,16777216,16 MB,256,2,64,1242.9706511789407,303339.5215231731,304582.492174352,863851308.9440773,3539735.9981593215,True,False,False,False
1073741824,1024 MB,64,16777216,16 MB,256,4,64,1242.9706511789407,151681.76076158654,152924.73141276548,863851308.9440773,7078911.918010419,True,False,False,False
1073741824,1024 MB,64,16777216,16 MB,256,8,64,1242.9706511789407,75852.8803807933,77095.85103197224,863851308.9440773,14155584.054417558,True,False,False,False
1073741824,1024 MB,64,16777216,16 MB,256,16,64,1242.9706511789407,37938.44019039665,39181.41084157559,863851308.9440773,28302213.233104825,True,False,False,False
1073741824,1024 MB,64,16777216,16 MB,256,32,64,1242.9706511789407,18981.22009519832,20224.190746377262,863851308.9440773,56568640.931128785,True,False,False,False
1073741824,1024 MB,64,16777216,16 MB,256,64,64,1242.9706511789407,9502.610047599164,10745.580698778105,863851308.9440773,112994410.86412685,True,False,False,False
1073741824,1024 MB,64,16777216,16 MB,256,128,64,1242.9706511789407,4763.305023799581,6006.275674978522,863851308.9440773,225419497.31018913,True,False,False,False
1073741824,1024 MB,64,16777216,16 MB,256,256,64,1242.9706511789407,2393.6525118997906,3636.6231630787315,863851308.9440773,448578821.97269905,True,False,True,False
1073741824,1024 MB,128,65536,64 KB,1,1,16384,159100.2433509044,306387.52152317314,465487.7648740775,6748838.351125604,3504522.046661712,False,False,False,False
1073741824,1024 MB,128,65536,64 KB,1,2,16384,158076.2433509044,153705.76076158654,311782.0041124909,6792556.561560373,6985696.68878894,False,False,False,False
1073741824,1024 MB,128,65536,64 KB,1,4,16384,157564.2433509044,77364.88038079327,234929.12373169768,6814628.758180349,13878930.83676982,False,False,False,False
1073741824,1024 MB,128,65536,64 KB,1,8,16384,157308.2433509044,39194.44019039665,196502.68354130106,6825718.736206502,27395258.58218754,False,False,False,False
1073741824,1024 MB,128,65536,64 KB,1,16,16384,157180.2433509044,20109.220095198325,177289.46344610275,6831277.271933436,53395498.130550966,False,False,False,False
1073741824,1024 MB,128,65536,64 KB,1,32,16384,157116.2433509044,10566.61004759916,167682.85339850356,6834059.936132118,101616489.97768824,False,False,False,False
1073741824,1024 MB,128,65536,64 KB,1,64,16384,157084.2433509044,5795.305023799582,162879.548374704,6835452.118526042,185277879.17813885,False,False,False,False
1073741824,1024 MB,128,65536,64 KB,1,128,16384,157068.2433509044,3409.6525118997906,160477.8958628042,6836148.422448232,314912390.7062695,False,False,False,False
1073741824,1024 MB,128,65536,64 KB,1,256,16384,157060.2433509044,2216.8262559498953,159277.0696068543,6836496.627609593,484359936.24584204,False,False,False,False
1073741824,1024 MB,128,65536,64 KB,2,1,16384,83324.2433509044,305363.52152317314,388687.7648740775,12886307.52370757,3516274.041654045,False,False,False,False
1073741824,1024 MB,128,65536,64 KB,2,2,16384,83324.2433509044,153705.76076158654,237030.00411249095,12886307.52370757,6985696.68878894,False,False,False,False
1073741824,1024 MB,128,65536,64 KB,2,4,16384,82812.2433509044,77364.88038079327,160177.12373169768,12965979.19042213,13878930.83676982,False,False,False,False
1073741824,1024 MB,128,65536,64 KB,2,8,16384,82556.2433509044,39194.44019039665,121750.68354130106,13006185.60653338,27395258.58218754,False,False,False,False
1073741824,1024 MB,128,65536,64 KB,2,16,16384,82428.2433509044,20109.220095198325,102537.46344610273,13026382.467341745,53395498.130550966,False,False,False,False
1073741824,1024 MB,128,65536,64 KB,2,32,16384,82364.2433509044,10566.61004759916,92930.85339850356,13036504.43828438,101616489.97768824,False,False,False,False
1073741824,1024 MB,128,65536,64 KB,2,64,16384,82332.2433509044,5795.305023799582,88127.54837470398,13041571.3249019,185277879.17813885,False,False,False,False
1073741824,1024 MB,128,65536,64 KB,2,128,16384,82316.2433509044,3409.6525118997906,85725.8958628042,13044106.245504495,314912390.7062695,False,False,False,False
1073741824,1024 MB,128,65536,64 KB,2,256,16384,82308.2433509044,2216.8262559498953,84525.0696068543,13045374.075380528,484359936.24584204,False,False,False,False
1073741824,1024 MB,128,65536,64 KB,4,1,16384,45436.243350904406,304851.52152317314,350287.7648740775,23631835.39861526,3522179.645471706,False,False,False,False
1073741824,1024 MB,128,65536,64 KB,4,2,16384,45436.243350904406,153193.76076158654,198630.00411249095,23631835.39861526,7009044.093323425,False,False,False,False
1073741824,1024 MB,128,65536,64 KB,4,4,16384,45436.243350904406,77364.88038079327,122801.12373169768,23631835.39861526,13878930.83676982,False,False,False,False
1073741824,1024 MB,128,65536,64 KB,4,8,16384,45180.243350904406,39194.44019039665,84374.68354130106,23765737.950114563,27395258.58218754,False,False,False,False
1073741824,1024 MB,128,65536,64 KB,4,16,16384,45052.243350904406,20109.220095198325,65161.46344610273,23833259.880907685,53395498.130550966,False,False,False,False
1073741824,1024 MB,128,65536,64 KB,4,32,16384,44988.243350904406,10566.61004759916,55554.85339850357,23867164.930733275,101616489.97768824,False,False,False,False
1073741824,1024 MB,128,65536,64 KB,4,64,16384,44956.243350904406,5795.305023799582,50751.54837470399,23884153.656232912,185277879.17813885,False,False,False,False
1073741824,1024 MB,128,65536,64 KB,4,128,16384,44940.243350904406,3409.6525118997906,48349.895862804195,23892657.091684204,314912390.7062695,False,False,False,False
1073741824,1024 MB,128,65536,64 KB,4,256,16384,44932.243350904406,2216.8262559498953,47149.069606854304,23896911.08041209,484359936.24584204,False,False,False,False
1073741824,1024 MB,128,65536,64 KB,8,1,16384,26492.24335090441,304595.52152317314,331087.7648740776,40530422.80254246,3525139.892505975,False,False,False,False
1073741824,1024 MB,128,65536,64 KB,8,2,16384,26492.24335090441,152937.76076158654,179430.00411249095,40530422.80254246,7020776.4168448085,False,False,False,False
1073741824,1024 MB,128,65536,64 KB,8,4,16384,26492.24335090441,77108.88038079327,103601.12373169768,40530422.80254246,13925008.620245172,False,False,False,False
1073741824,1024 MB,128,65536,64 KB,8,8,16384,26492.24335090441,39194.44019039665,65686.68354130106,40530422.80254246,27395258.58218754,False,False,False,False
1073741824,1024 MB,128,65536,64 KB,8,16,16384,26364.24335090441,20109.220095198325,46473.46344610273,40727200.46271178,53395498.130550966,False,False,False,False
1073741824,1024 MB,128,65536,64 KB,8,32,16384,26300.24335090441,10566.61004759916,36866.85339850357,40826307.56202019,101616489.97768824,False,False,False,False
1073741824,1024 MB,128,65536,64 KB,8,64,16384,26268.24335090441,5795.305023799582,32063.54837470399,40876042.210223824,185277879.17813885,False,False,False,False
1073741824,1024 MB,128,65536,64 KB,8,128,16384,26252.24335090441,3409.6525118997906,29661.895862804202,40900955.00211828,314912390.7062695,False,False,False,False
1073741824,1024 MB,128,65536,64 KB,8,256,16384,26244.24335090441,2216.8262559498953,28461.069606854304,40913422.78926847,484359936.24584204,False,False,False,False
1073741824,1024 MB,128,65536,64 KB,16,1,16384,17020.24335090441,304467.52152317314,321487.7648740776,63086161.687749565,3526621.8827819275,False,False,False,False
1073741824,1024 MB,128,65536,64 KB,16,2,16384,17020.24335090441,152809.76076158654,169830.00411249095,63086161.687749565,7026657.319850462,False,False,False,False
1073741824,1024 MB,128,65536,64 KB,16,4,16384,17020.24335090441,76980.88038079327,94001.12373169768,63086161.687749565,13948162.4357715,False,False,False,False
1073741824,1024 MB,128,65536,64 KB,16,8,16384,17020.24335090441,39066.44019039665,56086.683541301056,63086161.687749565,27485018.311546806,False,False,False,False
1073741824,1024 MB,128,65536,64 KB,16,16,16384,17020.24335090441,20109.220095198325,37129.46344610273,63086161.687749565,53395498.130550966,False,False,False,False
1073741824,1024 MB,128,65536,64 KB,16,32,16384,16956.24335090441,10566.61004759916,27522.85339850357,63324275.41756936,101616489.97768824,False,False,False,False
1073741824,1024 MB,128,65536,64 KB,16,64,16384,16924.24335090441,5795.305023799582,22719.54837470399,63444007.613056496,185277879.17813885,False,False,False,False
1073741824,1024 MB,128,65536,64 KB,16,128,16384,16908.24335090441,3409.6525118997906,20317.895862804202,63504043.66178976,314912390.7062695,False,False,False,False
1073741824,1024 MB,128,65536,64 KB,16,256,16384,16900.24335090441,2216.8262559498953,19117.069606854304,63534104.31468959,484359936.24584204,False,False,False,False
1073741824,1024 MB,128,65536,64 KB,32,1,16384,12284.24335090441,304403.52152317314,316687.7648740776,87408055.4518604,3527363.3452964504,False,False,False,False
1073741824,1024 MB,128,65536,64 KB,32,2,16384,12284.24335090441,152745.76076158654,165030.00411249095,87408055.4518604,7029601.467473468,False,False,False,False
1073741824,1024 MB,128,65536,64 KB,32,4,16384,12284.24335090441,76916.88038079327,89201.12373169768,87408055.4518604,13959768.241824346,False,False,False,False
1073741824,1024 MB,128,65536,64 KB,32,8,16384,12284.24335090441,39002.44019039665,51286.683541301056,87408055.4518604,27530119.10942899,False,False,False,False
1073741824,1024 MB,128,65536,64 KB,32,16,16384,12284.24335090441,20045.220095198325,32329.463446102734,87408055.4518604,53565978.26816611,False,False,False,False
1073741824,1024 MB,128,65536,64 KB,32,32,16384,12284.24335090441,10566.61004759916,22850.85339850357,87408055.4518604,101616489.97768824,False,False,False,False
1073741824,1024 MB,128,65536,64 KB,32,64,16384,12252.24335090441,5795.305023799582,18047.54837470399,87636344.89195326,185277879.17813885,False,False,False,False
1073741824,1024 MB,128,65536,64 KB,32,128,16384,12236.24335090441,3409.6525118997906,15645.8958628042,87750937.37577859,314912390.7062695,False,False,False,False
1073741824,1024 MB,128,65536,64 KB,32,256,16384,12228.24335090441,2216.8262559498953,14445.069606854304,87808346.07127649,484359936.24584204,False,False,False,False
1073741824,1024 MB,128,65536,64 KB,64,1,16384,9916.24335090441,304371.52152317314,314287.7648740776,108281108.68235898,3527734.1934838383,False,False,False,False
1073741824,1024 MB,128,65536,64 KB,64,2,16384,9916.24335090441,152713.76076158654,162630.00411249095,108281108.68235898,7031074.466670379,False,False,False,False
1073741824,1024 MB,128,65536,64 KB,64,4,16384,9916.24335090441,76884.88038079327,86801.12373169768,108281108.68235898,13965578.390471594,False,False,False,False
1073741824,1024 MB,128,65536,64 KB,64,8,16384,9916.24335090441,38970.44019039665,48886.683541301056,108281108.68235898,27552725.059148766,False,False,False,False
1073741824,1024 MB,128,65536,64 KB,64,16,16384,9916.24335090441,20013.220095198325,29929.463446102734,108281108.68235898,53651627.21903097,False,False,False,False
1073741824,1024 MB,128,65536,64 KB,64,32,16384,9916.24335090441,10534.61004759916,20450.85339850357,108281108.68235898,101925160.8885804,False,False,False,False
1073741824,1024 MB,128,65536,64 KB,64,64,16384,9916.24335090441,5795.305023799582,15711.54837470399,108281108.68235898,185277879.17813885,False,False,False,False
1073741824,1024 MB,128,65536,64 KB,64,128,16384,9900.24335090441,3409.6525118997906,13309.8958628042,108456104.15242079,314912390.7062695,False,False,False,False
1073741824,1024 MB,128,65536,64 KB,64,256,16384,9892.24335090441,2216.8262559498953,12109.069606854304,108543814.16949593,484359936.24584204,False,False,False,False
1073741824,1024 MB,128,65536,64 KB,128,1,16384,8732.24335090441,304355.52152317314,313087.7648740776,122962883.74610989,3527919.646820822,False,False,False,False
1073741824,1024 MB,128,65536,64 KB,128,2,16384,8732.24335090441,152697.76076158654,161430.00411249095,122962883.74610989,7031811.197784874,False,False,False,False
1073741824,1024 MB,128,65536,64 KB,128,4,16384,8732.24335090441,76868.88038079327,85601.12373169768,122962883.74610989,13968485.278839692,False,False,False,False
1073741824,1024 MB,128,65536,64 KB,128,8,16384,8732.24335090441,38954.44019039665,47686.683541301056,122962883.74610989,27564041.96163258,False,False,False,False
1073741824,1024 MB,128,65536,64 KB,128,16,16384,8732.24335090441,19997.220095198325,28729.463446102734,122962883.74610989,53694554.487492174,False,False,False,False
1073741824,1024 MB,128,65536,64 KB,128,32,16384,8732.24335090441,10518.61004759916,19250.85339850357,122962883.74610989,102080200.62927213,False,False,False,False
1073741824,1024 MB,128,65536,64 KB,128,64,16384,8732.24335090441,5779.305023799582,14511.54837470399,122962883.74610989,185790820.7956244,False,False,False,False
1073741824,1024 MB,128,65536,64 KB,128,128,16384,8732.24335090441,3409.6525118997906,12141.8958628042,122962883.74610989,314912390.7062695,False,False,False,False
1073741824,1024 MB,128,65536,64 KB,128,256,16384,8724.24335090441,2216.8262559498953,10941.069606854304,123075638.86198673,484359936.24584204,False,False,False,False
1073741824,1024 MB,128,65536,64 KB,256,1,16384,8140.2433509044085,304347.52152317314,312487.7648740776,131905371.58581427,3528012.3808014807,False,False,False,False
1073741824,1024 MB,128,65536,64 KB,256,2,16384,8140.2433509044085,152689.76076158654,160830.00411249095,131905371.58581427,7032179.621242358,False,False,False,False
1073741824,1024 MB,128,65536,64 KB,256,4,16384,8140.2433509044085,76860.88038079327,85001.12373169768,131905371.58581427,13969939.17686528,False,False,False,False
1073741824,1024 MB,128,65536,64 KB,256,8,16384,8140.2433509044085,38946.44019039665,47086.683541301056,131905371.58581427,27569703.89978701,False,False,False,False
1073741824,1024 MB,128,65536,64 KB,256,16,16384,8140.2433509044085,19989.220095198325,28129.463446102734,131905371.58581427,53716043.891973905,False,False,False,False
1073741824,1024 MB,128,65536,64 KB,256,32,16384,8140.2433509044085,10510.61004759916,18650.85339850357,131905371.58581427,102157897.50902848,False,False,False,False
1073741824,1024 MB,128,65536,64 KB,256,64,16384,8140.2433509044085,5771.305023799582,13911.54837470399,131905371.58581427,186048358.13947225,False,False,False,False
1073741824,1024 MB,128,65536,64 KB,256,128,16384,8140.2433509044085,3401.6525118997906,11541.895862804198,131905371.58581427,315653001.07632846,False,False,False,False
1073741824,1024 MB,128,65536,64 KB,256,256,16384,8140.2433509044085,2216.8262559498953,10357.069606854304,131905371.58581427,484359936.24584204,False,False,False,False
1073741824,1024 MB,128,262144,256 KB,1,1,4096,153439.0608377261,305619.52152317314,459058.58236089925,6997838.869305688,3513328.6599252303,False,False,False,False
1073741824,1024 MB,128,262144,256 KB,1,2,4096,152415.0608377261,152937.76076158654,305352.82159931265,7044853.822833138,7020776.4168448085,False,False,False,False
1073741824,1024 MB,128,262144,256 KB,1,4,4096,151903.0608377261,76596.88038079327,228499.94121851938,7068599.000431262,14018088.18664685,False,False,False,False
1073741824,1024 MB,128,262144,256 KB,1,8,4096,151647.0608377261,38426.44019039665,190073.50102812276,7080531.7166613955,27942786.75515575,False,False,False,False
1073741824,1024 MB,128,262144,256 KB,1,16,4096,151519.0608377261,19341.220095198325,170860.28093292442,7086513.195524331,55515723.347079255,False,False,False,False
1073741824,1024 MB,128,262144,256 KB,1,32,4096,151455.0608377261,9798.61004759916,161253.67088532526,7089507.726324458,109581034.32875018,False,False,False,False
1073741824,1024 MB,128,262144,256 KB,1,64,4096,151423.0608377261,5027.305023799582,156450.3658615257,7091005.940968827,213581992.5222038,False,False,False,False
1073741824,1024 MB,128,262144,256 KB,1,128,4096,151407.0608377261,2641.6525118997906,154048.7133496259,7091755.285777635,406465959.9107529,False,False,False,False
1073741824,1024 MB,128,262144,256 KB,1,256,4096,151399.0608377261,1448.8262559498953,152847.887093676,7092130.017575655,741111516.7125555,False,True,False,False
1073741824,1024 MB,128,262144,256 KB,2,1,4096,77663.06083772611,304595.52152317314,382258.58236089925,13825643.90867289,3525139.892505975,False,False,False,False
1073741824,1024 MB,128,262144,256 KB,2,2,4096,77663.06083772611,152937.76076158654,230600.82159931265,13825643.90867289,7020776.4168448085,False,False,False,False
1073741824,1024 MB,128,262144,256 KB,2,4,4096,77151.06083772611,76596.88038079327,153747.94121851938,13917395.462110754,14018088.18664685,False,False,False,False
1073741824,1024 MB,128,262144,256 KB,2,8,4096,76895.06083772611,38426.44019039665,115321.50102812276,13963729.42946165,27942786.75515575,False,False,False,False
1073741824,1024 MB,128,262144,256 KB,2,16,4096,76767.06083772611,19341.220095198325,96108.28093292443,13987012.29775785,55515723.347079255,False,False,False,False
1073741824,1024 MB,128,262144,256 KB,2,32,4096,76703.06083772611,9798.61004759916,86501.67088532526,13998682.872273125,109581034.32875018,False,False,False,False
1073741824,1024 MB,128,262144,256 KB,2,64,4096,76671.06083772611,5027.305023799582,81698.36586152569,14004525.465906477,213581992.5222038,False,False,False,False
1073741824,1024 MB,128,262144,256 KB,2,128,4096,76655.06083772611,2641.6525118997906,79296.7133496259,14007448.591985898,406465959.9107529,False,False,False,False
1073741824,1024 MB,128,262144,256 KB,2,256,4096,76647.06083772611,1448.8262559498953,78095.887093676,14008910.612675421,741111516.7125555,False,True,False,False
1073741824,1024 MB,128,262144,256 KB,4,1,4096,39775.0608377261,304083.52152317314,343858.58236089925,26995353.404502414,3531075.3395039653,False,False,False,False
1073741824,1024 MB,128,262144,256 KB,4,2,4096,39775.0608377261,152425.76076158654,192200.82159931265,26995353.404502414,7044359.290943413,False,False,False,False
1073741824,1024 MB,128,262144,256 KB,4,4,4096,39775.0608377261,76596.88038079327,116371.94121851938,26995353.404502414,14018088.18664685,False,False,False,False
1073741824,1024 MB,128,262144,256 KB,4,8,4096,39519.0608377261,38426.44019039665,77945.50102812276,27170226.24624149,27942786.75515575,False,False,False,False
1073741824,1024 MB,128,262144,256 KB,4,16,4096,39391.0608377261,19341.220095198325,58732.28093292443,27258515.032721397,55515723.347079255,False,False,False,False
1073741824,1024 MB,128,262144,256 KB,4,32,4096,39327.0608377261,9798.61004759916,49125.670885325264,27302874.944826007,109581034.32875018,False,False,False,False
1073741824,1024 MB,128,262144,256 KB,4,64,4096,39295.0608377261,5027.305023799582,44322.365861525686,27325109.087733746,213581992.5222038,False,False,False,False
1073741824,1024 MB,128,262144,256 KB,4,128,4096,39279.0608377261,2641.6525118997906,41920.71334962589,27336239.744528472,406465959.9107529,False,False,False,False
1073741824,1024 MB,128,262144,256 KB,4,256,4096,39271.0608377261,1448.8262559498953,40719.887093676,27341808.47410417,741111516.7125555,False,True,False,False
1073741824,1024 MB,128,262144,256 KB,8,1,4096,20831.0608377261,303827.52152317314,324658.58236089925,51545230.09483028,3534050.564665864,False,False,False,False
1073741824,1024 MB,128,262144,256 KB,8,2,4096,20831.0608377261,152169.76076158654,173000.82159931265,51545230.09483028,7056210.239314863,False,False,False,False
1073741824,1024 MB,128,262144,256 KB,8,4,4096,20831.0608377261,76340.88038079327,97171.94121851938,51545230.09483028,14065096.166616185,False,False,False,False
1073741824,1024 MB,128,262144,256 KB,8,8,4096,20831.0608377261,38426.44019039665,59257.50102812275,51545230.09483028,27942786.75515575,False,False,False,False
1073741824,1024 MB,128,262144,256 KB,8,16,4096,20703.0608377261,19341.220095198325,40044.28093292443,51863916.76168852,55515723.347079255,False,False,False,False
1073741824,1024 MB,128,262144,256 KB,8,32,4096,20639.0608377261,9798.61004759916,30437.670885325264,52024742.42613352,109581034.32875018,False,False,False,False
1073741824,1024 MB,128,262144,256 KB,8,64,4096,20607.0608377261,5027.305023799582,25634.365861525683,52105529.86936698,213581992.5222038,False,False,False,False
1073741824,1024 MB,128,262144,256 KB,8,128,4096,20591.0608377261,2641.6525118997906,23232.71334962589,52146017.75313752,406465959.9107529,False,False,False,False
1073741824,1024 MB,128,262144,256 KB,8,256,4096,20583.0608377261,1448.8262559498953,22031.887093675996,52166285.2996076,741111516.7125555,False,True,False,False
1073741824,1024 MB,128,262144,256 KB,16,1,4096,11359.060837726101,303699.52152317314,315058.58236089925,94527341.59446104,3535540.058195549,False,False,False,False
1073741824,1024 MB,128,262144,256 KB,16,2,4096,11359.060837726101,152041.76076158654,163400.82159931265,94527341.59446104,7062150.679007933,False,False,False,False
1073741824,1024 MB,128,262144,256 KB,16,4,4096,11359.060837726101,76212.88038079327,87571.94121851938,94527341.59446104,14088718.581886826,False,False,False,False
1073741824,1024 MB,128,262144,256 KB,16,8,4096,11359.060837726101,38298.44019039665,49657.50102812275,94527341.59446104,28036176.37329369,False,False,False,False
1073741824,1024 MB,128,262144,256 KB,16,16,4096,11359.060837726101,19341.220095198325,30700.280932924426,94527341.59446104,55515723.347079255,False,False,False,False
1073741824,1024 MB,128,262144,256 KB,16,32,4096,11295.060837726101,9798.61004759916,21093.670885325264,95062951.80045825,109581034.32875018,False,False,False,False
1073741824,1024 MB,128,262144,256 KB,16,64,4096,11263.060837726101,5027.305023799582,16290.365861525683,95333039.52363074,213581992.5222038,False,False,False,False
1073741824,1024 MB,128,262144,256 KB,16,128,4096,11247.060837726101,2641.6525118997906,13888.713349625892,95468659.7229331,406465959.9107529,False,False,False,False
1073741824,1024 MB,128,262144,256 KB,16,256,4096,11239.060837726101,1448.8262559498953,12687.887093675996,95536614.62493165,741111516.7125555,False,True,False,False
1073741824,1024 MB,128,262144,256 KB,32,1,4096,6623.060837726102,303635.52152317314,310258.58236089925,162121691.21016985,3536285.2758913883,False,False,False,False
1073741824,1024 MB,128,262144,256 KB,32,2,4096,6623.060837726102,151977.76076158654,158600.82159931265,162121691.21016985,7065124.651260132,False,False,False,False
1073741824,1024 MB,128,262144,256 KB,32,4,4096,6623.060837726102,76148.88038079327,82771.94121851938,162121691.21016985,14100559.570023904,False,False,False,False
1073741824,1024 MB,128,262144,256 KB,32,8,4096,6623.060837726102,38234.44019039665,44857.50102812275,162121691.21016985,28083105.667379223,False,False,False,False
1073741824,1024 MB,128,262144,256 KB,32,16,4096,6623.060837726102,19277.220095198325,25900.280932924426,162121691.21016985,55700034.480980664,False,False,False,False
1073741824,1024 MB,128,262144,256 KB,32,32,4096,6623.060837726102,9798.61004759916,16421.670885325264,162121691.21016985,109581034.32875018,False,False,False,False
1073741824,1024 MB,128,262144,256 KB,32,64,4096,6591.060837726102,5027.305023799582,11618.365861525685,162908801.85084713,213581992.5222038,False,False,False,False
1073741824,1024 MB,128,262144,256 KB,32,128,4096,6575.060837726102,2641.6525118997906,9216.713349625894,163305230.24808076,406465959.9107529,False,False,False,False
1073741824,1024 MB,128,262144,256 KB,32,256,4096,6567.060837726102,1448.8262559498953,8015.887093675998,163504168.8408953,741111516.7125555,False,True,False,False
1073741824,1024 MB,128,262144,256 KB,64,1,4096,4255.060837726102,303603.52152317314,307858.58236089925,252344646.75099826,3536658.0025589215,False,False,False,False
1073741824,1024 MB,128,262144,256 KB,64,2,4096,4255.060837726102,151945.76076158654,156200.82159931265,252344646.75099826,7066612.576870608,False,False,False,False
1073741824,1024 MB,128,262144,256 KB,64,4,4096,4255.060837726102,76116.88038079327,80371.94121851938,252344646.75099826,14106487.531127714,False,False,False,False
1073741824,1024 MB,128,262144,256 KB,64,8,4096,4255.060837726102,38202.44019039665,42457.50102812275,252344646.75099826,28106629.27940184,False,False,False,False
1073741824,1024 MB,128,262144,256 KB,64,16,4096,4255.060837726102,19245.220095198325,23500.280932924426,252344646.75099826,55792649.74308599,False,False,False,False
1073741824,1024 MB,128,262144,256 KB,64,32,4096,4255.060837726102,9766.61004759916,14021.670885325264,252344646.75099826,109940073.24618725,False,False,False,False
1073741824,1024 MB,128,262144,256 KB,64,64,4096,4255.060837726102,5027.305023799582,9282.365861525685,252344646.75099826,213581992.5222038,False,False,False,False
1073741824,1024 MB,128,262144,256 KB,64,128,4096,4239.060837726102,2641.6525118997906,6880.713349625893,253297101.67027745,406465959.9107529,False,False,False,False
1073741824,1024 MB,128,262144,256 KB,64,256,4096,4231.060837726102,1448.8262559498953,5679.887093675998,253776030.45222598,741111516.7125555,False,True,False,False
1073741824,1024 MB,128,262144,256 KB,128,1,4096,3071.0608377261024,303587.52152317314,306658.58236089925,349632221.8074416,3536844.395358457,False,False,False,False
1073741824,1024 MB,128,262144,256 KB,128,2,4096,3071.0608377261024,151929.76076158654,155000.82159931265,349632221.8074416,7067356.774720082,False,False,False,False
1073741824,1024 MB,128,262144,256 KB,128,4,4096,3071.0608377261024,76100.88038079327,79171.94121851938,349632221.8074416,14109453.381185804,False,False,False,False
1073741824,1024 MB,128,262144,256 KB,128,8,4096,3071.0608377261024,38186.44019039665,41257.50102812275,349632221.8074416,28118405.86989386,False,False,False,False
1073741824,1024 MB,128,262144,256 KB,128,16,4096,3071.0608377261024,19229.220095198325,22300.280932924426,349632221.8074416,55839072.96729736,False,False,False,False
1073741824,1024 MB,128,262144,256 KB,128,32,4096,3071.0608377261024,9750.61004759916,12821.670885325264,349632221.8074416,110120476.43771598,False,False,False,False
1073741824,1024 MB,128,262144,256 KB,128,64,4096,3071.0608377261024,5011.305023799582,8082.3658615256845,349632221.8074416,214263913.07266438,False,False,False,False
1073741824,1024 MB,128,262144,256 KB,128,128,4096,3071.0608377261024,2641.6525118997906,5712.713349625893,349632221.8074416,406465959.9107529,False,False,False,False
1073741824,1024 MB,128,262144,256 KB,128,256,4096,3063.0608377261024,1448.8262559498953,4511.887093675998,350545379.56781304,741111516.7125555,False,True,False,False
1073741824,1024 MB,128,262144,256 KB,256,1,4096,2479.0608377261024,303579.52152317314,306058.58236089925,433124434.7294359,3536937.599126027,False,False,False,False
1073741824,1024 MB,128,262144,256 KB,256,2,4096,2479.0608377261024,151921.76076158654,154400.82159931265,433124434.7294359,7067728.932427539,False,False,False,False
1073741824,1024 MB,128,262144,256 KB,256,4,4096,2479.0608377261024,76092.88038079327,78571.94121851938,433124434.7294359,14110936.773935355,False,False,False,False
1073741824,1024 MB,128,262144,256 KB,256,8,4096,2479.0608377261024,38178.44019039665,40657.50102812275,433124434.7294359,28124297.86668151,False,False,False,False
1073741824,1024 MB,128,262144,256 KB,256,16,4096,2479.0608377261024,19221.220095198325,21700.280932924426,433124434.7294359,55862313.561886355,False,False,False,False
1073741824,1024 MB,128,262144,256 KB,256,32,4096,2479.0608377261024,9742.61004759916,12221.670885325264,433124434.7294359,110210900.23659508,False,False,False,False
1073741824,1024 MB,128,262144,256 KB,256,64,4096,2479.0608377261024,5003.305023799582,7482.3658615256845,433124434.7294359,214606508.87612385,False,False,False,False
1073741824,1024 MB,128,262144,256 KB,256,128,4096,2479.0608377261024,2633.6525118997906,5112.713349625893,433124434.7294359,407700643.55432147,False,False,False,False
1073741824,1024 MB,128,262144,256 KB,256,256,4096,2479.0608377261024,1448.8262559498953,3927.8870936759977,433124434.7294359,741111516.7125555,False,True,True,False
1073741824,1024 MB,128,1048576,1 MB,1,1,1024,152023.76520943153,305427.52152317314,457451.28673260467,7062986.6489675995,3515537.233335189,False,False,False,False
1073741824,1024 MB,128,1048576,1 MB,1,2,1024,150999.76520943153,152745.76076158654,303745.52597101807,7110884.063367627,7029601.467473468,False,False,False,False
1073741824,1024 MB,128,1048576,1 MB,1,4,1024,150487.76520943153,76404.88038079327,226892.6455902248,7135077.210467508,14053314.639700923,False,False,False,False
1073741824,1024 MB,128,1048576,1 MB,1,8,1024,150231.76520943153,38234.44019039665,188466.20539982818,7147235.622926639,28083105.667379223,False,False,False,False
1073741824,1024 MB,128,1048576,1 MB,1,16,1024,150103.76520943153,19149.220095198325,169252.98530462984,7153330.38116577,56072352.74658738,False,False,False,False
1073741824,1024 MB,128,1048576,1 MB,1,32,1024,150039.76520943153,9606.61004759916,159646.37525703068,7156381.659896815,111771147.02062301,False,False,False,False
1073741824,1024 MB,128,1048576,1 MB,1,64,1024,150007.76520943153,4835.305023799582,154843.07023323112,7157908.275620987,222062893.38831696,False,False,False,False
1073741824,1024 MB,128,1048576,1 MB,1,128,1024,149991.76520943153,2449.6525118997906,152441.41772133132,7158671.827755,438324137.31500065,False,False,False,False
1073741824,1024 MB,128,1048576,1 MB,1,256,1024,149983.76520943153,1256.8262559498953,151240.5914653814,7159053.664912788,854327970.0888155,False,True,False,False
1073741824,1024 MB,128,1048576,1 MB,2,1,1024,76247.76520943153,304403.52152317314,380651.28673260467,14082272.72039683,3527363.3452964504,False,False,False,False
1073741824,1024 MB,128,1048576,1 MB,2,2,1024,76247.76520943153,152745.76076158654,228993.52597101807,14082272.72039683,7029601.467473468,False,False,False,False
1073741824,1024 MB,128,1048576,1 MB,2,4,1024,75735.76520943153,76404.88038079327,152140.6455902248,14177473.760657068,14053314.639700923,False,False,False,False
1073741824,1024 MB,128,1048576,1 MB,2,8,1024,75479.76520943153,38234.44019039665,113714.20539982818,14225558.61191035,28083105.667379223,False,False,False,False
1073741824,1024 MB,128,1048576,1 MB,2,16,1024,75351.76520943153,19149.220095198325,94500.98530462985,14249723.560100531,56072352.74658738,False,False,False,False
1073741824,1024 MB,128,1048576,1 MB,2,32,1024,75287.76520943153,9606.61004759916,84894.37525703068,14261836.847104197,111771147.02062301,False,False,False,False
1073741824,1024 MB,128,1048576,1 MB,2,64,1024,75255.76520943153,4835.305023799582,80091.0702332311,14267901.216761954,222062893.38831696,False,False,False,False
1073741824,1024 MB,128,1048576,1 MB,2,128,1024,75239.76520943153,2449.6525118997906,77689.41772133132,14270935.336005053,438324137.31500065,False,False,False,False
1073741824,1024 MB,128,1048576,1 MB,2,256,1024,75231.76520943153,1256.8262559498953,76488.59146538143,14272452.879590135,854327970.0888155,False,True,False,False
1073741824,1024 MB,128,1048576,1 MB,4,1,1024,38359.76520943153,303891.52152317314,342251.28673260467,27991355.47722275,3533306.2884353036,False,False,False,False
1073741824,1024 MB,128,1048576,1 MB,4,2,1024,38359.76520943153,152233.76076158654,190593.52597101807,27991355.47722275,7053243.765563857,False,False,False,False
1073741824,1024 MB,128,1048576,1 MB,4,4,1024,38359.76520943153,76404.88038079327,114764.6455902248,27991355.47722275,14053314.639700923,False,False,False,False
1073741824,1024 MB,128,1048576,1 MB,4,8,1024,38103.76520943153,38234.44019039665,76338.20539982818,28179415.29133255,28083105.667379223,False,False,False,False
1073741824,1024 MB,128,1048576,1 MB,4,16,1024,37975.76520943153,19149.220095198325,57124.98530462985,28274396.001725048,56072352.74658738,False,False,False,False
1073741824,1024 MB,128,1048576,1 MB,4,32,1024,37911.76520943153,9606.61004759916,47518.37525703069,28322126.866645582,111771147.02062301,False,False,False,False
1073741824,1024 MB,128,1048576,1 MB,4,64,1024,37879.76520943153,4835.305023799582,42715.07023323111,28346052.782097325,222062893.38831696,False,False,False,False
1073741824,1024 MB,128,1048576,1 MB,4,128,1024,37863.76520943153,2449.6525118997906,40313.417721331316,28358030.90529783,438324137.31500065,False,False,False,False
1073741824,1024 MB,128,1048576,1 MB,4,256,1024,37855.76520943153,1256.8262559498953,39112.591465381425,28364023.76387531,854327970.0888155,False,True,False,False
1073741824,1024 MB,128,1048576,1 MB,8,1,1024,19415.765209431527,303635.52152317314,323051.28673260467,55302575.63469156,3536285.2758913883,False,False,False,False
1073741824,1024 MB,128,1048576,1 MB,8,2,1024,19415.765209431527,151977.76076158654,171393.52597101807,55302575.63469156,7065124.651260132,False,False,False,False
1073741824,1024 MB,128,1048576,1 MB,8,4,1024,19415.765209431527,76148.88038079327,95564.6455902248,55302575.63469156,14100559.570023904,False,False,False,False
1073741824,1024 MB,128,1048576,1 MB,8,8,1024,19415.765209431527,38234.44019039665,57650.20539982818,55302575.63469156,28083105.667379223,False,False,False,False
1073741824,1024 MB,128,1048576,1 MB,8,16,1024,19287.765209431527,19149.220095198325,38436.98530462985,55669581.84844302,56072352.74658738,False,False,False,False
1073741824,1024 MB,128,1048576,1 MB,8,32,1024,19223.765209431527,9606.61004759916,28830.37525703069,55854917.7178466,111771147.02062301,False,False,False,False
1073741824,1024 MB,128,1048576,1 MB,8,64,1024,19191.765209431527,4835.305023799582,24027.07023323111,55948049.1910314,222062893.38831696,False,False,False,False
1073741824,1024 MB,128,1048576,1 MB,8,128,1024,19175.765209431527,2449.6525118997906,21625.417721331316,55994731.4890925,438324137.31500065,False,False,False,False
1073741824,1024 MB,128,1048576,1 MB,8,256,1024,19167.765209431527,1256.8262559498953,20424.59146538142,56018101.86362591,854327970.0888155,False,True,False,False
1073741824,1024 MB,128,1048576,1 MB,16,1,1024,9943.765209431525,303507.52152317314,313451.28673260467,107981413.61800966,3537776.654138104,False,False,False,False
1073741824,1024 MB,128,1048576,1 MB,16,2,1024,9943.765209431525,151849.76076158654,161793.52597101807,107981413.61800966,7071080.1163911,False,False,False,False
1073741824,1024 MB,128,1048576,1 MB,16,4,1024,9943.765209431525,76020.88038079327,85964.6455902248,107981413.61800966,14124301.358015865,False,False,False,False
1073741824,1024 MB,128,1048576,1 MB,16,8,1024,9943.765209431525,38106.44019039665,48050.20539982818,107981413.61800966,28177437.16377364,False,False,False,False
1073741824,1024 MB,128,1048576,1 MB,16,16,1024,9943.765209431525,19149.220095198325,29092.985304629852,107981413.61800966,56072352.74658738,False,False,False,False
1073741824,1024 MB,128,1048576,1 MB,16,32,1024,9879.765209431525,9606.61004759916,19486.375257030686,108680904.98496597,111771147.02062301,False,False,False,False
1073741824,1024 MB,128,1048576,1 MB,16,64,1024,9847.765209431525,4835.305023799582,14683.070233231108,109034060.13088559,222062893.38831696,False,False,False,False
1073741824,1024 MB,128,1048576,1 MB,16,128,1024,9831.765209431525,2449.6525118997906,12281.417721331316,109211499.77930403,438324137.31500065,False,False,False,False
1073741824,1024 MB,128,1048576,1 MB,16,256,1024,9823.765209431525,1256.8262559498953,11080.591465381422,109300436.35093498,854327970.0888155,False,True,False,False
1073741824,1024 MB,128,1048576,1 MB,32,1,1024,5207.765209431525,303443.52152317314,308651.28673260467,206180920.37932113,3538522.815086699,False,False,False,False
1073741824,1024 MB,128,1048576,1 MB,32,2,1024,5207.765209431525,151785.76076158654,156993.52597101807,206180920.37932113,7074061.615611964,False,False,False,False
1073741824,1024 MB,128,1048576,1 MB,32,4,1024,5207.765209431525,75956.88038079327,81164.6455902248,206180920.37932113,14136202.25866346,False,False,False,False
1073741824,1024 MB,128,1048576,1 MB,32,8,1024,5207.765209431525,38042.44019039665,43250.20539982818,206180920.37932113,28224840.957259443,False,False,False,False
1073741824,1024 MB,128,1048576,1 MB,32,16,1024,5207.765209431525,19085.220095198325,24292.985304629852,206180920.37932113,56260384.666464716,False,False,False,False
1073741824,1024 MB,128,1048576,1 MB,32,32,1024,5207.765209431525,9606.61004759916,14814.375257030686,206180920.37932113,111771147.02062301,False,False,False,False
1073741824,1024 MB,128,1048576,1 MB,32,64,1024,5175.765209431525,4835.305023799582,10011.070233231108,207455667.0467541,222062893.38831696,False,False,False,False
1073741824,1024 MB,128,1048576,1 MB,32,128,1024,5159.765209431525,2449.6525118997906,7609.417721331316,208098969.70453408,438324137.31500065,False,False,False,False
1073741824,1024 MB,128,1048576,1 MB,32,256,1024,5151.765209431525,1256.8262559498953,6408.591465381421,208422119.47746792,854327970.0888155,False,True,False,False
1073741824,1024 MB,128,1048576,1 MB,64,1,1024,2839.7652094315254,303411.52152317314,306251.28673260467,378109366.37784415,3538896.0136043904,False,False,False,False
1073741824,1024 MB,128,1048576,1 MB,64,2,1024,2839.7652094315254,151753.76076158654,154593.52597101807,378109366.37784415,7075553.308276209,False,False,False,False
1073741824,1024 MB,128,1048576,1 MB,64,4,1024,2839.7652094315254,75924.88038079327,78764.6455902248,378109366.37784415,14142160.2327822,False,False,False,False
1073741824,1024 MB,128,1048576,1 MB,64,8,1024,2839.7652094315254,38010.44019039665,40850.20539982818,378109366.37784415,28248602.71603172,False,False,False,False
1073741824,1024 MB,128,1048576,1 MB,64,16,1024,2839.7652094315254,19053.220095198325,21892.985304629852,378109366.37784415,56354874.32754728,False,False,False,False
1073741824,1024 MB,128,1048576,1 MB,64,32,1024,2839.7652094315254,9574.61004759916,12414.375257030686,378109366.37784415,112144705.49317479,False,False,False,False
1073741824,1024 MB,128,1048576,1 MB,64,64,1024,2839.7652094315254,4835.305023799582,7675.0702332311075,378109366.37784415,222062893.38831696,False,False,False,False
1073741824,1024 MB,128,1048576,1 MB,64,128,1024,2823.7652094315254,2449.6525118997906,5273.417721331316,380251807.201833,438324137.31500065,False,False,False,False
1073741824,1024 MB,128,1048576,1 MB,64,256,1024,2815.7652094315254,1256.8262559498953,4072.5914653814207,381332158.09452295,854327970.0888155,False,True,True,False
1073741824,1024 MB,128,1048576,1 MB,128,1,1024,1655.7652094315256,303395.52152317314,305051.28673260467,648486764.8406794,3539082.6423849775,True,False,False,False
1073741824,1024 MB,128,1048576,1 MB,128,2,1024,1655.7652094315256,151737.76076158654,153393.52597101807,648486764.8406794,7076299.390545805,True,False,False,False
1073741824,1024 MB,128,1048576,1 MB,128,4,1024,1655.7652094315256,75908.88038079327,77564.6455902248,648486764.8406794,14145141.103565555,True,False,False,False
1073741824,1024 MB,128,1048576,1 MB,128,8,1024,1655.7652094315256,37994.44019039665,39650.20539982818,648486764.8406794,28260498.605040517,True,False,False,False
1073741824,1024 MB,128,1048576,1 MB,128,16,1024,1655.7652094315256,19037.220095198325,20692.985304629852,648486764.8406794,56402238.28009559,True,False,False,False
1073741824,1024 MB,128,1048576,1 MB,128,32,1024,1655.7652094315256,9558.61004759916,11214.375257030686,648486764.8406794,112332422.6695169,True,False,False,False
1073741824,1024 MB,128,1048576,1 MB,128,64,1024,1655.7652094315256,4819.305023799582,6475.0702332311075,648486764.8406794,222800137.92392263,True,False,False,False
1073741824,1024 MB,128,1048576,1 MB,128,128,1024,1655.7652094315256,2449.6525118997906,4105.417721331316,648486764.8406794,438324137.31500065,True,False,True,False
1073741824,1024 MB,128,1048576,1 MB,128,256,1024,1647.7652094315256,1256.8262559498953,2904.5914653814207,651635207.4033885,854327970.0888155,True,True,True,True
1073741824,1024 MB,128,1048576,1 MB,256,1,1024,1063.7652094315256,303387.52152317314,304451.28673260467,1009378587.003993,3539175.96415707,True,False,False,False
1073741824,1024 MB,128,1048576,1 MB,256,2,1024,1063.7652094315256,151729.76076158654,152793.52597101807,1009378587.003993,7076672.490686742,True,False,False,False
1073741824,1024 MB,128,1048576,1 MB,256,4,1024,1063.7652094315256,75900.88038079327,76964.6455902248,1009378587.003993,14146632.010235688,True,False,False,False
1073741824,1024 MB,128,1048576,1 MB,256,8,1024,1063.7652094315256,37986.44019039665,39050.20539982818,1009378587.003993,28266450.30748242,True,False,False,False
1073741824,1024 MB,128,1048576,1 MB,256,16,1024,1063.7652094315256,19029.220095198325,20092.985304629852,1009378587.003993,56425950.12451083,True,False,False,False
1073741824,1024 MB,128,1048576,1 MB,256,32,1024,1063.7652094315256,9550.61004759916,10614.375257030686,1009378587.003993,112426517.11760737,True,False,False,False
1073741824,1024 MB,128,1048576,1 MB,256,64,1024,1063.7652094315256,4811.305023799582,5875.0702332311075,1009378587.003993,223170598.9723439,True,False,False,False
1073741824,1024 MB,128,1048576,1 MB,256,128,1024,1063.7652094315256,2441.6525118997906,3505.417721331316,1009378587.003993,439760292.9847489,True,False,True,False
1073741824,1024 MB,128,1048576,1 MB,256,256,1024,1063.7652094315256,1256.8262559498953,2320.5914653814207,1009378587.003993,854327970.0888155,True,True,True,True
1073741824,1024 MB,128,4194304,4 MB,1,1,256,151669.94130235788,305379.52152317314,457049.462825531,7079463.569247834,3516089.8106211787,False,False,False,False
1073741824,1024 MB,128,4194304,4 MB,1,2,256,150645.94130235788,152697.76076158654,303343.7020639444,7127585.481011523,7031811.197784874,False,False,False,False
1073741824,1024 MB,128,4194304,4 MB,1,4,256,150133.94130235788,76356.88038079327,226490.82168315115,7151892.601271081,14062148.933340758,False,False,False,False
1073741824,1024 MB,128,4194304,4 MB,1,8,256,149877.94130235788,38186.44019039665,188064.38149275453,7164108.438304977,28118405.86989386,False,False,False,False
1073741824,1024 MB,128,4194304,4 MB,1,16,256,149749.94130235788,19101.220095198325,168851.1613975562,7170232.019203425,56213258.55880368,False,False,False,False
1073741824,1024 MB,128,4194304,4 MB,1,32,256,149685.94130235788,9558.61004759916,159244.55134995704,7173297.73696714,112332422.6695169,False,False,False,False
1073741824,1024 MB,128,4194304,4 MB,1,64,256,149653.94130235788,4787.305023799582,154441.24632615747,7174831.5791472085,224289410.9863495,False,False,False,False
1073741824,1024 MB,128,4194304,4 MB,1,128,256,149637.94130235788,2401.6525118997906,152039.59381425768,7175598.7462457875,447084588.082492,False,False,False,False
1073741824,1024 MB,128,4194304,4 MB,1,256,256,149629.94130235788,1208.8262559498953,150838.76755830777,7175982.391320231,888251573.5532681,False,True,False,False
1073741824,1024 MB,128,4194304,4 MB,2,1,256,75893.94130235788,304355.52152317314,380249.462825531,14147925.45457961,3527919.646820822,False,False,False,False
1073741824,1024 MB,128,4194304,4 MB,2,2,256,75893.94130235788,152697.76076158654,228591.70206394442,14147925.45457961,7031811.197784874,False,False,False,False
1073741824,1024 MB,128,4194304,4 MB,2,4,256,75381.94130235788,76356.88038079327,151738.82168315115,14244019.263091255,14062148.933340758,False,False,False,False
1073741824,1024 MB,128,4194304,4 MB,2,8,256,75125.94130235788,38186.44019039665,113312.38149275453,14292557.342856212,28118405.86989386,False,False,False,False
1073741824,1024 MB,128,4194304,4 MB,2,16,256,74997.94130235788,19101.220095198325,94099.1613975562,14316950.643633764,56213258.55880368,False,False,False,False
1073741824,1024 MB,128,4194304,4 MB,2,32,256,74933.94130235788,9558.61004759916,84492.55134995704,14329178.544972831,112332422.6695169,False,False,False,False
1073741824,1024 MB,128,4194304,4 MB,2,64,256,74901.94130235788,4787.305023799582,79689.24632615746,14335300.331744526,224289410.9863495,False,False,False,False
1073741824,1024 MB,128,4194304,4 MB,2,128,256,74885.94130235788,2401.6525118997906,77287.59381425768,14338363.18708585,447084588.082492,False,False,False,False
1073741824,1024 MB,128,4194304,4 MB,2,256,256,74877.94130235788,1208.8262559498953,76086.76755830778,14339895.105612207,888251573.5532681,False,True,False,False
1073741824,1024 MB,128,4194304,4 MB,4,1,256,38005.94130235788,303843.52152317314,341849.462825531,28251946.595870398,3533864.466213769,False,False,False,False
1073741824,1024 MB,128,4194304,4 MB,4,2,256,38005.94130235788,152185.76076158654,190191.70206394442,28251946.595870398,7055468.386967678,False,False,False,False
1073741824,1024 MB,128,4194304,4 MB,4,4,256,38005.94130235788,76356.88038079327,114362.82168315115,28251946.595870398,14062148.933340758,False,False,False,False
1073741824,1024 MB,128,4194304,4 MB,4,8,256,37749.94130235788,38186.44019039665,75936.38149275453,28443536.253470507,28118405.86989386,False,False,False,False
1073741824,1024 MB,128,4194304,4 MB,4,16,256,37621.94130235788,19101.220095198325,56723.16139755621,28540308.841870032,56213258.55880368,False,False,False,False
1073741824,1024 MB,128,4194304,4 MB,4,32,256,37557.94130235788,9558.61004759916,47116.551349957044,28588942.491706558,112332422.6695169,False,False,False,False
1073741824,1024 MB,128,4194304,4 MB,4,64,256,37525.94130235788,4787.305023799582,42313.24632615747,28613321.52466308,224289410.9863495,False,False,False,False
1073741824,1024 MB,128,4194304,4 MB,4,128,256,37509.94130235788,2401.6525118997906,39911.59381425767,28625526.63958726,447084588.082492,False,False,False,False
1073741824,1024 MB,128,4194304,4 MB,4,256,256,37501.94130235788,1208.8262559498953,38710.76755830778,28631633.102483947,888251573.5532681,False,True,False,False
1073741824,1024 MB,128,4194304,4 MB,8,1,256,19061.94130235788,303587.52152317314,322649.462825531,56329090.88158732,3536844.395358457,False,False,False,False
1073741824,1024 MB,128,4194304,4 MB,8,2,256,19061.94130235788,151929.76076158654,170991.70206394442,56329090.88158732,7067356.774720082,False,False,False,False
1073741824,1024 MB,128,4194304,4 MB,8,4,256,19061.94130235788,76100.88038079327,95162.82168315115,56329090.88158732,14109453.381185804,False,False,False,False
1073741824,1024 MB,128,4194304,4 MB,8,8,256,19061.94130235788,38186.44019039665,57248.38149275453,56329090.88158732,28118405.86989386,False,False,False,False
1073741824,1024 MB,128,4194304,4 MB,8,16,256,18933.94130235788,19101.220095198325,38035.16139755621,56709895.04262827,56213258.55880368,False,False,False,False
1073741824,1024 MB,128,4194304,4 MB,8,32,256,18869.94130235788,9558.61004759916,28428.551349957044,56902234.4476414,112332422.6695169,False,False,False,False
1073741824,1024 MB,128,4194304,4 MB,8,64,256,18837.94130235788,4787.305023799582,23625.246326157463,56998894.240402125,224289410.9863495,False,False,False,False
1073741824,1024 MB,128,4194304,4 MB,8,128,256,18821.94130235788,2401.6525118997906,21223.59381425767,57047347.38841679,447084588.082492,False,False,False,False
1073741824,1024 MB,128,4194304,4 MB,8,256,256,18813.94130235788,1208.8262559498953,20022.767558307776,57071604.86704782,888251573.5532681,False,True,False,False
1073741824,1024 MB,128,4194304,4 MB,16,1,256,9589.941302357882,303459.52152317314,313049.462825531,111965421.908891,3538336.24534337,False,False,False,False
1073741824,1024 MB,128,4194304,4 MB,16,2,256,9589.941302357882,151801.76076158654,161391.70206394442,111965421.908891,7073316.005117844,False,False,False,False
1073741824,1024 MB,128,4194304,4 MB,16,4,256,9589.941302357882,75972.88038079327,85562.82168315115,111965421.908891,14133225.153741216,False,False,False,False
1073741824,1024 MB,128,4194304,4 MB,16,8,256,9589.941302357882,38058.44019039665,47648.38149275453,111965421.908891,28212975.062255416,False,False,False,False
1073741824,1024 MB,128,4194304,4 MB,16,16,256,9589.941302357882,19101.220095198325,28691.161397556207,111965421.908891,56213258.55880368,False,False,False,False
1073741824,1024 MB,128,4194304,4 MB,16,32,256,9525.941302357882,9558.61004759916,19084.551349957044,112717661.1653302,112332422.6695169,False,False,False,False
1073741824,1024 MB,128,4194304,4 MB,16,64,256,9493.941302357882,4787.305023799582,14281.246326157463,113097584.00690019,224289410.9863495,False,False,False,False
1073741824,1024 MB,128,4194304,4 MB,16,128,256,9477.941302357882,2401.6525118997906,11879.593814257672,113288507.46658233,447084588.082492,False,False,False,False
1073741824,1024 MB,128,4194304,4 MB,16,256,256,9469.941302357882,1208.8262559498953,10678.767558307776,113384211.1283893,888251573.5532681,False,True,False,False
1073741824,1024 MB,128,4194304,4 MB,32,1,256,4853.941302357882,303395.52152317314,308249.462825531,221210302.53876624,3539082.6423849775,False,False,False,False
1073741824,1024 MB,128,4194304,4 MB,32,2,256,4853.941302357882,151737.76076158654,156591.70206394442,221210302.53876624,7076299.390545805,False,False,False,False
1073741824,1024 MB,128,4194304,4 MB,32,4,256,4853.941302357882,75908.88038079327,80762.82168315115,221210302.53876624,14145141.103565555,False,False,False,False
1073741824,1024 MB,128,4194304,4 MB,32,8,256,4853.941302357882,37994.44019039665,42848.38149275453,221210302.53876624,28260498.605040517,False,False,False,False
1073741824,1024 MB,128,4194304,4 MB,32,16,256,4853.941302357882,19037.220095198325,23891.161397556207,221210302.53876624,56402238.28009559,False,False,False,False
1073741824,1024 MB,128,4194304,4 MB,32,32,256,4853.941302357882,9558.61004759916,14412.551349957042,221210302.53876624,112332422.6695169,False,False,False,False
1073741824,1024 MB,128,4194304,4 MB,32,64,256,4821.941302357882,4787.305023799582,9609.246326157463,222678327.39377207,224289410.9863495,False,False,False,False
1073741824,1024 MB,128,4194304,4 MB,32,128,256,4805.941302357882,2401.6525118997906,7207.593814257672,223419670.8713864,447084588.082492,False,False,False,False
1073741824,1024 MB,128,4194304,4 MB,32,256,256,4797.941302357882,1208.8262559498953,6006.767558307777,223792196.7641256,888251573.5532681,False,True,False,False
1073741824,1024 MB,128,4194304,4 MB,64,1,256,2485.9413023578813,303363.52152317314,305849.462825531,431925654.4720386,3539455.9590052087,False,False,False,False
1073741824,1024 MB,128,4194304,4 MB,64,2,256,2485.9413023578813,151705.76076158654,154191.70206394442,431925654.4720386,7077792.027208782,False,False,False,False
1073741824,1024 MB,128,4194304,4 MB,64,4,256,2485.9413023578813,75876.88038079327,78362.82168315115,431925654.4720386,14151106.616552418,False,False,False,False
1073741824,1024 MB,128,4194304,4 MB,64,8,256,2485.9413023578813,37962.44019039665,40448.38149275453,431925654.4720386,28284320.46556439,False,False,False,False
1073741824,1024 MB,128,4194304,4 MB,64,16,256,2485.9413023578813,19005.220095198325,21491.161397556207,431925654.4720386,56497205.43206344,False,False,False,False
1073741824,1024 MB,128,4194304,4 MB,64,32,256,2485.9413023578813,9526.61004759916,12012.551349957042,431925654.4720386,112709748.6550946,False,False,False,False
1073741824,1024 MB,128,4194304,4 MB,64,64,256,2485.9413023578813,4787.305023799582,7273.246326157463,431925654.4720386,224289410.9863495,False,False,False,False
1073741824,1024 MB,128,4194304,4 MB,64,128,256,2469.9413023578813,2401.6525118997906,4871.593814257672,434723619.93986386,447084588.082492,False,False,False,False
1073741824,1024 MB,128,4194304,4 MB,64,256,256,2461.9413023578813,1208.8262559498953,3670.7675583077767,436136240.52354234,888251573.5532681,False,True,True,False
1073741824,1024 MB,128,4194304,4 MB,128,1,256,1301.9413023578813,303347.52152317314,304649.462825531,824723681.5172845,3539642.6468510814,True,False,False,False
1073741824,1024 MB,128,4194304,4 MB,128,2,256,1301.9413023578813,151689.76076158654,152991.70206394442,824723681.5172845,7078538.581701759,True,False,False,False
1073741824,1024 MB,128,4194304,4 MB,128,4,256,1301.9413023578813,75860.88038079327,77162.82168315115,824723681.5172845,14154091.260346798,True,False,False,False
1073741824,1024 MB,128,4194304,4 MB,128,8,256,1301.9413023578813,37946.44019039665,39248.38149275453,824723681.5172845,28296246.46244785,True,False,False,False
1073741824,1024 MB,128,4194304,4 MB,128,16,256,1301.9413023578813,18989.220095198325,20291.161397556207,824723681.5172845,56544809.03465382,True,False,False,False
1073741824,1024 MB,128,4194304,4 MB,128,32,256,1301.9413023578813,9510.61004759916,10812.551349957042,824723681.5172845,112899363.82903779,True,False,False,False
1073741824,1024 MB,128,4194304,4 MB,128,64,256,1301.9413023578813,4771.305023799582,6073.246326157463,824723681.5172845,225041538.6658588,True,False,False,False
1073741824,1024 MB,128,4194304,4 MB,128,128,256,1301.9413023578813,2401.6525118997906,3703.593814257672,824723681.5172845,447084588.082492,True,False,True,False
1073741824,1024 MB,128,4194304,4 MB,128,256,256,1293.9413023578813,1208.8262559498953,2502.7675583077767,829822668.1870164,888251573.5532681,True,True,True,True
1073741824,1024 MB,128,4194304,4 MB,256,1,256,709.9413023578813,303339.52152317314,304049.462825531,1512437465.5113766,3539735.998159321,True,False,False,False
1073741824,1024 MB,128,4194304,4 MB,256,2,256,709.9413023578813,151681.76076158654,152391.70206394442,1512437465.5113766,7078911.918010419,True,False,False,False
1073741824,1024 MB,128,4194304,4 MB,256,4,256,709.9413023578813,75852.88038079327,76562.82168315115,1512437465.5113766,14155584.054417564,True,False,False,False
1073741824,1024 MB,128,4194304,4 MB,256,8,256,709.9413023578813,37938.44019039665,38648.38149275453,1512437465.5113766,28302213.233104825,True,False,False,False
1073741824,1024 MB,128,4194304,4 MB,256,16,256,709.9413023578813,18981.220095198325,19691.161397556207,1512437465.5113766,56568640.93112878,True,False,False,False
1073741824,1024 MB,128,4194304,4 MB,256,32,256,709.9413023578813,9502.61004759916,10212.551349957042,1512437465.5113766,112994410.86412689,True,False,False,False
1073741824,1024 MB,128,4194304,4 MB,256,64,256,709.9413023578813,4763.305023799582,5473.246326157463,1512437465.5113766,225419497.3101891,True,False,False,False
1073741824,1024 MB,128,4194304,4 MB,256,128,256,709.9413023578813,2393.6525118997906,3103.593814257672,1512437465.5113766,448578821.97269905,True,False,True,False
1073741824,1024 MB,128,4194304,4 MB,256,256,256,709.9413023578813,1208.8262559498953,1918.7675583077767,1512437465.5113766,888251573.5532681,True,True,True,True
1073741824,1024 MB,128,16777216,16 MB,1,1,64,303162.9706511789,610735.0430463463,913898.0136975253,3541797.409141546,1758113.9910429504,False,False,False,False
1073741824,1024 MB,128,16777216,16 MB,1,2,64,301114.9706511789,305371.5215231731,606486.492174352,3565886.5505025205,3516181.9237244073,False,False,False,False
1073741824,1024 MB,128,16777216,16 MB,1,4,64,300090.9706511789,152689.76076158654,452780.73141276545,3578054.4201981365,7032179.621242358,False,False,False,False
1073741824,1024 MB,128,16777216,16 MB,1,8,64,299578.9706511789,76348.8803807933,375927.8510319722,3584169.54857033,14063622.395569742,False,False,False,False
1073741824,1024 MB,128,16777216,16 MB,1,16,64,299322.9706511789,38178.44019039665,337501.4108415756,3587234.957825215,28124297.86668151,False,False,False,False
1073741824,1024 MB,128,16777216,16 MB,1,32,64,299194.9706511789,19093.22009519832,318288.1907463772,3588769.629593268,56236811.73978773,False,False,False,False
1073741824,1024 MB,128,16777216,16 MB,1,64,64,299130.9706511789,9550.610047599164,308681.5806987781,3589537.457998979,112426517.11760733,False,False,False,False
1073741824,1024 MB,128,16777216,16 MB,1,128,64,299098.9706511789,4779.305023799581,303878.2756749785,3589921.495424471,224664845.33903378,False,False,False,False
1073741824,1024 MB,128,16777216,16 MB,1,256,64,299082.9706511789,2393.6525118997906,301476.6231630787,3590113.5449544108,448578821.97269905,False,False,False,False
1073741824,1024 MB,128,16777216,16 MB,2,1,64,151610.97065117894,608687.0430463463,760298.0136975253,7082217.199640694,1764029.3748100102,False,False,False,False
1073741824,1024 MB,128,16777216,16 MB,2,2,64,151610.97065117894,305371.5215231731,456982.49217435205,7082217.199640694,3516181.9237244073,False,False,False,False
1073741824,1024 MB,128,16777216,16 MB,2,4,64,150586.97065117894,152689.76076158654,303276.73141276545,7130376.681042516,7032179.621242358,False,False,False,False
1073741824,1024 MB,128,16777216,16 MB,2,8,64,150074.97065117894,76348.8803807933,226423.85103197224,7154702.875109741,14063622.395569742,False,False,False,False
1073741824,1024 MB,128,16777216,16 MB,2,16,64,149818.97065117894,38178.44019039665,187997.4108415756,7166928.3224484,28124297.86668151,False,False,False,False
1073741824,1024 MB,128,16777216,16 MB,2,32,64,149690.97065117894,19093.22009519832,168784.19074637725,7173056.726996001,56236811.73978773,False,False,False,False
1073741824,1024 MB,128,16777216,16 MB,2,64,64,149626.97065117894,9550.610047599164,159177.5806987781,7176124.861226948,112426517.11760733,False,False,False,False
1073741824,1024 MB,128,16777216,16 MB,2,128,64,149594.97065117894,4779.305023799581,154374.27567497853,7177659.912803612,224664845.33903378,False,False,False,False
1073741824,1024 MB,128,16777216,16 MB,2,256,64,149578.97065117894,2393.6525118997906,151972.62316307874,7178427.684891527,448578821.97269905,False,False,False,False
1073741824,1024 MB,128,16777216,16 MB,4,1,64,75834.97065117894,607663.0430463463,683498.0136975253,14158927.138495669,1767002.019107662,False,False,False,False
1073741824,1024 MB,128,16777216,16 MB,4,2,64,75834.97065117894,304347.5215231731,380182.49217435205,14158927.138495669,3528012.380801481,False,False,False,False
1073741824,1024 MB,128,16777216,16 MB,4,4,64,75834.97065117894,152689.76076158654,228524.73141276548,14158927.138495669,7032179.621242358,False,False,False,False
1073741824,1024 MB,128,16777216,16 MB,4,8,64,75322.97065117894,76348.8803807933,151671.85103197224,14255170.962023046,14063622.395569742,False,False,False,False
1073741824,1024 MB,128,16777216,16 MB,4,16,64,75066.97065117894,38178.44019039665,113245.41084157559,14303785.202542162,28124297.86668151,False,False,False,False
1073741824,1024 MB,128,16777216,16 MB,4,32,64,74938.97065117894,19093.22009519832,94032.19074637727,14328216.876609953,56236811.73978773,False,False,False,False
1073741824,1024 MB,128,16777216,16 MB,4,64,64,74874.97065117894,9550.610047599164,84425.58069877811,14340464.03840685,112426517.11760733,False,False,False,False
1073741824,1024 MB,128,16777216,16 MB,4,128,64,74842.97065117894,4779.305023799581,79622.27567497852,14346595.47393428,224664845.33903378,False,False,False,False
1073741824,1024 MB,128,16777216,16 MB,4,256,64,74826.97065117894,2393.6525118997906,77220.62316307874,14349663.158294417,448578821.97269905,False,False,False,False
1073741824,1024 MB,128,16777216,16 MB,8,1,64,37946.97065117894,607151.0430463463,645098.0136975253,28295850.90915922,1768492.1014259658,False,False,False,False
1073741824,1024 MB,128,16777216,16 MB,8,2,64,37946.97065117894,303835.5215231731,341782.49217435205,28295850.90915922,3533957.5129898274,False,False,False,False
1073741824,1024 MB,128,16777216,16 MB,8,4,64,37946.97065117894,152177.76076158654,190124.73141276548,28295850.90915922,7055839.2936416445,False,False,False,False
1073741824,1024 MB,128,16777216,16 MB,8,8,64,37946.97065117894,76348.8803807933,114295.85103197224,28295850.90915922,14063622.395569742,False,False,False,False
1073741824,1024 MB,128,16777216,16 MB,8,16,64,37690.97065117894,38178.44019039665,75869.41084157559,28488038.52618251,28124297.86668151,False,False,False,False
1073741824,1024 MB,128,16777216,16 MB,8,32,64,37562.97065117894,19093.22009519832,56656.190746377266,28585114.685712423,56236811.73978773,False,False,False,False
1073741824,1024 MB,128,16777216,16 MB,8,64,64,37498.97065117894,9550.610047599164,47049.5806987781,28633901.28726753,112426517.11760733,False,False,False,False
1073741824,1024 MB,128,16777216,16 MB,8,128,64,37466.97065117894,4779.305023799581,42246.27567497852,28658357.089945663,224664845.33903378,False,False,False,False
1073741824,1024 MB,128,16777216,16 MB,8,256,64,37450.97065117894,2393.6525118997906,39844.62316307873,28670600.66348905,448578821.97269905,False,False,False,False
1073741824,1024 MB,128,16777216,16 MB,16,1,64,19002.97065117894,606895.0430463463,625898.0136975253,56503893.191740796,1769238.085403183,False,False,False,False
1073741824,1024 MB,128,16777216,16 MB,16,2,64,19002.97065117894,303579.5215231731,322582.49217435205,56503893.191740796,3536937.5991260274,False,False,False,False
1073741824,1024 MB,128,16777216,16 MB,16,4,64,19002.97065117894,151921.76076158654,170924.73141276548,56503893.191740796,7067728.932427539,False,False,False,False
1073741824,1024 MB,128,16777216,16 MB,16,8,64,19002.97065117894,76092.8803807933,95095.85103197224,56503893.191740796,14110936.773935352,False,False,False,False
1073741824,1024 MB,128,16777216,16 MB,16,16,64,19002.97065117894,38178.44019039665,57181.41084157559,56503893.191740796,28124297.86668151,False,False,False,False
1073741824,1024 MB,128,16777216,16 MB,16,32,64,18874.97065117894,19093.22009519832,37968.190746377266,56887072.50694101,56236811.73978773,False,False,False,False
1073741824,1024 MB,128,16777216,16 MB,16,64,64,18810.97065117894,9550.610047599164,28361.580698778103,57080617.683740065,112426517.11760733,False,False,False,False
1073741824,1024 MB,128,16777216,16 MB,16,128,64,18778.97065117894,4779.305023799581,23558.275674978522,57177884.983413115,224664845.33903378,False,False,False,False
1073741824,1024 MB,128,16777216,16 MB,16,256,64,18762.97065117894,2393.6525118997906,21156.62316307873,57226643.04932616,448578821.97269905,False,False,False,False
1073741824,1024 MB,128,16777216,16 MB,32,1,64,9530.97065117894,606767.0430463463,616298.0136975253,112658181.76317464,1769611.3134443676,False,False,False,False
1073741824,1024 MB,128,16777216,16 MB,32,2,64,9530.97065117894,303451.5215231731,312982.49217435205,112658181.76317464,3538429.527755733,False,False,False,False
1073741824,1024 MB,128,16777216,16 MB,32,4,64,9530.97065117894,151793.76076158654,161324.73141276548,112658181.76317464,7073688.790716915,False,False,False,False
1073741824,1024 MB,128,16777216,16 MB,32,8,64,9530.97065117894,75964.8803807933,85495.85103197224,112658181.76317464,14134713.549440159,False,False,False,False
1073741824,1024 MB,128,16777216,16 MB,32,16,64,9530.97065117894,38050.44019039665,47581.41084157559,112658181.76317464,28218906.762371596,False,False,False,False
1073741824,1024 MB,128,16777216,16 MB,32,32,64,9530.97065117894,19093.22009519832,28624.190746377262,112658181.76317464,56236811.73978773,False,False,False,False
1073741824,1024 MB,128,16777216,16 MB,32,64,64,9466.97065117894,9550.610047599164,19017.580698778103,113419790.08525655,112426517.11760733,False,False,False,False
1073741824,1024 MB,128,16777216,16 MB,32,128,64,9434.97065117894,4779.305023799581,14214.275674978522,113804468.8952828,224664845.33903378,False,False,False,False
1073741824,1024 MB,128,16777216,16 MB,32,256,64,9418.97065117894,2393.6525118997906,11812.623163078732,113997788.48080425,448578821.97269905,False,False,False,False
1073741824,1024 MB,128,16777216,16 MB,64,1,64,4794.970651178941,606703.0430463463,611498.0136975253,223930843.817782,1769797.9865216804,False,False,False,False
1073741824,1024 MB,128,16777216,16 MB,64,2,64,4794.970651178941,303387.5215231731,308182.49217435205,223930843.817782,3539175.9641570705,False,False,False,False
1073741824,1024 MB,128,16777216,16 MB,64,4,64,4794.970651178941,151729.76076158654,156524.73141276548,223930843.817782,7076672.490686742,False,False,False,False
1073741824,1024 MB,128,16777216,16 MB,64,8,64,4794.970651178941,75900.8803807933,80695.85103197224,223930843.817782,14146632.010235684,False,False,False,False
1073741824,1024 MB,128,16777216,16 MB,64,16,64,4794.970651178941,37986.44019039665,42781.41084157559,223930843.817782,28266450.30748242,False,False,False,False
1073741824,1024 MB,128,16777216,16 MB,64,32,64,4794.970651178941,19029.22009519832,23824.190746377262,223930843.817782,56425950.12451084,False,False,False,False
1073741824,1024 MB,128,16777216,16 MB,64,64,64,4794.970651178941,9550.610047599164,14345.580698778105,223930843.817782,112426517.11760733,False,False,False,False
1073741824,1024 MB,128,16777216,16 MB,64,128,64,4762.970651178941,4779.305023799581,9542.275674978522,225435322.3306604,224664845.33903378,False,False,False,False
1073741824,1024 MB,128,16777216,16 MB,64,256,64,4746.970651178941,2393.6525118997906,7140.6231630787315,226195168.01380038,448578821.97269905,False,False,False,False
1073741824,1024 MB,128,16777216,16 MB,128,1,64,2426.970651178941,606671.0430463463,609098.0136975253,442420605.0775325,1769891.337829968,False,False,False,False
1073741824,1024 MB,128,16777216,16 MB,128,2,64,2426.970651178941,303355.5215231731,305782.49217435205,442420605.0775325,3539549.300466508,False,False,False,False
1073741824,1024 MB,128,16777216,16 MB,128,4,64,2426.970651178941,151697.76076158654,154124.73141276548,442420605.0775325,7078165.284769956,False,False,False,False
1073741824,1024 MB,128,16777216,16 MB,128,8,64,2426.970651178941,75868.8803807933,78295.85103197224,442420605.0775325,14152598.781091604,False,False,False,False
1073741824,1024 MB,128,16777216,16 MB,128,16,64,2426.970651178941,37954.44019039665,40381.41084157559,442420605.0775325,28290282.207131103,False,False,False,False
1073741824,1024 MB,128,16777216,16 MB,128,32,64,2426.970651178941,18997.22009519832,21424.190746377262,442420605.0775325,56520997.21008105,False,False,False,False
1073741824,1024 MB,128,16777216,16 MB,128,64,64,2426.970651178941,9518.610047599164,11945.580698778105,442420605.0775325,112804476.56019115,False,False,False,False
1073741824,1024 MB,128,16777216,16 MB,128,128,64,2426.970651178941,4779.305023799581,7206.275674978522,442420605.0775325,224664845.33903378,False,False,False,False
1073741824,1024 MB,128,16777216,16 MB,128,256,64,2410.970651178941,2393.6525118997906,4804.6231630787315,445356654.78754413,448578821.97269905,False,False,False,False
1073741824,1024 MB,128,16777216,16 MB,256,1,64,1242.9706511789407,606655.0430463463,607898.0136975253,863851308.9440773,1769938.0171772018,True,False,False,False
1073741824,1024 MB,128,16777216,16 MB,256,2,64,1242.9706511789407,303339.5215231731,304582.492174352,863851308.9440773,3539735.9981593215,True,False,False,False
1073741824,1024 MB,128,16777216,16 MB,256,4,64,1242.9706511789407,151681.76076158654,152924.73141276548,863851308.9440773,7078911.918010419,True,False,False,False
1073741824,1024 MB,128,16777216,16 MB,256,8,64,1242.9706511789407,75852.8803807933,77095.85103197224,863851308.9440773,14155584.054417558,True,False,False,False
1073741824,1024 MB,128,16777216,16 MB,256,16,64,1242.9706511789407,37938.44019039665,39181.41084157559,863851308.9440773,28302213.233104825,True,False,False,False
1073741824,1024 MB,128,16777216,16 MB,256,32,64,1242.9706511789407,18981.22009519832,20224.190746377262,863851308.9440773,56568640.931128785,True,False,False,False
1073741824,1024 MB,128,16777216,16 MB,256,64,64,1242.9706511789407,9502.610047599164,10745.580698778105,863851308.9440773,112994410.86412685,True,False,False,False
1073741824,1024 MB,128,16777216,16 MB,256,128,64,1242.9706511789407,4763.305023799581,6006.275674978522,863851308.9440773,225419497.31018913,True,False,False,False
1073741824,1024 MB,128,16777216,16 MB,256,256,64,1242.9706511789407,2393.6525118997906,3636.6231630787315,863851308.9440773,448578821.97269905,True,False,True,False
1073741824,1024 MB,256,65536,64 KB,1,1,16384,79550.1216754522,153193.76076158657,232743.88243703876,13497676.702251207,7009044.093323424,False,False,False,False
1073741824,1024 MB,256,65536,64 KB,1,2,16384,79038.1216754522,76852.88038079327,155891.00205624546,13585113.123120746,13971393.37757788,False,False,False,False
1073741824,1024 MB,256,65536,64 KB,1,4,16384,78782.1216754522,38682.440190396635,117464.56186584884,13629257.516360698,27757861.67353964,False,False,False,False
1073741824,1024 MB,256,65536,64 KB,1,8,16384,78654.1216754522,19597.220095198325,98251.34177065053,13651437.472413003,54790517.16437508,False,False,False,False
1073741824,1024 MB,256,65536,64 KB,1,16,16384,78590.1216754522,10054.610047599162,88644.73172305137,13662554.543866873,106790996.26110193,False,False,False,False
1073741824,1024 MB,256,65536,64 KB,1,32,16384,78558.1216754522,5283.30502379958,83841.42669925178,13668119.872264236,203232979.95537648,False,False,False,False
1073741824,1024 MB,256,65536,64 KB,1,64,16384,78542.1216754522,2897.652511899791,81439.774187352,13670904.237052085,370555758.3562777,False,False,False,False
1073741824,1024 MB,256,65536,64 KB,1,128,16384,78534.1216754522,1704.8262559498953,80238.9479314021,13672296.844896464,629824781.412539,False,True,False,False
1073741824,1024 MB,256,65536,64 KB,1,256,16384,78530.1216754522,1108.4131279749477,79638.53480342714,13672993.255219186,968719872.4916841,False,True,False,False
1073741824,1024 MB,256,65536,64 KB,2,1,16384,41662.1216754522,152681.76076158657,194343.88243703876,25772615.04741514,7032548.08330809,False,False,False,False
1073741824,1024 MB,256,65536,64 KB,2,2,16384,41662.1216754522,76852.88038079327,118515.00205624547,25772615.04741514,13971393.37757788,False,False,False,False
1073741824,1024 MB,256,65536,64 KB,2,4,16384,41406.1216754522,38682.440190396635,80088.56186584884,25931958.38084426,27757861.67353964,False,False,False,False
1073741824,1024 MB,256,65536,64 KB,2,8,16384,41278.1216754522,19597.220095198325,60875.34177065053,26012371.21306676,54790517.16437508,False,False,False,False
1073741824,1024 MB,256,65536,64 KB,2,16,16384,41214.1216754522,10054.610047599162,51268.731723051365,26052764.93468349,106790996.26110193,False,False,False,False
1073741824,1024 MB,256,65536,64 KB,2,32,16384,41182.1216754522,5283.30502379958,46465.42669925178,26073008.87656876,203232979.95537648,False,False,False,False
1073741824,1024 MB,256,65536,64 KB,2,64,16384,41166.1216754522,2897.652511899791,44063.77418735199,26083142.6498038,370555758.3562777,False,False,False,False
1073741824,1024 MB,256,65536,64 KB,2,128,16384,41158.1216754522,1704.8262559498953,42862.9479314021,26088212.49100899,629824781.412539,False,True,False,False
1073741824,1024 MB,256,65536,64 KB,2,256,16384,41154.1216754522,1108.4131279749477,42262.53480342715,26090748.150761057,968719872.4916841,False,True,False,False
1073741824,1024 MB,256,65536,64 KB,4,1,16384,22718.121675452203,152425.76076158657,175143.88243703876,47263670.79723052,7044359.290943412,False,False,False,False
1073741824,1024 MB,256,65536,64 KB,4,2,16384,22718.121675452203,76596.88038079327,99315.00205624547,47263670.79723052,14018088.18664685,False,False,False,False
1073741824,1024 MB,256,65536,64 KB,4,4,16384,22718.121675452203,38682.440190396635,61400.56186584884,47263670.79723052,27757861.67353964,False,False,False,False
1073741824,1024 MB,256,65536,64 KB,4,8,16384,22590.121675452203,19597.220095198325,42187.34177065053,47531475.900229126,54790517.16437508,False,False,False,False
1073741824,1024 MB,256,65536,64 KB,4,16,16384,22526.121675452203,10054.610047599162,32580.731723051365,47666519.76181537,106790996.26110193,False,False,False,False
1073741824,1024 MB,256,65536,64 KB,4,32,16384,22494.121675452203,5283.30502379958,27777.426699251784,47734329.86146655,203232979.95537648,False,False,False,False
1073741824,1024 MB,256,65536,64 KB,4,64,16384,22478.121675452203,2897.652511899791,25375.774187351995,47768307.312465824,370555758.3562777,False,False,False,False
1073741824,1024 MB,256,65536,64 KB,4,128,16384,22470.121675452203,1704.8262559498953,24174.947931402097,47785314.18336841,629824781.412539,False,True,False,False
1073741824,1024 MB,256,65536,64 KB,4,256,16384,22466.121675452203,1108.4131279749477,23574.534803427152,47793822.16082418,968719872.4916841,False,True,False,False
1073741824,1024 MB,256,65536,64 KB,8,1,16384,13246.121675452205,152297.76076158657,165543.8824370388,81060845.60508493,7050279.78501195,False,False,False,False
1073741824,1024 MB,256,65536,64 KB,8,2,16384,13246.121675452205,76468.88038079327,89715.00205624547,81060845.60508493,14041552.833689617,False,False,False,False
1073741824,1024 MB,256,65536,64 KB,8,4,16384,13246.121675452205,38554.440190396635,51800.56186584884,81060845.60508493,27850017.240490343,False,False,False,False
1073741824,1024 MB,256,65536,64 KB,8,8,16384,13246.121675452205,19597.220095198325,32843.34177065053,81060845.60508493,54790517.16437508,False,False,False,False
1073741824,1024 MB,256,65536,64 KB,8,16,16384,13182.121675452205,10054.610047599162,23236.731723051365,81454400.92542356,106790996.26110193,False,False,False,False
1073741824,1024 MB,256,65536,64 KB,8,32,16384,13150.121675452205,5283.30502379958,18433.426699251784,81652615.12404038,203232979.95537648,False,False,False,False
1073741824,1024 MB,256,65536,64 KB,8,64,16384,13134.121675452205,2897.652511899791,16031.774187351995,81752084.42044765,370555758.3562777,False,False,False,False
1073741824,1024 MB,256,65536,64 KB,8,128,16384,13126.121675452205,1704.8262559498953,14830.947931402101,81801910.00423656,629824781.412539,False,True,False,False
1073741824,1024 MB,256,65536,64 KB,8,256,16384,13122.121675452205,1108.4131279749477,14230.534803427152,81826845.57853694,968719872.4916841,False,True,False,False
1073741824,1024 MB,256,65536,64 KB,16,1,16384,8510.121675452205,152233.76076158657,160743.8824370388,126172323.37549913,7053243.765563855,False,False,False,False
1073741824,1024 MB,256,65536,64 KB,16,2,16384,8510.121675452205,76404.88038079327,84915.00205624547,126172323.37549913,14053314.639700923,False,False,False,False
1073741824,1024 MB,256,65536,64 KB,16,4,16384,8510.121675452205,38490.440190396635,47000.56186584884,126172323.37549913,27896324.871543,False,False,False,False
1073741824,1024 MB,256,65536,64 KB,16,8,16384,8510.121675452205,19533.220095198325,28043.341770650528,126172323.37549913,54970036.62309361,False,False,False,False
1073741824,1024 MB,256,65536,64 KB,16,16,16384,8510.121675452205,10054.610047599162,18564.731723051365,126172323.37549913,106790996.26110193,False,False,False,False
1073741824,1024 MB,256,65536,64 KB,16,32,16384,8478.121675452205,5283.30502379958,13761.426699251784,126648550.83513872,203232979.95537648,False,False,False,False
1073741824,1024 MB,256,65536,64 KB,16,64,16384,8462.121675452205,2897.652511899791,11359.774187351995,126888015.22611299,370555758.3562777,False,False,False,False
1073741824,1024 MB,256,65536,64 KB,16,128,16384,8454.121675452205,1704.8262559498953,10158.947931402101,127008087.32357952,629824781.412539,False,True,False,False
1073741824,1024 MB,256,65536,64 KB,16,256,16384,8450.121675452205,1108.4131279749477,9558.534803427152,127068208.62937918,968719872.4916841,False,True,False,False
1073741824,1024 MB,256,65536,64 KB,32,1,16384,6142.121675452205,152201.76076158657,158343.8824370388,174816110.9037208,7054726.690592901,False,False,False,False
1073741824,1024 MB,256,65536,64 KB,32,2,16384,6142.121675452205,76372.88038079327,82515.00205624547,174816110.9037208,14059202.934946936,False,False,False,False
1073741824,1024 MB,256,65536,64 KB,32,4,16384,6142.121675452205,38458.440190396635,44600.56186584884,174816110.9037208,27919536.48364869,False,False,False,False
1073741824,1024 MB,256,65536,64 KB,32,8,16384,6142.121675452205,19501.220095198325,25643.341770650528,174816110.9037208,55060238.21885798,False,False,False,False
1073741824,1024 MB,256,65536,64 KB,32,16,16384,6142.121675452205,10022.610047599162,16164.731723051367,174816110.9037208,107131956.53633222,False,False,False,False
1073741824,1024 MB,256,65536,64 KB,32,32,16384,6142.121675452205,5283.30502379958,11425.426699251784,174816110.9037208,203232979.95537648,False,False,False,False
1073741824,1024 MB,256,65536,64 KB,32,64,16384,6126.121675452205,2897.652511899791,9023.774187351995,175272689.78390652,370555758.3562777,False,False,False,False
1073741824,1024 MB,256,65536,64 KB,32,128,16384,6118.121675452205,1704.8262559498953,7822.9479314021,175501874.75155717,629824781.412539,False,True,False,False
1073741824,1024 MB,256,65536,64 KB,32,256,16384,6114.121675452205,1108.4131279749477,7222.534803427152,175616692.14255297,968719872.4916841,False,True,False,False
1073741824,1024 MB,256,65536,64 KB,64,1,16384,4958.121675452205,152185.76076158657,157143.8824370388,216562217.36471796,7055468.386967677,False,False,False,False
1073741824,1024 MB,256,65536,64 KB,64,2,16384,4958.121675452205,76356.88038079327,81315.00205624547,216562217.36471796,14062148.933340758,False,False,False,False
1073741824,1024 MB,256,65536,64 KB,64,4,16384,4958.121675452205,38442.440190396635,43400.56186584884,216562217.36471796,27931156.78094319,False,False,False,False
1073741824,1024 MB,256,65536,64 KB,64,8,16384,4958.121675452205,19485.220095198325,24443.341770650528,216562217.36471796,55105450.11829753,False,False,False,False
1073741824,1024 MB,256,65536,64 KB,64,16,16384,4958.121675452205,10006.610047599162,14964.731723051367,216562217.36471796,107303254.43806194,False,False,False,False
1073741824,1024 MB,256,65536,64 KB,64,32,16384,4958.121675452205,5267.30502379958,10225.426699251784,216562217.36471796,203850321.7771608,False,False,False,False
1073741824,1024 MB,256,65536,64 KB,64,64,16384,4958.121675452205,2897.652511899791,7855.774187351995,216562217.36471796,370555758.3562777,False,False,False,False
1073741824,1024 MB,256,65536,64 KB,64,128,16384,4950.121675452205,1704.8262559498953,6654.9479314021,216912208.30484158,629824781.412539,False,True,False,False
1073741824,1024 MB,256,65536,64 KB,64,256,16384,4946.121675452205,1108.4131279749477,6054.534803427152,217087628.33899185,968719872.4916841,False,True,False,False
1073741824,1024 MB,256,65536,64 KB,128,1,16384,4366.121675452205,152177.76076158657,156543.8824370388,245925767.49221978,7055839.293641644,False,False,False,False
1073741824,1024 MB,256,65536,64 KB,128,2,16384,4366.121675452205,76348.88038079327,80715.00205624547,245925767.49221978,14063622.395569747,False,False,False,False
1073741824,1024 MB,256,65536,64 KB,128,4,16384,4366.121675452205,38434.440190396635,42800.56186584884,245925767.49221978,27936970.557679385,False,False,False,False
1073741824,1024 MB,256,65536,64 KB,128,8,16384,4366.121675452205,19477.220095198325,23843.341770650528,245925767.49221978,55128083.92326516,False,False,False,False
1073741824,1024 MB,256,65536,64 KB,128,16,16384,4366.121675452205,9998.610047599162,14364.731723051367,245925767.49221978,107389108.97498435,False,False,False,False
1073741824,1024 MB,256,65536,64 KB,128,32,16384,4366.121675452205,5259.30502379958,9625.426699251784,245925767.49221978,204160401.25854427,False,False,False,False
1073741824,1024 MB,256,65536,64 KB,128,64,16384,4366.121675452205,2889.652511899791,7255.774187351995,245925767.49221978,371581641.5912488,False,False,False,False
1073741824,1024 MB,256,65536,64 KB,128,128,16384,4366.121675452205,1704.8262559498953,6070.9479314021,245925767.49221978,629824781.412539,False,True,False,False
1073741824,1024 MB,256,65536,64 KB,128,256,16384,4362.121675452205,1108.4131279749477,5470.534803427152,246151277.72397345,968719872.4916841,False,True,False,False
1073741824,1024 MB,256,65536,64 KB,256,1,16384,4070.1216754522043,152173.76076158657,156243.8824370388,263810743.17162853,7056024.761602961,False,False,False,False
1073741824,1024 MB,256,65536,64 KB,256,2,16384,4070.1216754522043,76344.88038079327,80415.00205624547,263810743.17162853,14064359.242484717,False,False,False,False
1073741824,1024 MB,256,65536,64 KB,256,4,16384,4070.1216754522043,38430.440190396635,42500.56186584884,263810743.17162853,27939878.35373056,False,False,False,False
1073741824,1024 MB,256,65536,64 KB,256,8,16384,4070.1216754522043,19473.220095198325,23543.341770650528,263810743.17162853,55139407.79957402,False,False,False,False
1073741824,1024 MB,256,65536,64 KB,256,16,16384,4070.1216754522043,9994.610047599162,14064.731723051367,263810743.17162853,107432087.78394781,False,False,False,False
1073741824,1024 MB,256,65536,64 KB,256,32,16384,4070.1216754522043,5255.30502379958,9325.426699251784,263810743.17162853,204315795.01805696,False,False,False,False
1073741824,1024 MB,256,65536,64 KB,256,64,16384,4070.1216754522043,2885.652511899791,6955.774187351995,263810743.17162853,372096716.2789445,False,False,False,False
1073741824,1024 MB,256,65536,64 KB,256,128,16384,4070.1216754522043,1700.8262559498953,5770.947931402099,263810743.17162853,631306002.1526569,False,True,False,False
1073741824,1024 MB,256,65536,64 KB,256,256,16384,4070.1216754522043,1108.4131279749477,5178.534803427152,263810743.17162853,968719872.4916841,False,True,False,False
1073741824,1024 MB,256,262144,256 KB,1,1,4096,76719.53041886305,152809.76076158657,229529.29118044963,13995677.738611376,7026657.319850461,False,False,False,False
1073741824,1024 MB,256,262144,256 KB,1,2,4096,76207.53041886305,76468.88038079327,152676.41079965633,14089707.645666275,14041552.833689617,False,False,False,False
1073741824,1024 MB,256,262144,256 KB,1,4,4096,75951.53041886305,38298.440190396635,114249.97060925969,14137198.000862524,28036176.3732937,False,False,False,False
1073741824,1024 MB,256,262144,256 KB,1,8,4096,75823.53041886305,19213.220095198325,95036.75051406138,14161063.433322791,55885573.5103115,False,False,False,False
1073741824,1024 MB,256,262144,256 KB,1,16,4096,75759.53041886305,9670.610047599162,85430.14046646221,14173026.391048662,111031446.69415851,False,False,False,False
1073741824,1024 MB,256,262144,256 KB,1,32,4096,75727.53041886305,4899.30502379958,80626.83544266263,14179015.452648915,219162068.65750036,False,False,False,False
1073741824,1024 MB,256,262144,256 KB,1,64,4096,75711.53041886305,2513.652511899791,78225.18293076285,14182011.881937655,427163985.0444076,False,False,False,False
1073741824,1024 MB,256,262144,256 KB,1,128,4096,75703.53041886305,1320.8262559498953,77024.35667481295,14183510.57155527,812931919.8215058,False,True,False,False
1073741824,1024 MB,256,262144,256 KB,1,256,4096,75699.53041886305,724.4131279749477,76423.943546838,14184260.03515131,1482223033.425111,False,True,False,False
1073741824,1024 MB,256,262144,256 KB,2,1,4096,38831.530418863054,152297.76076158657,191129.29118044963,27651287.81734578,7050279.78501195,False,False,False,False
1073741824,1024 MB,256,262144,256 KB,2,2,4096,38831.530418863054,76468.88038079327,115300.41079965633,27651287.81734578,14041552.833689617,False,False,False,False
1073741824,1024 MB,256,262144,256 KB,2,4,4096,38575.530418863054,38298.440190396635,76873.97060925969,27834790.92422151,28036176.3732937,False,False,False,False
1073741824,1024 MB,256,262144,256 KB,2,8,4096,38447.530418863054,19213.220095198325,57660.75051406138,27927458.8589233,55885573.5103115,False,False,False,False
1073741824,1024 MB,256,262144,256 KB,2,16,4096,38383.530418863054,9670.610047599162,48054.14046646222,27974024.5955157,111031446.69415851,False,False,False,False
1073741824,1024 MB,256,262144,256 KB,2,32,4096,38351.530418863054,4899.30502379958,43250.83544266263,27997365.74454625,219162068.65750036,False,False,False,False
1073741824,1024 MB,256,262144,256 KB,2,64,4096,38335.530418863054,2513.652511899791,40849.18293076284,28009050.931812953,427163985.0444076,False,False,False,False
1073741824,1024 MB,256,262144,256 KB,2,128,4096,38327.530418863054,1320.8262559498953,39648.35667481295,28014897.183971796,812931919.8215058,False,True,False,False
1073741824,1024 MB,256,262144,256 KB,2,256,4096,38323.530418863054,724.4131279749477,39047.943546838,28017821.225350842,1482223033.425111,False,True,False,False
1073741824,1024 MB,256,262144,256 KB,4,1,4096,19887.53041886305,152041.76076158657,171929.29118044963,53990706.80900483,7062150.679007931,False,False,False,False
1073741824,1024 MB,256,262144,256 KB,4,2,4096,19887.53041886305,76212.88038079327,96100.41079965633,53990706.80900483,14088718.581886826,False,False,False,False
1073741824,1024 MB,256,262144,256 KB,4,4,4096,19887.53041886305,38298.440190396635,58185.97060925969,53990706.80900483,28036176.3732937,False,False,False,False
1073741824,1024 MB,256,262144,256 KB,4,8,4096,19759.53041886305,19213.220095198325,38972.75051406138,54340452.49248298,55885573.5103115,False,False,False,False
1073741824,1024 MB,256,262144,256 KB,4,16,4096,19695.53041886305,9670.610047599162,29366.140466462213,54517030.06544279,111031446.69415851,False,False,False,False
1073741824,1024 MB,256,262144,256 KB,4,32,4096,19663.53041886305,4899.30502379958,24562.835442662632,54605749.889652014,219162068.65750036,False,False,False,False
1073741824,1024 MB,256,262144,256 KB,4,64,4096,19647.53041886305,2513.652511899791,22161.182930762843,54650218.17546749,427163985.0444076,False,False,False,False
1073741824,1024 MB,256,262144,256 KB,4,128,4096,19639.53041886305,1320.8262559498953,20960.356674812945,54672479.489056945,812931919.8215058,False,True,False,False
1073741824,1024 MB,256,262144,256 KB,4,256,4096,19635.53041886305,724.4131279749477,20359.943546838,54683616.94820834,1482223033.425111,False,True,False,False
1073741824,1024 MB,256,262144,256 KB,8,1,4096,10415.53041886305,151913.76076158657,162329.29118044963,103090460.18966056,7068101.129331728,False,False,False,False
1073741824,1024 MB,256,262144,256 KB,8,2,4096,10415.53041886305,76084.88038079327,86500.41079965633,103090460.18966056,14112420.478629727,False,False,False,False
1073741824,1024 MB,256,262144,256 KB,8,4,4096,10415.53041886305,38170.440190396635,48585.97060925969,103090460.18966056,28130192.33323237,False,False,False,False
1073741824,1024 MB,256,262144,256 KB,8,8,4096,10415.53041886305,19213.220095198325,29628.750514061376,103090460.18966056,55885573.5103115,False,False,False,False
1073741824,1024 MB,256,262144,256 KB,8,16,4096,10351.53041886305,9670.610047599162,20022.140466462213,103727833.52337705,111031446.69415851,False,False,False,False
1073741824,1024 MB,256,262144,256 KB,8,32,4096,10319.53041886305,4899.30502379958,15218.835442662632,104049484.85226704,219162068.65750036,False,False,False,False
1073741824,1024 MB,256,262144,256 KB,8,64,4096,10303.53041886305,2513.652511899791,12817.182930762841,104211059.73873396,427163985.0444076,False,False,False,False
1073741824,1024 MB,256,262144,256 KB,8,128,4096,10295.53041886305,1320.8262559498953,11616.356674812945,104292035.50627504,812931919.8215058,False,True,False,False
1073741824,1024 MB,256,262144,256 KB,8,256,4096,10291.53041886305,724.4131279749477,11015.943546837998,104332570.5992152,1482223033.425111,False,True,False,False
1073741824,1024 MB,256,262144,256 KB,16,1,4096,5679.530418863051,151849.76076158657,157529.29118044963,189054683.18892208,7071080.116391098,False,False,False,False
1073741824,1024 MB,256,262144,256 KB,16,2,4096,5679.530418863051,76020.88038079327,81700.41079965633,189054683.18892208,14124301.358015865,False,False,False,False
1073741824,1024 MB,256,262144,256 KB,16,4,4096,5679.530418863051,38106.440190396635,43785.97060925969,189054683.18892208,28177437.163773652,False,False,False,False
1073741824,1024 MB,256,262144,256 KB,16,8,4096,5679.530418863051,19149.220095198325,24828.750514061376,189054683.18892208,56072352.74658738,False,False,False,False
1073741824,1024 MB,256,262144,256 KB,16,16,4096,5679.530418863051,9670.610047599162,15350.140466462213,189054683.18892208,111031446.69415851,False,False,False,False
1073741824,1024 MB,256,262144,256 KB,16,32,4096,5647.530418863051,4899.30502379958,10546.835442662632,190125903.6009165,219162068.65750036,False,False,False,False
1073741824,1024 MB,256,262144,256 KB,16,64,4096,5631.530418863051,2513.652511899791,8145.182930762841,190666079.04726148,427163985.0444076,False,False,False,False
1073741824,1024 MB,256,262144,256 KB,16,128,4096,5623.530418863051,1320.8262559498953,6944.356674812946,190937319.4458662,812931919.8215058,False,True,False,False
1073741824,1024 MB,256,262144,256 KB,16,256,4096,5619.530418863051,724.4131279749477,6343.943546837998,191073229.2498633,1482223033.425111,False,True,False,False
1073741824,1024 MB,256,262144,256 KB,32,1,4096,3311.530418863051,151817.76076158657,155129.29118044963,324243382.4203397,7072570.551782777,False,False,False,False
1073741824,1024 MB,256,262144,256 KB,32,2,4096,3311.530418863051,75988.88038079327,79300.41079965633,324243382.4203397,14130249.302520264,False,False,False,False
1073741824,1024 MB,256,262144,256 KB,32,4,4096,3311.530418863051,38074.440190396635,41385.97060925969,324243382.4203397,28201119.140047807,False,False,False,False
1073741824,1024 MB,256,262144,256 KB,32,8,4096,3311.530418863051,19117.220095198325,22428.750514061376,324243382.4203397,56166211.334758446,False,False,False,False
1073741824,1024 MB,256,262144,256 KB,32,16,4096,3311.530418863051,9638.610047599162,12950.140466462213,324243382.4203397,111400068.96196133,False,False,False,False
1073741824,1024 MB,256,262144,256 KB,32,32,4096,3311.530418863051,4899.30502379958,8210.835442662632,324243382.4203397,219162068.65750036,False,False,False,False
1073741824,1024 MB,256,262144,256 KB,32,64,4096,3295.530418863051,2513.652511899791,5809.182930762842,325817603.70169425,427163985.0444076,False,False,False,False
1073741824,1024 MB,256,262144,256 KB,32,128,4096,3287.530418863051,1320.8262559498953,4608.356674812947,326610460.4961615,812931919.8215058,False,True,False,False
1073741824,1024 MB,256,262144,256 KB,32,256,4096,3283.530418863051,724.4131279749477,4007.943546837999,327008337.6817906,1482223033.425111,False,True,True,False
1073741824,1024 MB,256,262144,256 KB,64,1,4096,2127.530418863051,151801.76076158657,153929.29118044963,504689293.5019965,7073316.005117843,True,False,False,False
1073741824,1024 MB,256,262144,256 KB,64,2,4096,2127.530418863051,75972.88038079327,78100.41079965633,504689293.5019965,14133225.153741216,True,False,False,False
1073741824,1024 MB,256,262144,256 KB,64,4,4096,2127.530418863051,38058.440190396635,40185.97060925969,504689293.5019965,28212975.062255427,True,False,False,False
1073741824,1024 MB,256,262144,256 KB,64,8,4096,2127.530418863051,19101.220095198325,21228.750514061376,504689293.5019965,56213258.55880368,True,False,False,False
1073741824,1024 MB,256,262144,256 KB,64,16,4096,2127.530418863051,9622.610047599162,11750.140466462213,504689293.5019965,111585299.48617198,True,False,False,False
1073741824,1024 MB,256,262144,256 KB,64,32,4096,2127.530418863051,4883.30502379958,7010.835442662632,504689293.5019965,219880146.4923745,True,False,False,False
1073741824,1024 MB,256,262144,256 KB,64,64,4096,2127.530418863051,2513.652511899791,4641.182930762842,504689293.5019965,427163985.0444076,True,False,False,False
1073741824,1024 MB,256,262144,256 KB,64,128,4096,2119.530418863051,1320.8262559498953,3440.3566748129465,506594203.3405549,812931919.8215058,True,True,True,True
1073741824,1024 MB,256,262144,256 KB,64,256,4096,2115.530418863051,724.4131279749477,2839.943546837999,507552060.90445197,1482223033.425111,True,True,True,True
1073741824,1024 MB,256,262144,256 KB,128,1,4096,1535.5304188630512,151793.76076158657,153329.29118044963,699264443.6148832,7073688.790716914,True,False,False,False
1073741824,1024 MB,256,262144,256 KB,128,2,4096,1535.5304188630512,75964.88038079327,77500.41079965633,699264443.6148832,14134713.549440164,True,False,False,False
1073741824,1024 MB,256,262144,256 KB,128,4,4096,1535.5304188630512,38050.440190396635,39585.97060925969,699264443.6148832,28218906.762371607,True,False,False,False
1073741824,1024 MB,256,262144,256 KB,128,8,4096,1535.5304188630512,19093.220095198325,20628.750514061376,699264443.6148832,56236811.73978772,True,False,False,False
1073741824,1024 MB,256,262144,256 KB,128,16,4096,1535.5304188630512,9614.610047599162,11150.140466462213,699264443.6148832,111678145.93459472,True,False,False,False
1073741824,1024 MB,256,262144,256 KB,128,32,4096,1535.5304188630512,4875.30502379958,6410.835442662632,699264443.6148832,220240952.87543195,True,False,False,False
1073741824,1024 MB,256,262144,256 KB,128,64,4096,1535.5304188630512,2505.652511899791,4041.1829307628423,699264443.6148832,428527826.14532876,True,False,True,False
1073741824,1024 MB,256,262144,256 KB,128,128,4096,1535.5304188630512,1320.8262559498953,2856.3566748129465,699264443.6148832,812931919.8215058,True,True,True,True
1073741824,1024 MB,256,262144,256 KB,128,256,4096,1531.5304188630512,724.4131279749477,2255.943546837999,701090759.1356261,1482223033.425111,True,True,True,True
1073741824,1024 MB,256,262144,256 KB,256,1,4096,1239.5304188630512,151789.76076158657,153029.29118044963,866248869.4588718,7073875.198252054,True,False,False,False
1073741824,1024 MB,256,262144,256 KB,256,2,4096,1239.5304188630512,75960.88038079327,77200.41079965633,866248869.4588718,14135457.864855077,True,False,False,False
1073741824,1024 MB,256,262144,256 KB,256,4,4096,1239.5304188630512,38046.440190396635,39285.97060925969,866248869.4588718,28221873.54787071,True,False,False,False
1073741824,1024 MB,256,262144,256 KB,256,8,4096,1239.5304188630512,19089.220095198325,20328.750514061376,866248869.4588718,56248595.73336302,True,False,False,False
1073741824,1024 MB,256,262144,256 KB,256,16,4096,1239.5304188630512,9610.610047599162,10850.140466462213,866248869.4588718,111724627.12377271,True,False,False,False
1073741824,1024 MB,256,262144,256 KB,256,32,4096,1239.5304188630512,4871.30502379958,6110.835442662632,866248869.4588718,220421800.47319016,True,False,False,False
1073741824,1024 MB,256,262144,256 KB,256,64,4096,1239.5304188630512,2501.652511899791,3741.1829307628423,866248869.4588718,429213017.7522477,True,False,True,False
1073741824,1024 MB,256,262144,256 KB,256,128,4096,1239.5304188630512,1316.8262559498953,2556.3566748129465,866248869.4588718,815401287.1086429,True,True,True,True
1073741824,1024 MB,256,262144,256 KB,256,256,4096,1239.5304188630512,724.4131279749477,1963.9435468379988,866248869.4588718,1482223033.425111,True,True,True,True
1073741824,1024 MB,256,1048576,1 MB,1,1,1024,76011.88260471576,152713.76076158657,228725.64336630233,14125973.297935199,7031074.466670378,False,False,False,False
1073741824,1024 MB,256,1048576,1 MB,1,2,1024,75499.88260471576,76372.88038079327,151872.76298550903,14221768.126735253,14059202.934946936,False,False,False,False
1073741824,1024 MB,256,1048576,1 MB,1,4,1024,75243.88260471576,38202.440190396635,113446.3227951124,14270154.420935016,28106629.279401846,False,False,False,False
1073741824,1024 MB,256,1048576,1 MB,1,8,1024,75115.88260471576,19117.220095198325,94233.10269991409,14294471.245853279,56166211.334758446,False,False,False,False
1073741824,1024 MB,256,1048576,1 MB,1,16,1024,75051.88260471576,9574.610047599162,84626.49265231492,14306660.76233154,112144705.49317476,False,False,False,False
1073741824,1024 MB,256,1048576,1 MB,1,32,1024,75019.88260471576,4803.30502379958,79823.18762851534,14312763.31979363,223542294.04124603,False,False,False,False
1073741824,1024 MB,256,1048576,1 MB,1,64,1024,75003.88260471576,2417.652511899791,77421.53511661556,14315816.551241973,444125786.7766339,False,False,False,False
1073741824,1024 MB,256,1048576,1 MB,1,128,1024,74995.88260471576,1224.8262559498953,76220.70886066566,14317343.65551,876648274.6300013,False,True,False,False
1073741824,1024 MB,256,1048576,1 MB,1,256,1024,74991.88260471576,628.4131279749477,75620.2957326907,14318107.329825576,1708655940.177631,False,True,False,False
1073741824,1024 MB,256,1048576,1 MB,2,1,1024,38123.88260471576,152201.76076158657,190325.64336630233,28164545.44079366,7054726.690592901,False,False,False,False
1073741824,1024 MB,256,1048576,1 MB,2,2,1024,38123.88260471576,76372.88038079327,114496.76298550903,28164545.44079366,14059202.934946936,False,False,False,False
1073741824,1024 MB,256,1048576,1 MB,2,4,1024,37867.88260471576,38202.440190396635,76070.3227951124,28354947.521314137,28106629.279401846,False,False,False,False
1073741824,1024 MB,256,1048576,1 MB,2,8,1024,37739.88260471576,19117.220095198325,56857.10269991409,28451117.2238207,56166211.334758446,False,False,False,False
1073741824,1024 MB,256,1048576,1 MB,2,16,1024,37675.88260471576,9574.610047599162,47250.492652314926,28499447.120201062,112144705.49317476,False,False,False,False
1073741824,1024 MB,256,1048576,1 MB,2,32,1024,37643.88260471576,4803.30502379958,42447.18762851534,28523673.694208395,223542294.04124603,False,False,False,False
1073741824,1024 MB,256,1048576,1 MB,2,64,1024,37627.88260471576,2417.652511899791,40045.53511661555,28535802.43352391,444125786.7766339,False,False,False,False
1073741824,1024 MB,256,1048576,1 MB,2,128,1024,37619.88260471576,1224.8262559498953,38844.70886066566,28541870.672010105,876648274.6300013,False,True,False,False
1073741824,1024 MB,256,1048576,1 MB,2,256,1024,37615.88260471576,628.4131279749477,38244.29573269071,28544905.75918027,1708655940.177631,False,True,False,False
1073741824,1024 MB,256,1048576,1 MB,4,1,1024,19179.882604715764,151945.76076158657,171125.64336630233,55982710.9544455,7066612.576870607,False,False,False,False
1073741824,1024 MB,256,1048576,1 MB,4,2,1024,19179.882604715764,76116.88038079327,95296.76298550903,55982710.9544455,14106487.531127714,False,False,False,False
1073741824,1024 MB,256,1048576,1 MB,4,4,1024,19179.882604715764,38202.440190396635,57382.3227951124,55982710.9544455,28106629.279401846,False,False,False,False
1073741824,1024 MB,256,1048576,1 MB,4,8,1024,19051.882604715764,19117.220095198325,38169.10269991409,56358830.5826651,56166211.334758446,False,False,False,False
1073741824,1024 MB,256,1048576,1 MB,4,16,1024,18987.882604715764,9574.610047599162,28562.492652314926,56548792.003450096,112144705.49317476,False,False,False,False
1073741824,1024 MB,256,1048576,1 MB,4,32,1024,18955.882604715764,4803.30502379958,23759.187628515345,56644253.733291164,223542294.04124603,False,False,False,False
1073741824,1024 MB,256,1048576,1 MB,4,64,1024,18939.882604715764,2417.652511899791,21357.535116615556,56692105.56419465,444125786.7766339,False,False,False,False
1073741824,1024 MB,256,1048576,1 MB,4,128,1024,18931.882604715764,1224.8262559498953,20156.708860665658,56716061.81059566,876648274.6300013,False,True,False,False
1073741824,1024 MB,256,1048576,1 MB,4,256,1024,18927.882604715764,628.4131279749477,19556.295732690713,56728047.52775062,1708655940.177631,False,True,False,False
1073741824,1024 MB,256,1048576,1 MB,8,1,1024,9707.882604715764,151817.76076158657,161525.64336630233,110605151.26938312,7072570.551782777,False,False,False,False
1073741824,1024 MB,256,1048576,1 MB,8,2,1024,9707.882604715764,75988.88038079327,85696.76298550903,110605151.26938312,14130249.302520264,False,False,False,False
1073741824,1024 MB,256,1048576,1 MB,8,4,1024,9707.882604715764,38074.440190396635,47782.3227951124,110605151.26938312,28201119.140047807,False,False,False,False
1073741824,1024 MB,256,1048576,1 MB,8,8,1024,9707.882604715764,19117.220095198325,28825.10269991409,110605151.26938312,56166211.334758446,False,False,False,False
1073741824,1024 MB,256,1048576,1 MB,8,16,1024,9643.882604715764,9574.610047599162,19218.492652314926,111339163.69688603,112144705.49317476,False,False,False,False
1073741824,1024 MB,256,1048576,1 MB,8,32,1024,9611.882604715764,4803.30502379958,14415.187628515345,111709835.4356932,223542294.04124603,False,False,False,False
1073741824,1024 MB,256,1048576,1 MB,8,64,1024,9595.882604715764,2417.652511899791,12013.535116615554,111896098.3820628,444125786.7766339,False,False,False,False
1073741824,1024 MB,256,1048576,1 MB,8,128,1024,9587.882604715764,1224.8262559498953,10812.708860665658,111989462.978185,876648274.6300013,False,True,False,False
1073741824,1024 MB,256,1048576,1 MB,8,256,1024,9583.882604715764,628.4131279749477,10212.29573269071,112036203.72725181,1708655940.177631,False,True,False,False
1073741824,1024 MB,256,1048576,1 MB,16,1,1024,4971.882604715763,151753.76076158657,156725.64336630233,215962827.2360193,7075553.308276208,False,False,False,False
1073741824,1024 MB,256,1048576,1 MB,16,2,1024,4971.882604715763,75924.88038079327,80896.76298550903,215962827.2360193,14142160.2327822,False,False,False,False
1073741824,1024 MB,256,1048576,1 MB,16,4,1024,4971.882604715763,38010.440190396635,42982.3227951124,215962827.2360193,28248602.71603173,False,False,False,False
1073741824,1024 MB,256,1048576,1 MB,16,8,1024,4971.882604715763,19053.220095198325,24025.10269991409,215962827.2360193,56354874.32754728,False,False,False,False
1073741824,1024 MB,256,1048576,1 MB,16,16,1024,4971.882604715763,9574.610047599162,14546.492652314926,215962827.2360193,112144705.49317476,False,False,False,False
1073741824,1024 MB,256,1048576,1 MB,16,32,1024,4939.882604715763,4803.30502379958,9743.187628515343,217361809.96993193,223542294.04124603,False,False,False,False
1073741824,1024 MB,256,1048576,1 MB,16,64,1024,4923.882604715763,2417.652511899791,7341.535116615554,218068120.26177117,444125786.7766339,False,False,False,False
1073741824,1024 MB,256,1048576,1 MB,16,128,1024,4915.882604715763,1224.8262559498953,6140.708860665658,218422999.55860806,876648274.6300013,False,True,False,False
1073741824,1024 MB,256,1048576,1 MB,16,256,1024,4911.882604715763,628.4131279749477,5540.295732690711,218600872.70186996,1708655940.177631,False,True,False,False
1073741824,1024 MB,256,1048576,1 MB,32,1,1024,2603.8826047157627,151721.76076158657,154325.64336630233,412361840.75864226,7077045.630173398,False,False,False,False
1073741824,1024 MB,256,1048576,1 MB,32,2,1024,2603.8826047157627,75892.88038079327,78496.76298550903,412361840.75864226,14148123.231223928,False,False,False,False
1073741824,1024 MB,256,1048576,1 MB,32,4,1024,2603.8826047157627,37978.440190396635,40582.3227951124,412361840.75864226,28272404.51732692,False,False,False,False
1073741824,1024 MB,256,1048576,1 MB,32,8,1024,2603.8826047157627,19021.220095198325,21625.10269991409,412361840.75864226,56449681.914518885,False,False,False,False
1073741824,1024 MB,256,1048576,1 MB,32,16,1024,2603.8826047157627,9542.610047599162,12146.492652314926,412361840.75864226,112520769.33292943,False,False,False,False
1073741824,1024 MB,256,1048576,1 MB,32,32,1024,2603.8826047157627,4803.30502379958,7407.187628515343,412361840.75864226,223542294.04124603,False,False,False,False
1073741824,1024 MB,256,1048576,1 MB,32,64,1024,2587.8826047157627,2417.652511899791,5005.535116615554,414911334.0935082,444125786.7766339,False,False,False,False
1073741824,1024 MB,256,1048576,1 MB,32,128,1024,2579.8826047157627,1224.8262559498953,3804.708860665658,416197939.40906817,876648274.6300013,False,True,True,False
1073741824,1024 MB,256,1048576,1 MB,32,256,1024,2575.8826047157627,628.4131279749477,3204.2957326907103,416844238.95493585,1708655940.177631,False,True,True,False
1073741824,1024 MB,256,1048576,1 MB,64,1,1024,1419.8826047157627,151705.76076158657,153125.64336630233,756218732.7556883,7077792.027208781,True,False,False,False
1073741824,1024 MB,256,1048576,1 MB,64,2,1024,1419.8826047157627,75876.88038079327,77296.76298550903,756218732.7556883,14151106.616552418,True,False,False,False
1073741824,1024 MB,256,1048576,1 MB,64,4,1024,1419.8826047157627,37962.440190396635,39382.3227951124,756218732.7556883,28284320.4655644,True,False,False,False
1073741824,1024 MB,256,1048576,1 MB,64,8,1024,1419.8826047157627,19005.220095198325,20425.10269991409,756218732.7556883,56497205.43206344,True,False,False,False
1073741824,1024 MB,256,1048576,1 MB,64,16,1024,1419.8826047157627,9526.610047599162,10946.492652314926,756218732.7556883,112709748.65509456,True,False,False,False
1073741824,1024 MB,256,1048576,1 MB,64,32,1024,1419.8826047157627,4787.30502379958,6207.187628515343,756218732.7556883,224289410.98634958,True,False,False,False
1073741824,1024 MB,256,1048576,1 MB,64,64,1024,1419.8826047157627,2417.652511899791,3837.5351166155538,756218732.7556883,444125786.7766339,True,False,True,False
1073741824,1024 MB,256,1048576,1 MB,64,128,1024,1411.8826047157627,1224.8262559498953,2636.708860665658,760503614.403666,876648274.6300013,True,True,True,True
1073741824,1024 MB,256,1048576,1 MB,64,256,1024,1407.8826047157627,628.4131279749477,2036.2957326907103,762664316.1890459,1708655940.177631,True,True,True,True
1073741824,1024 MB,256,1048576,1 MB,128,1,1024,827.8826047157628,151697.76076158657,152525.64336630233,1296973529.6813588,7078165.284769955,True,False,False,False
1073741824,1024 MB,256,1048576,1 MB,128,2,1024,827.8826047157628,75868.88038079327,76696.76298550903,1296973529.6813588,14152598.78109161,True,False,False,False
1073741824,1024 MB,256,1048576,1 MB,128,4,1024,827.8826047157628,37954.440190396635,38782.3227951124,1296973529.6813588,28290282.20713111,True,False,False,False
1073741824,1024 MB,256,1048576,1 MB,128,8,1024,827.8826047157628,18997.220095198325,19825.10269991409,1296973529.6813588,56520997.21008103,True,False,False,False
1073741824,1024 MB,256,1048576,1 MB,128,16,1024,827.8826047157628,9518.610047599162,10346.492652314926,1296973529.6813588,112804476.56019118,True,False,False,False
1073741824,1024 MB,256,1048576,1 MB,128,32,1024,827.8826047157628,4779.30502379958,5607.187628515343,1296973529.6813588,224664845.3390338,True,False,False,False
1073741824,1024 MB,256,1048576,1 MB,128,64,1024,827.8826047157628,2409.652511899791,3237.5351166155538,1296973529.6813588,445600275.84784526,True,False,True,False
1073741824,1024 MB,256,1048576,1 MB,128,128,1024,827.8826047157628,1224.8262559498953,2052.708860665658,1296973529.6813588,876648274.6300013,True,True,True,True
1073741824,1024 MB,256,1048576,1 MB,128,256,1024,823.8826047157628,628.4131279749477,1452.2957326907103,1303270414.806777,1708655940.177631,True,True,True,True
1073741824,1024 MB,256,1048576,1 MB,256,1,1024,531.8826047157628,151693.76076158657,152225.64336630233,2018757174.007986,7078351.92831414,True,False,False,False
1073741824,1024 MB,256,1048576,1 MB,256,2,1024,531.8826047157628,75864.88038079327,76396.76298550903,2018757174.007986,14153344.981373483,True,False,False,False
1073741824,1024 MB,256,1048576,1 MB,256,4,1024,531.8826047157628,37950.440190396635,38482.3227951124,2018757174.007986,28293264.020471375,True,False,False,False
1073741824,1024 MB,256,1048576,1 MB,256,8,1024,531.8826047157628,18993.220095198325,19525.10269991409,2018757174.007986,56532900.61496484,True,False,False,False
1073741824,1024 MB,256,1048576,1 MB,256,16,1024,531.8826047157628,9514.610047599162,10046.492652314926,2018757174.007986,112851900.24902166,True,False,False,False
1073741824,1024 MB,256,1048576,1 MB,256,32,1024,531.8826047157628,4775.30502379958,5307.187628515343,2018757174.007986,224853034.23521474,True,False,False,False
1073741824,1024 MB,256,1048576,1 MB,256,64,1024,531.8826047157628,2405.652511899791,2937.5351166155538,2018757174.007986,446341197.9446878,True,False,True,False
1073741824,1024 MB,256,1048576,1 MB,256,128,1024,531.8826047157628,1220.8262559498953,1752.708860665658,2018757174.007986,879520585.9694978,True,True,True,True
1073741824,1024 MB,256,1048576,1 MB,256,256,1024,531.8826047157628,628.4131279749477,1160.2957326907103,2018757174.007986,1708655940.177631,True,True,True,True
1073741824,1024 MB,256,4194304,4 MB,1,1,256,75834.97065117894,152689.76076158657,228524.7314127655,14158927.138495669,7032179.621242357,False,False,False,False
1073741824,1024 MB,256,4194304,4 MB,1,2,256,75322.97065117894,76348.88038079327,151671.8510319722,14255170.962023046,14063622.395569747,False,False,False,False
1073741824,1024 MB,256,4194304,4 MB,1,4,256,75066.97065117894,38178.440190396635,113245.41084157558,14303785.202542162,28124297.866681516,False,False,False,False
1073741824,1024 MB,256,4194304,4 MB,1,8,256,74938.97065117894,19093.220095198325,94032.19074637727,14328216.876609953,56236811.73978772,False,False,False,False
1073741824,1024 MB,256,4194304,4 MB,1,16,256,74874.97065117894,9550.610047599162,84425.5806987781,14340464.03840685,112426517.11760736,False,False,False,False
1073741824,1024 MB,256,4194304,4 MB,1,32,256,74842.97065117894,4779.30502379958,79622.27567497852,14346595.47393428,224664845.3390338,False,False,False,False
1073741824,1024 MB,256,4194304,4 MB,1,64,256,74826.97065117894,2393.652511899791,77220.62316307874,14349663.158294417,448578821.972699,False,False,False,False
1073741824,1024 MB,256,4194304,4 MB,1,128,256,74818.97065117894,1200.8262559498953,76019.79690712884,14351197.492491575,894169176.164984,False,True,False,False
1073741824,1024 MB,256,4194304,4 MB,1,256,256,74814.97065117894,604.4131279749477,75419.38377915388,14351964.782640463,1776503147.1065361,False,True,False,False
1073741824,1024 MB,256,4194304,4 MB,2,1,256,37946.97065117894,152177.76076158657,190124.7314127655,28295850.90915922,7055839.293641644,False,False,False,False
1073741824,1024 MB,256,4194304,4 MB,2,2,256,37946.97065117894,76348.88038079327,114295.85103197221,28295850.90915922,14063622.395569747,False,False,False,False
1073741824,1024 MB,256,4194304,4 MB,2,4,256,37690.97065117894,38178.440190396635,75869.41084157558,28488038.52618251,28124297.866681516,False,False,False,False
1073741824,1024 MB,256,4194304,4 MB,2,8,256,37562.97065117894,19093.220095198325,56656.190746377266,28585114.685712423,56236811.73978772,False,False,False,False
1073741824,1024 MB,256,4194304,4 MB,2,16,256,37498.97065117894,9550.610047599162,47049.5806987781,28633901.28726753,112426517.11760736,False,False,False,False
1073741824,1024 MB,256,4194304,4 MB,2,32,256,37466.97065117894,4779.30502379958,42246.27567497852,28658357.089945663,224664845.3390338,False,False,False,False
1073741824,1024 MB,256,4194304,4 MB,2,64,256,37450.97065117894,2393.652511899791,39844.62316307873,28670600.66348905,448578821.972699,False,False,False,False
1073741824,1024 MB,256,4194304,4 MB,2,128,256,37442.97065117894,1200.8262559498953,38643.79690712884,28676726.3741717,894169176.164984,False,True,False,False
1073741824,1024 MB,256,4194304,4 MB,2,256,256,37438.97065117894,604.4131279749477,38043.38377915389,28679790.211224414,1776503147.1065361,False,True,False,False
1073741824,1024 MB,256,4194304,4 MB,4,1,256,19002.97065117894,151921.76076158657,170924.7314127655,56503893.191740796,7067728.932427538,False,False,False,False
1073741824,1024 MB,256,4194304,4 MB,4,2,256,19002.97065117894,76092.88038079327,95095.85103197221,56503893.191740796,14110936.773935355,False,False,False,False
1073741824,1024 MB,256,4194304,4 MB,4,4,256,19002.97065117894,38178.440190396635,57181.410841575576,56503893.191740796,28124297.866681516,False,False,False,False
1073741824,1024 MB,256,4194304,4 MB,4,8,256,18874.97065117894,19093.220095198325,37968.190746377266,56887072.50694101,56236811.73978772,False,False,False,False
1073741824,1024 MB,256,4194304,4 MB,4,16,256,18810.97065117894,9550.610047599162,28361.580698778103,57080617.683740065,112426517.11760736,False,False,False,False
1073741824,1024 MB,256,4194304,4 MB,4,32,256,18778.97065117894,4779.30502379958,23558.275674978522,57177884.983413115,224664845.3390338,False,False,False,False
1073741824,1024 MB,256,4194304,4 MB,4,64,256,18762.97065117894,2393.652511899791,21156.623163078733,57226643.04932616,448578821.972699,False,False,False,False
1073741824,1024 MB,256,4194304,4 MB,4,128,256,18754.97065117894,1200.8262559498953,19955.796907128835,57251053.27917452,894169176.164984,False,True,False,False
1073741824,1024 MB,256,4194304,4 MB,4,256,256,18750.97065117894,604.4131279749477,19355.38377915389,57263266.20496789,1776503147.1065361,False,True,False,False
1073741824,1024 MB,256,4194304,4 MB,8,1,256,9530.97065117894,151793.76076158657,161324.7314127655,112658181.76317464,7073688.790716914,False,False,False,False
1073741824,1024 MB,256,4194304,4 MB,8,2,256,9530.97065117894,75964.88038079327,85495.85103197221,112658181.76317464,14134713.549440164,False,False,False,False
1073741824,1024 MB,256,4194304,4 MB,8,4,256,9530.97065117894,38050.440190396635,47581.410841575576,112658181.76317464,28218906.762371607,False,False,False,False
1073741824,1024 MB,256,4194304,4 MB,8,8,256,9530.97065117894,19093.220095198325,28624.190746377266,112658181.76317464,56236811.73978772,False,False,False,False
1073741824,1024 MB,256,4194304,4 MB,8,16,256,9466.97065117894,9550.610047599162,19017.580698778103,113419790.08525655,112426517.11760736,False,False,False,False
1073741824,1024 MB,256,4194304,4 MB,8,32,256,9434.97065117894,4779.30502379958,14214.275674978522,113804468.8952828,224664845.3390338,False,False,False,False
1073741824,1024 MB,256,4194304,4 MB,8,64,256,9418.97065117894,2393.652511899791,11812.623163078732,113997788.48080425,448578821.972699,False,False,False,False
1073741824,1024 MB,256,4194304,4 MB,8,128,256,9410.97065117894,1200.8262559498953,10611.796907128835,114094694.77683358,894169176.164984,False,True,False,False
1073741824,1024 MB,256,4194304,4 MB,8,256,256,9406.97065117894,604.4131279749477,10011.383779153888,114143209.73409563,1776503147.1065361,False,True,False,False
1073741824,1024 MB,256,4194304,4 MB,16,1,256,4794.970651178941,151729.76076158657,156524.7314127655,223930843.817782,7076672.49068674,False,False,False,False
1073741824,1024 MB,256,4194304,4 MB,16,2,256,4794.970651178941,75900.88038079327,80695.85103197221,223930843.817782,14146632.010235688,False,False,False,False
1073741824,1024 MB,256,4194304,4 MB,16,4,256,4794.970651178941,37986.440190396635,42781.410841575576,223930843.817782,28266450.307482433,False,False,False,False
1073741824,1024 MB,256,4194304,4 MB,16,8,256,4794.970651178941,19029.220095198325,23824.190746377266,223930843.817782,56425950.12451083,False,False,False,False
1073741824,1024 MB,256,4194304,4 MB,16,16,256,4794.970651178941,9550.610047599162,14345.580698778103,223930843.817782,112426517.11760736,False,False,False,False
1073741824,1024 MB,256,4194304,4 MB,16,32,256,4762.970651178941,4779.30502379958,9542.275674978522,225435322.3306604,224664845.3390338,False,False,False,False
1073741824,1024 MB,256,4194304,4 MB,16,64,256,4746.970651178941,2393.652511899791,7140.6231630787315,226195168.01380038,448578821.972699,False,False,False,False
1073741824,1024 MB,256,4194304,4 MB,16,128,256,4738.970651178941,1200.8262559498953,5939.796907128836,226577014.93316466,894169176.164984,False,True,False,False
1073741824,1024 MB,256,4194304,4 MB,16,256,256,4734.970651178941,604.4131279749477,5339.383779153888,226768422.2567786,1776503147.1065361,False,True,False,False
1073741824,1024 MB,256,4194304,4 MB,32,1,256,2426.970651178941,151697.76076158657,154124.7314127655,442420605.0775325,7078165.284769955,False,False,False,False
1073741824,1024 MB,256,4194304,4 MB,32,2,256,2426.970651178941,75868.88038079327,78295.85103197221,442420605.0775325,14152598.78109161,False,False,False,False
1073741824,1024 MB,256,4194304,4 MB,32,4,256,2426.970651178941,37954.440190396635,40381.410841575576,442420605.0775325,28290282.20713111,False,False,False,False
1073741824,1024 MB,256,4194304,4 MB,32,8,256,2426.970651178941,18997.220095198325,21424.190746377266,442420605.0775325,56520997.21008103,False,False,False,False
1073741824,1024 MB,256,4194304,4 MB,32,16,256,2426.970651178941,9518.610047599162,11945.580698778103,442420605.0775325,112804476.56019118,False,False,False,False
1073741824,1024 MB,256,4194304,4 MB,32,32,256,2426.970651178941,4779.30502379958,7206.275674978521,442420605.0775325,224664845.3390338,False,False,False,False
1073741824,1024 MB,256,4194304,4 MB,32,64,256,2410.970651178941,2393.652511899791,4804.6231630787315,445356654.78754413,448578821.972699,False,False,False,False
1073741824,1024 MB,256,4194304,4 MB,32,128,256,2402.970651178941,1200.8262559498953,3603.796907128836,446839341.7427728,894169176.164984,False,True,True,False
1073741824,1024 MB,256,4194304,4 MB,32,256,256,2398.970651178941,604.4131279749477,3003.3837791538886,447584393.5282512,1776503147.1065361,False,True,True,False
1073741824,1024 MB,256,4194304,4 MB,64,1,256,1242.9706511789407,151681.76076158657,152924.7314127655,863851308.9440773,7078911.918010417,True,False,False,False
1073741824,1024 MB,256,4194304,4 MB,64,2,256,1242.9706511789407,75852.88038079327,77095.85103197221,863851308.9440773,14155584.054417564,True,False,False,False
1073741824,1024 MB,256,4194304,4 MB,64,4,256,1242.9706511789407,37938.440190396635,39181.410841575576,863851308.9440773,28302213.233104836,True,False,False,False
1073741824,1024 MB,256,4194304,4 MB,64,8,256,1242.9706511789407,18981.220095198325,20224.190746377266,863851308.9440773,56568640.93112878,True,False,False,False
1073741824,1024 MB,256,4194304,4 MB,64,16,256,1242.9706511789407,9502.610047599162,10745.580698778103,863851308.9440773,112994410.86412688,True,False,False,False
1073741824,1024 MB,256,4194304,4 MB,64,32,256,1242.9706511789407,4763.30502379958,6006.275674978521,863851308.9440773,225419497.3101892,True,False,False,False
1073741824,1024 MB,256,4194304,4 MB,64,64,256,1242.9706511789407,2393.652511899791,3636.6231630787315,863851308.9440773,448578821.972699,True,False,True,False
1073741824,1024 MB,256,4194304,4 MB,64,128,256,1234.9706511789407,1200.8262559498953,2435.796907128836,869447239.8797277,894169176.164984,True,True,True,True
1073741824,1024 MB,256,4194304,4 MB,64,256,256,1230.9706511789407,604.4131279749477,1835.3837791538883,872272481.0470847,1776503147.1065361,True,True,True,True
1073741824,1024 MB,256,4194304,4 MB,128,1,256,650.9706511789407,151673.76076158657,152324.7314127655,1649447363.034569,7079285.293702163,True,False,False,False
1073741824,1024 MB,256,4194304,4 MB,128,2,256,650.9706511789407,75844.88038079327,76495.85103197221,1649447363.034569,14157077.163403518,True,False,False,False
1073741824,1024 MB,256,4194304,4 MB,128,4,256,650.9706511789407,37930.440190396635,38581.410841575576,1649447363.034569,28308182.520693596,True,False,False,False
1073741824,1024 MB,256,4194304,4 MB,128,8,256,650.9706511789407,18973.220095198325,19624.190746377266,1649447363.034569,56592492.9248957,True,False,False,False
1073741824,1024 MB,256,4194304,4 MB,128,16,256,650.9706511789407,9494.610047599162,10145.580698778103,1649447363.034569,113089618.06930764,True,False,False,False
1073741824,1024 MB,256,4194304,4 MB,128,32,256,650.9706511789407,4755.30502379958,5406.275674978521,1649447363.034569,225798727.65807557,True,False,False,False
1073741824,1024 MB,256,4194304,4 MB,128,64,256,650.9706511789407,2385.652511899791,3036.6231630787315,1649447363.034569,450083077.3317176,True,False,True,False
1073741824,1024 MB,256,4194304,4 MB,128,128,256,650.9706511789407,1200.8262559498953,1851.796907128836,1649447363.034569,894169176.164984,True,True,True,True
1073741824,1024 MB,256,4194304,4 MB,128,256,256,646.9706511789407,604.4131279749477,1251.3837791538883,1659645336.3740327,1776503147.1065361,True,True,True,True
1073741824,1024 MB,256,4194304,4 MB,256,1,256,354.97065117894067,151669.76076158657,152024.7314127655,3024874931.0227532,7079471.996318642,True,False,False,False
1073741824,1024 MB,256,4194304,4 MB,256,2,256,354.97065117894067,75840.88038079327,76195.85103197221,3024874931.0227532,14157823.836020838,True,False,False,False
1073741824,1024 MB,256,4194304,4 MB,256,4,256,354.97065117894067,37926.440190396635,38281.410841575576,3024874931.0227532,28311168.108835127,True,False,False,False
1073741824,1024 MB,256,4194304,4 MB,256,8,256,354.97065117894067,18969.220095198325,19324.190746377266,3024874931.0227532,56604426.46620965,True,False,False,False
1073741824,1024 MB,256,4194304,4 MB,256,16,256,354.97065117894067,9490.610047599162,9845.580698778103,3024874931.0227532,113137281.86225756,True,False,False,False
1073741824,1024 MB,256,4194304,4 MB,256,32,256,354.97065117894067,4751.30502379958,5106.275674978521,3024874931.0227532,225988821.72825378,True,False,False,False
1073741824,1024 MB,256,4194304,4 MB,256,64,256,354.97065117894067,2381.652511899791,2736.6231630787315,3024874931.0227532,450838994.6203782,True,False,True,False
1073741824,1024 MB,256,4194304,4 MB,256,128,256,354.97065117894067,1196.8262559498953,1551.796907128836,3024874931.0227532,897157643.9453981,True,True,True,True
1073741824,1024 MB,256,4194304,4 MB,256,256,256,354.97065117894067,604.4131279749477,959.3837791538883,3024874931.0227532,1776503147.1065361,True,True,True,True
1073741824,1024 MB,256,16777216,16 MB,1,1,64,303162.9706511789,610735.0430463463,913898.0136975253,3541797.409141546,1758113.9910429504,False,False,False,False
1073741824,1024 MB,256,16777216,16 MB,1,2,64,301114.9706511789,305371.5215231731,606486.492174352,3565886.5505025205,3516181.9237244073,False,False,False,False
1073741824,1024 MB,256,16777216,16 MB,1,4,64,300090.9706511789,152689.76076158654,452780.73141276545,3578054.4201981365,7032179.621242358,False,False,False,False
1073741824,1024 MB,256,16777216,16 MB,1,8,64,299578.9706511789,76348.8803807933,375927.8510319722,3584169.54857033,14063622.395569742,False,False,False,False
1073741824,1024 MB,256,16777216,16 MB,1,16,64,299322.9706511789,38178.44019039665,337501.4108415756,3587234.957825215,28124297.86668151,False,False,False,False
1073741824,1024 MB,256,16777216,16 MB,1,32,64,299194.9706511789,19093.22009519832,318288.1907463772,3588769.629593268,56236811.73978773,False,False,False,False
1073741824,1024 MB,256,16777216,16 MB,1,64,64,299130.9706511789,9550.610047599164,308681.5806987781,3589537.457998979,112426517.11760733,False,False,False,False
1073741824,1024 MB,256,16777216,16 MB,1,128,64,299098.9706511789,4779.305023799581,303878.2756749785,3589921.495424471,224664845.33903378,False,False,False,False
1073741824,1024 MB,256,16777216,16 MB,1,256,64,299082.9706511789,2393.6525118997906,301476.6231630787,3590113.5449544108,448578821.97269905,False,False,False,False
1073741824,1024 MB,256,16777216,16 MB,2,1,64,151610.97065117894,608687.0430463463,760298.0136975253,7082217.199640694,1764029.3748100102,False,False,False,False
1073741824,1024 MB,256,16777216,16 MB,2,2,64,151610.97065117894,305371.5215231731,456982.49217435205,7082217.199640694,3516181.9237244073,False,False,False,False
1073741824,1024 MB,256,16777216,16 MB,2,4,64,150586.97065117894,152689.76076158654,303276.73141276545,7130376.681042516,7032179.621242358,False,False,False,False
1073741824,1024 MB,256,16777216,16 MB,2,8,64,150074.97065117894,76348.8803807933,226423.85103197224,7154702.875109741,14063622.395569742,False,False,False,False
1073741824,1024 MB,256,16777216,16 MB,2,16,64,149818.97065117894,38178.44019039665,187997.4108415756,7166928.3224484,28124297.86668151,False,False,False,False
1073741824,1024 MB,256,16777216,16 MB,2,32,64,149690.97065117894,19093.22009519832,168784.19074637725,7173056.726996001,56236811.73978773,False,False,False,False
1073741824,1024 MB,256,16777216,16 MB,2,64,64,149626.97065117894,9550.610047599164,159177.5806987781,7176124.861226948,112426517.11760733,False,False,False,False
1073741824,1024 MB,256,16777216,16 MB,2,128,64,149594.97065117894,4779.305023799581,154374.27567497853,7177659.912803612,224664845.33903378,False,False,False,False
1073741824,1024 MB,256,16777216,16 MB,2,256,64,149578.97065117894,2393.6525118997906,151972.62316307874,7178427.684891527,448578821.97269905,False,False,False,False
1073741824,1024 MB,256,16777216,16 MB,4,1,64,75834.97065117894,607663.0430463463,683498.0136975253,14158927.138495669,1767002.019107662,False,False,False,False
1073741824,1024 MB,256,16777216,16 MB,4,2,64,75834.97065117894,304347.5215231731,380182.49217435205,14158927.138495669,3528012.380801481,False,False,False,False
1073741824,1024 MB,256,16777216,16 MB,4,4,64,75834.97065117894,152689.76076158654,228524.73141276548,14158927.138495669,7032179.621242358,False,False,False,False
1073741824,1024 MB,256,16777216,16 MB,4,8,64,75322.97065117894,76348.8803807933,151671.85103197224,14255170.962023046,14063622.395569742,False,False,False,False
1073741824,1024 MB,256,16777216,16 MB,4,16,64,75066.97065117894,38178.44019039665,113245.41084157559,14303785.202542162,28124297.86668151,False,False,False,False
1073741824,1024 MB,256,16777216,16 MB,4,32,64,74938.97065117894,19093.22009519832,94032.19074637727,14328216.876609953,56236811.73978773,False,False,False,False
1073741824,1024 MB,256,16777216,16 MB,4,64,64,74874.97065117894,9550.610047599164,84425.58069877811,14340464.03840685,112426517.11760733,False,False,False,False
1073741824,1024 MB,256,16777216,16 MB,4,128,64,74842.97065117894,4779.305023799581,79622.27567497852,14346595.47393428,224664845.33903378,False,False,False,False
1073741824,1024 MB,256,16777216,16 MB,4,256,64,74826.97065117894,2393.6525118997906,77220.62316307874,14349663.158294417,448578821.97269905,False,False,False,False
1073741824,1024 MB,256,16777216,16 MB,8,1,64,37946.97065117894,607151.0430463463,645098.0136975253,28295850.90915922,1768492.1014259658,False,False,False,False
1073741824,1024 MB,256,16777216,16 MB,8,2,64,37946.97065117894,303835.5215231731,341782.49217435205,28295850.90915922,3533957.5129898274,False,False,False,False
1073741824,1024 MB,256,16777216,16 MB,8,4,64,37946.97065117894,152177.76076158654,190124.73141276548,28295850.90915922,7055839.2936416445,False,False,False,False
1073741824,1024 MB,256,16777216,16 MB,8,8,64,37946.97065117894,76348.8803807933,114295.85103197224,28295850.90915922,14063622.395569742,False,False,False,False
1073741824,1024 MB,256,16777216,16 MB,8,16,64,37690.97065117894,38178.44019039665,75869.41084157559,28488038.52618251,28124297.86668151,False,False,False,False
1073741824,1024 MB,256,16777216,16 MB,8,32,64,37562.97065117894,19093.22009519832,56656.190746377266,28585114.685712423,56236811.73978773,False,False,False,False
1073741824,1024 MB,256,16777216,16 MB,8,64,64,37498.97065117894,9550.610047599164,47049.5806987781,28633901.28726753,112426517.11760733,False,False,False,False
1073741824,1024 MB,256,16777216,16 MB,8,128,64,37466.97065117894,4779.305023799581,42246.27567497852,28658357.089945663,224664845.33903378,False,False,False,False
1073741824,1024 MB,256,16777216,16 MB,8,256,64,37450.97065117894,2393.6525118997906,39844.62316307873,28670600.66348905,448578821.97269905,False,False,False,False
1073741824,1024 MB,256,16777216,16 MB,16,1,64,19002.97065117894,606895.0430463463,625898.0136975253,56503893.191740796,1769238.085403183,False,False,False,False
1073741824,1024 MB,256,16777216,16 MB,16,2,64,19002.97065117894,303579.5215231731,322582.49217435205,56503893.191740796,3536937.5991260274,False,False,False,False
1073741824,1024 MB,256,16777216,16 MB,16,4,64,19002.97065117894,151921.76076158654,170924.73141276548,56503893.191740796,7067728.932427539,False,False,False,False
1073741824,1024 MB,256,16777216,16 MB,16,8,64,19002.97065117894,76092.8803807933,95095.85103197224,56503893.191740796,14110936.773935352,False,False,False,False
1073741824,1024 MB,256,16777216,16 MB,16,16,64,19002.97065117894,38178.44019039665,57181.41084157559,56503893.191740796,28124297.86668151,False,False,False,False
1073741824,1024 MB,256,16777216,16 MB,16,32,64,18874.97065117894,19093.22009519832,37968.190746377266,56887072.50694101,56236811.73978773,False,False,False,False
1073741824,1024 MB,256,16777216,16 MB,16,64,64,18810.97065117894,9550.610047599164,28361.580698778103,57080617.683740065,112426517.11760733,False,False,False,False
1073741824,1024 MB,256,16777216,16 MB,16,128,64,18778.97065117894,4779.305023799581,23558.275674978522,57177884.983413115,224664845.33903378,False,False,False,False
1073741824,1024 MB,256,16777216,16 MB,16,256,64,18762.97065117894,2393.6525118997906,21156.62316307873,57226643.04932616,448578821.97269905,False,False,False,False
1073741824,1024 MB,256,16777216,16 MB,32,1,64,9530.97065117894,606767.0430463463,616298.0136975253,112658181.76317464,1769611.3134443676,False,False,False,False
1073741824,1024 MB,256,16777216,16 MB,32,2,64,9530.97065117894,303451.5215231731,312982.49217435205,112658181.76317464,3538429.527755733,False,False,False,False
1073741824,1024 MB,256,16777216,16 MB,32,4,64,9530.97065117894,151793.76076158654,161324.73141276548,112658181.76317464,7073688.790716915,False,False,False,False
1073741824,1024 MB,256,16777216,16 MB,32,8,64,9530.97065117894,75964.8803807933,85495.85103197224,112658181.76317464,14134713.549440159,False,False,False,False
1073741824,1024 MB,256,16777216,16 MB,32,16,64,9530.97065117894,38050.44019039665,47581.41084157559,112658181.76317464,28218906.762371596,False,False,False,False
1073741824,1024 MB,256,16777216,16 MB,32,32,64,9530.97065117894,19093.22009519832,28624.190746377262,112658181.76317464,56236811.73978773,False,False,False,False
1073741824,1024 MB,256,16777216,16 MB,32,64,64,9466.97065117894,9550.610047599164,19017.580698778103,113419790.08525655,112426517.11760733,False,False,False,False
1073741824,1024 MB,256,16777216,16 MB,32,128,64,9434.97065117894,4779.305023799581,14214.275674978522,113804468.8952828,224664845.33903378,False,False,False,False
1073741824,1024 MB,256,16777216,16 MB,32,256,64,9418.97065117894,2393.6525118997906,11812.623163078732,113997788.48080425,448578821.97269905,False,False,False,False
1073741824,1024 MB,256,16777216,16 MB,64,1,64,4794.970651178941,606703.0430463463,611498.0136975253,223930843.817782,1769797.9865216804,False,False,False,False
1073741824,1024 MB,256,16777216,16 MB,64,2,64,4794.970651178941,303387.5215231731,308182.49217435205,223930843.817782,3539175.9641570705,False,False,False,False
1073741824,1024 MB,256,16777216,16 MB,64,4,64,4794.970651178941,151729.76076158654,156524.73141276548,223930843.817782,7076672.490686742,False,False,False,False
1073741824,1024 MB,256,16777216,16 MB,64,8,64,4794.970651178941,75900.8803807933,80695.85103197224,223930843.817782,14146632.010235684,False,False,False,False
1073741824,1024 MB,256,16777216,16 MB,64,16,64,4794.970651178941,37986.44019039665,42781.41084157559,223930843.817782,28266450.30748242,False,False,False,False
1073741824,1024 MB,256,16777216,16 MB,64,32,64,4794.970651178941,19029.22009519832,23824.190746377262,223930843.817782,56425950.12451084,False,False,False,False
1073741824,1024 MB,256,16777216,16 MB,64,64,64,4794.970651178941,9550.610047599164,14345.580698778105,223930843.817782,112426517.11760733,False,False,False,False
1073741824,1024 MB,256,16777216,16 MB,64,128,64,4762.970651178941,4779.305023799581,9542.275674978522,225435322.3306604,224664845.33903378,False,False,False,False
1073741824,1024 MB,256,16777216,16 MB,64,256,64,4746.970651178941,2393.6525118997906,7140.6231630787315,226195168.01380038,448578821.97269905,False,False,False,False
1073741824,1024 MB,256,16777216,16 MB,128,1,64,2426.970651178941,606671.0430463463,609098.0136975253,442420605.0775325,1769891.337829968,False,False,False,False
1073741824,1024 MB,256,16777216,16 MB,128,2,64,2426.970651178941,303355.5215231731,305782.49217435205,442420605.0775325,3539549.300466508,False,False,False,False
1073741824,1024 MB,256,16777216,16 MB,128,4,64,2426.970651178941,151697.76076158654,154124.73141276548,442420605.0775325,7078165.284769956,False,False,False,False
1073741824,1024 MB,256,16777216,16 MB,128,8,64,2426.970651178941,75868.8803807933,78295.85103197224,442420605.0775325,14152598.781091604,False,False,False,False
1073741824,1024 MB,256,16777216,16 MB,128,16,64,2426.970651178941,37954.44019039665,40381.41084157559,442420605.0775325,28290282.207131103,False,False,False,False
1073741824,1024 MB,256,16777216,16 MB,128,32,64,2426.970651178941,18997.22009519832,21424.190746377262,442420605.0775325,56520997.21008105,False,False,False,False
1073741824,1024 MB,256,16777216,16 MB,128,64,64,2426.970651178941,9518.610047599164,11945.580698778105,442420605.0775325,112804476.56019115,False,False,False,False
1073741824,1024 MB,256,16777216,16 MB,128,128,64,2426.970651178941,4779.305023799581,7206.275674978522,442420605.0775325,224664845.33903378,False,False,False,False
1073741824,1024 MB,256,16777216,16 MB,128,256,64,2410.970651178941,2393.6525118997906,4804.6231630787315,445356654.78754413,448578821.97269905,False,False,False,False
1073741824,1024 MB,256,16777216,16 MB,256,1,64,1242.9706511789407,606655.0430463463,607898.0136975253,863851308.9440773,1769938.0171772018,True,False,False,False
1073741824,1024 MB,256,16777216,16 MB,256,2,64,1242.9706511789407,303339.5215231731,304582.492174352,863851308.9440773,3539735.9981593215,True,False,False,False
1073741824,1024 MB,256,16777216,16 MB,256,4,64,1242.9706511789407,151681.76076158654,152924.73141276548,863851308.9440773,7078911.918010419,True,False,False,False
1073741824,1024 MB,256,16777216,16 MB,256,8,64,1242.9706511789407,75852.8803807933,77095.85103197224,863851308.9440773,14155584.054417558,True,False,False,False
1073741824,1024 MB,256,16777216,16 MB,256,16,64,1242.9706511789407,37938.44019039665,39181.41084157559,863851308.9440773,28302213.233104825,True,False,False,False
1073741824,1024 MB,256,16777216,16 MB,256,32,64,1242.9706511789407,18981.22009519832,20224.190746377262,863851308.9440773,56568640.931128785,True,False,False,False
1073741824,1024 MB,256,16777216,16 MB,256,64,64,1242.9706511789407,9502.610047599164,10745.580698778105,863851308.9440773,112994410.86412685,True,False,False,False
1073741824,1024 MB,256,16777216,16 MB,256,128,64,1242.9706511789407,4763.305023799581,6006.275674978522,863851308.9440773,225419497.31018913,True,False,False,False
1073741824,1024 MB,256,16777216,16 MB,256,256,64,1242.9706511789407,2393.6525118997906,3636.6231630787315,863851308.9440773,448578821.97269905,True,False,True,False
1073741824,1024 MB,512,65536,64 KB,1,1,16384,39775.0608377261,76596.88038079329,116371.94121851938,26995353.404502414,14018088.186646849,False,False,False,False
1073741824,1024 MB,512,65536,64 KB,1,2,16384,39519.0608377261,38426.440190396635,77945.50102812273,27170226.24624149,27942786.75515576,False,False,False,False
1073741824,1024 MB,512,65536,64 KB,1,4,16384,39391.0608377261,19341.220095198318,58732.28093292442,27258515.032721397,55515723.34707928,False,False,False,False
1073741824,1024 MB,512,65536,64 KB,1,8,16384,39327.0608377261,9798.610047599162,49125.670885325264,27302874.944826007,109581034.32875016,False,False,False,False
1073741824,1024 MB,512,65536,64 KB,1,16,16384,39295.0608377261,5027.305023799581,44322.365861525686,27325109.087733746,213581992.52220386,False,False,False,False
1073741824,1024 MB,512,65536,64 KB,1,32,16384,39279.0608377261,2641.65251189979,41920.71334962589,27336239.744528472,406465959.91075295,False,False,False,False
1073741824,1024 MB,512,65536,64 KB,1,64,16384,39271.0608377261,1448.8262559498955,40719.887093676,27341808.47410417,741111516.7125554,False,True,False,False
1073741824,1024 MB,512,65536,64 KB,1,128,16384,39267.0608377261,852.4131279749477,40119.47396570105,27344593.689792927,1259649562.825078,False,True,False,False
1073741824,1024 MB,512,65536,64 KB,1,256,16384,39265.0608377261,554.2065639874738,39819.26740171357,27345986.51043837,1937439744.9833682,False,True,False,False
1073741824,1024 MB,512,65536,64 KB,2,1,16384,20831.0608377261,76340.88038079329,97171.94121851938,51545230.09483028,14065096.16661618,False,False,False,False
1073741824,1024 MB,512,65536,64 KB,2,2,16384,20831.0608377261,38426.440190396635,59257.50102812274,51545230.09483028,27942786.75515576,False,False,False,False
1073741824,1024 MB,512,65536,64 KB,2,4,16384,20703.0608377261,19341.220095198318,40044.28093292442,51863916.76168852,55515723.34707928,False,False,False,False
1073741824,1024 MB,512,65536,64 KB,2,8,16384,20639.0608377261,9798.610047599162,30437.670885325264,52024742.42613352,109581034.32875016,False,False,False,False
1073741824,1024 MB,512,65536,64 KB,2,16,16384,20607.0608377261,5027.305023799581,25634.365861525683,52105529.86936698,213581992.52220386,False,False,False,False
1073741824,1024 MB,512,65536,64 KB,2,32,16384,20591.0608377261,2641.65251189979,23232.71334962589,52146017.75313752,406465959.91075295,False,False,False,False
1073741824,1024 MB,512,65536,64 KB,2,64,16384,20583.0608377261,1448.8262559498955,22031.887093675996,52166285.2996076,741111516.7125554,False,True,False,False
1073741824,1024 MB,512,65536,64 KB,2,128,16384,20579.0608377261,852.4131279749477,21431.47396570105,52176424.98201798,1259649562.825078,False,True,False,False
1073741824,1024 MB,512,65536,64 KB,2,256,16384,20577.0608377261,554.2065639874738,21131.267401713576,52181496.30152211,1937439744.9833682,False,True,False,False
1073741824,1024 MB,512,65536,64 KB,4,1,16384,11359.060837726101,76212.88038079329,87571.94121851938,94527341.59446104,14088718.581886824,False,False,False,False
1073741824,1024 MB,512,65536,64 KB,4,2,16384,11359.060837726101,38298.440190396635,49657.50102812274,94527341.59446104,28036176.3732937,False,False,False,False
1073741824,1024 MB,512,65536,64 KB,4,4,16384,11359.060837726101,19341.220095198318,30700.28093292442,94527341.59446104,55515723.34707928,False,False,False,False
1073741824,1024 MB,512,65536,64 KB,4,8,16384,11295.060837726101,9798.610047599162,21093.670885325264,95062951.80045825,109581034.32875016,False,False,False,False
1073741824,1024 MB,512,65536,64 KB,4,16,16384,11263.060837726101,5027.305023799581,16290.365861525683,95333039.52363074,213581992.52220386,False,False,False,False
1073741824,1024 MB,512,65536,64 KB,4,32,16384,11247.060837726101,2641.65251189979,13888.713349625892,95468659.7229331,406465959.91075295,False,False,False,False
1073741824,1024 MB,512,65536,64 KB,4,64,16384,11239.060837726101,1448.8262559498955,12687.887093675998,95536614.62493165,741111516.7125554,False,True,False,False
1073741824,1024 MB,512,65536,64 KB,4,128,16384,11235.060837726101,852.4131279749477,12087.473965701049,95570628.36673681,1259649562.825078,False,True,False,False
1073741824,1024 MB,512,65536,64 KB,4,256,16384,11233.060837726101,554.2065639874738,11787.267401713576,95587644.32164836,1937439744.9833682,False,True,False,False
1073741824,1024 MB,512,65536,64 KB,8,1,16384,6623.060837726102,76148.88038079329,82771.9412185194,162121691.21016985,14100559.5700239,False,False,False,False
1073741824,1024 MB,512,65536,64 KB,8,2,16384,6623.060837726102,38234.440190396635,44857.50102812274,162121691.21016985,28083105.667379234,False,False,False,False
1073741824,1024 MB,512,65536,64 KB,8,4,16384,6623.060837726102,19277.220095198318,25900.28093292442,162121691.21016985,55700034.48098069,False,False,False,False
1073741824,1024 MB,512,65536,64 KB,8,8,16384,6623.060837726102,9798.610047599162,16421.670885325264,162121691.21016985,109581034.32875016,False,False,False,False
1073741824,1024 MB,512,65536,64 KB,8,16,16384,6591.060837726102,5027.305023799581,11618.365861525683,162908801.85084713,213581992.52220386,False,False,False,False
1073741824,1024 MB,512,65536,64 KB,8,32,16384,6575.060837726102,2641.65251189979,9216.713349625892,163305230.24808076,406465959.91075295,False,False,False,False
1073741824,1024 MB,512,65536,64 KB,8,64,16384,6567.060837726102,1448.8262559498955,8015.887093675998,163504168.8408953,741111516.7125554,False,True,False,False
1073741824,1024 MB,512,65536,64 KB,8,128,16384,6563.060837726102,852.4131279749477,7415.4739657010505,163603820.00847313,1259649562.825078,False,True,False,False
1073741824,1024 MB,512,65536,64 KB,8,256,16384,6561.060837726102,554.2065639874738,7115.267401713576,163653691.1570739,1937439744.9833682,False,True,False,False
1073741824,1024 MB,512,65536,64 KB,16,1,16384,4255.060837726102,76116.88038079329,80371.9412185194,252344646.75099826,14106487.53112771,False,False,False,False
1073741824,1024 MB,512,65536,64 KB,16,2,16384,4255.060837726102,38202.440190396635,42457.50102812274,252344646.75099826,28106629.279401846,False,False,False,False
1073741824,1024 MB,512,65536,64 KB,16,4,16384,4255.060837726102,19245.220095198318,23500.28093292442,252344646.75099826,55792649.743086,False,False,False,False
1073741824,1024 MB,512,65536,64 KB,16,8,16384,4255.060837726102,9766.610047599162,14021.670885325264,252344646.75099826,109940073.24618722,False,False,False,False
1073741824,1024 MB,512,65536,64 KB,16,16,16384,4255.060837726102,5027.305023799581,9282.365861525683,252344646.75099826,213581992.52220386,False,False,False,False
1073741824,1024 MB,512,65536,64 KB,16,32,16384,4239.060837726102,2641.65251189979,6880.713349625892,253297101.67027745,406465959.91075295,False,False,False,False
1073741824,1024 MB,512,65536,64 KB,16,64,16384,4231.060837726102,1448.8262559498955,5679.887093675998,253776030.45222598,741111516.7125554,False,True,False,False
1073741824,1024 MB,512,65536,64 KB,16,128,16384,4227.060837726102,852.4131279749477,5079.4739657010505,254016174.64715904,1259649562.825078,False,True,False,False
1073741824,1024 MB,512,65536,64 KB,16,256,16384,4225.060837726102,554.2065639874738,4779.267401713576,254136417.25875837,1937439744.9833682,False,True,False,False
1073741824,1024 MB,512,65536,64 KB,32,1,16384,3071.0608377261024,76100.88038079329,79171.9412185194,349632221.8074416,14109453.381185802,False,False,False,False
1073741824,1024 MB,512,65536,64 KB,32,2,16384,3071.0608377261024,38186.440190396635,41257.50102812274,349632221.8074416,28118405.86989387,False,False,False,False
1073741824,1024 MB,512,65536,64 KB,32,4,16384,3071.0608377261024,19229.220095198318,22300.28093292442,349632221.8074416,55839072.96729738,False,False,False,False
1073741824,1024 MB,512,65536,64 KB,32,8,16384,3071.0608377261024,9750.610047599162,12821.670885325264,349632221.8074416,110120476.43771596,False,False,False,False
1073741824,1024 MB,512,65536,64 KB,32,16,16384,3071.0608377261024,5011.305023799581,8082.365861525684,349632221.8074416,214263913.07266444,False,False,False,False
1073741824,1024 MB,512,65536,64 KB,32,32,16384,3071.0608377261024,2641.65251189979,5712.713349625892,349632221.8074416,406465959.91075295,False,False,False,False
1073741824,1024 MB,512,65536,64 KB,32,64,16384,3063.0608377261024,1448.8262559498955,4511.887093675998,350545379.56781304,741111516.7125554,False,True,False,False
1073741824,1024 MB,512,65536,64 KB,32,128,16384,3059.0608377261024,852.4131279749477,3911.47396570105,351003749.50311434,1259649562.825078,False,True,True,False
1073741824,1024 MB,512,65536,64 KB,32,256,16384,3057.0608377261024,554.2065639874738,3611.267401713576,351233384.28510594,1937439744.9833682,False,True,True,False
1073741824,1024 MB,512,65536,64 KB,64,1,16384,2479.0608377261024,76092.88038079329,78571.9412185194,433124434.7294359,14110936.773935353,False,False,False,False
1073741824,1024 MB,512,65536,64 KB,64,2,16384,2479.0608377261024,38178.440190396635,40657.50102812274,433124434.7294359,28124297.866681516,False,False,False,False
1073741824,1024 MB,512,65536,64 KB,64,4,16384,2479.0608377261024,19221.220095198318,21700.28093292442,433124434.7294359,55862313.56188638,False,False,False,False
1073741824,1024 MB,512,65536,64 KB,64,8,16384,2479.0608377261024,9742.610047599162,12221.670885325264,433124434.7294359,110210900.23659506,False,False,False,False
1073741824,1024 MB,512,65536,64 KB,64,16,16384,2479.0608377261024,5003.305023799581,7482.365861525684,433124434.7294359,214606508.87612388,False,False,False,False
1073741824,1024 MB,512,65536,64 KB,64,32,16384,2479.0608377261024,2633.65251189979,5112.713349625892,433124434.7294359,407700643.5543216,False,False,False,False
1073741824,1024 MB,512,65536,64 KB,64,64,16384,2479.0608377261024,1448.8262559498955,3927.8870936759977,433124434.7294359,741111516.7125554,False,True,True,False
1073741824,1024 MB,512,65536,64 KB,64,128,16384,2475.0608377261024,852.4131279749477,3327.47396570105,433824416.60968316,1259649562.825078,False,True,True,False
1073741824,1024 MB,512,65536,64 KB,64,256,16384,2473.0608377261024,554.2065639874738,3027.267401713576,434175256.6779837,1937439744.9833682,False,True,True,False
1073741824,1024 MB,512,65536,64 KB,128,1,16384,2183.0608377261024,76088.88038079329,78271.9412185194,491851534.98443955,14111678.587283287,False,False,False,False
1073741824,1024 MB,512,65536,64 KB,128,2,16384,2183.0608377261024,38174.440190396635,40357.50102812274,491851534.98443955,28127244.791139495,False,False,False,False
1073741824,1024 MB,512,65536,64 KB,128,4,16384,2183.0608377261024,19217.220095198318,21400.28093292442,491851534.98443955,55873941.11535877,False,False,False,False
1073741824,1024 MB,512,65536,64 KB,128,8,16384,2183.0608377261024,9738.610047599162,11921.670885325264,491851534.98443955,110256167.84653032,False,False,False,False
1073741824,1024 MB,512,65536,64 KB,128,16,16384,2183.0608377261024,4999.305023799581,7182.365861525684,491851534.98443955,214778217.9499687,False,False,False,False
1073741824,1024 MB,512,65536,64 KB,128,32,16384,2183.0608377261024,2629.65251189979,4812.713349625892,491851534.98443955,408320802.51708853,False,False,False,False
1073741824,1024 MB,512,65536,64 KB,128,64,16384,2183.0608377261024,1444.8262559498955,3627.8870936759977,491851534.98443955,743163283.1824976,False,True,True,False
1073741824,1024 MB,512,65536,64 KB,128,128,16384,2183.0608377261024,852.4131279749477,3035.47396570105,491851534.98443955,1259649562.825078,False,True,True,False
1073741824,1024 MB,512,65536,64 KB,128,256,16384,2181.0608377261024,554.2065639874738,2735.267401713576,492302555.4479469,1937439744.9833682,False,True,True,False
1073741824,1024 MB,512,65536,64 KB,256,1,16384,2035.0608377261021,76086.88038079329,78121.9412185194,527621486.34325707,14112049.523205923,True,False,False,False
1073741824,1024 MB,512,65536,64 KB,256,2,16384,2035.0608377261021,38172.440190396635,40207.50102812274,527621486.34325707,28128718.484969433,True,False,False,False
1073741824,1024 MB,512,65536,64 KB,256,4,16384,2035.0608377261021,19215.220095198318,21250.28093292442,527621486.34325707,55879756.70746112,True,False,False,False
1073741824,1024 MB,512,65536,64 KB,256,8,16384,2035.0608377261021,9736.610047599162,11771.670885325264,527621486.34325707,110278815.59914804,True,False,False,False
1073741824,1024 MB,512,65536,64 KB,256,16,16384,2035.0608377261021,4997.305023799581,7032.365861525684,527621486.34325707,214864175.56789562,True,False,False,False
1073741824,1024 MB,512,65536,64 KB,256,32,16384,2035.0608377261021,2627.65251189979,4662.713349625892,527621486.34325707,408631590.0361139,True,False,False,False
1073741824,1024 MB,512,65536,64 KB,256,64,16384,2035.0608377261021,1442.8262559498955,3477.8870936759977,527621486.34325707,744193432.557889,True,True,True,True
1073741824,1024 MB,512,65536,64 KB,256,128,16384,2035.0608377261021,850.4131279749477,2885.4739657010496,527621486.34325707,1262612004.3053138,True,True,True,True
1073741824,1024 MB,512,65536,64 KB,256,256,16384,2035.0608377261021,554.2065639874738,2589.267401713576,527621486.34325707,1937439744.9833682,True,True,True,True
1073741824,1024 MB,512,262144,256 KB,1,1,4096,38359.76520943153,76404.88038079329,114764.64559022481,27991355.47722275,14053314.639700921,False,False,False,False
1073741824,1024 MB,512,262144,256 KB,1,2,4096,38103.76520943153,38234.440190396635,76338.20539982816,28179415.29133255,28083105.667379234,False,False,False,False
1073741824,1024 MB,512,262144,256 KB,1,4,4096,37975.76520943153,19149.220095198318,57124.985304629845,28274396.001725048,56072352.7465874,False,False,False,False
1073741824,1024 MB,512,262144,256 KB,1,8,4096,37911.76520943153,9606.610047599162,47518.37525703069,28322126.866645582,111771147.020623,False,False,False,False
1073741824,1024 MB,512,262144,256 KB,1,16,4096,37879.76520943153,4835.305023799581,42715.070233231105,28346052.782097325,222062893.38831702,False,False,False,False
1073741824,1024 MB,512,262144,256 KB,1,32,4096,37863.76520943153,2449.65251189979,40313.417721331316,28358030.90529783,438324137.3150007,False,False,False,False
1073741824,1024 MB,512,262144,256 KB,1,64,4096,37855.76520943153,1256.8262559498955,39112.591465381425,28364023.76387531,854327970.0888152,False,True,False,False
1073741824,1024 MB,512,262144,256 KB,1,128,4096,37851.76520943153,660.4131279749477,38512.178337406476,28367021.14311054,1625863839.6430116,False,True,False,False
1073741824,1024 MB,512,262144,256 KB,1,256,4096,37849.76520943153,362.2065639874738,38211.971773419,28368520.07030262,2964446066.850222,False,True,False,False
1073741824,1024 MB,512,262144,256 KB,2,1,4096,19415.765209431527,76148.88038079329,95564.64559022481,55302575.63469156,14100559.5700239,False,False,False,False
1073741824,1024 MB,512,262144,256 KB,2,2,4096,19415.765209431527,38234.440190396635,57650.20539982816,55302575.63469156,28083105.667379234,False,False,False,False
1073741824,1024 MB,512,262144,256 KB,2,4,4096,19287.765209431527,19149.220095198318,38436.985304629845,55669581.84844302,56072352.7465874,False,False,False,False
1073741824,1024 MB,512,262144,256 KB,2,8,4096,19223.765209431527,9606.610047599162,28830.37525703069,55854917.7178466,111771147.020623,False,False,False,False
1073741824,1024 MB,512,262144,256 KB,2,16,4096,19191.765209431527,4835.305023799581,24027.07023323111,55948049.1910314,222062893.38831702,False,False,False,False
1073741824,1024 MB,512,262144,256 KB,2,32,4096,19175.765209431527,2449.65251189979,21625.417721331316,55994731.4890925,438324137.3150007,False,False,False,False
1073741824,1024 MB,512,262144,256 KB,2,64,4096,19167.765209431527,1256.8262559498955,20424.59146538142,56018101.86362591,854327970.0888152,False,True,False,False
1073741824,1024 MB,512,262144,256 KB,2,128,4096,19163.765209431527,660.4131279749477,19824.178337406476,56029794.36794359,1625863839.6430116,False,True,False,False
1073741824,1024 MB,512,262144,256 KB,2,256,4096,19161.765209431527,362.2065639874738,19523.971773419,56035642.450701684,2964446066.850222,False,True,False,False
1073741824,1024 MB,512,262144,256 KB,4,1,4096,9943.765209431525,76020.88038079329,85964.64559022481,107981413.61800966,14124301.358015861,False,False,False,False
1073741824,1024 MB,512,262144,256 KB,4,2,4096,9943.765209431525,38106.440190396635,48050.20539982816,107981413.61800966,28177437.163773652,False,False,False,False
1073741824,1024 MB,512,262144,256 KB,4,4,4096,9943.765209431525,19149.220095198318,29092.985304629845,107981413.61800966,56072352.7465874,False,False,False,False
1073741824,1024 MB,512,262144,256 KB,4,8,4096,9879.765209431525,9606.610047599162,19486.37525703069,108680904.98496597,111771147.020623,False,False,False,False
1073741824,1024 MB,512,262144,256 KB,4,16,4096,9847.765209431525,4835.305023799581,14683.070233231107,109034060.13088559,222062893.38831702,False,False,False,False
1073741824,1024 MB,512,262144,256 KB,4,32,4096,9831.765209431525,2449.65251189979,12281.417721331316,109211499.77930403,438324137.3150007,False,False,False,False
1073741824,1024 MB,512,262144,256 KB,4,64,4096,9823.765209431525,1256.8262559498955,11080.591465381422,109300436.35093498,854327970.0888152,False,True,False,False
1073741824,1024 MB,512,262144,256 KB,4,128,4096,9819.765209431525,660.4131279749477,10480.178337406473,109344958.97811389,1625863839.6430116,False,True,False,False
1073741824,1024 MB,512,262144,256 KB,4,256,4096,9817.765209431525,362.2065639874738,10179.971773419,109367233.89641668,2964446066.850222,False,True,False,False
1073741824,1024 MB,512,262144,256 KB,8,1,4096,5207.765209431525,75956.88038079329,81164.64559022481,206180920.37932113,14136202.258663457,False,False,False,False
1073741824,1024 MB,512,262144,256 KB,8,2,4096,5207.765209431525,38042.440190396635,43250.20539982816,206180920.37932113,28224840.957259454,False,False,False,False
1073741824,1024 MB,512,262144,256 KB,8,4,4096,5207.765209431525,19085.220095198318,24292.985304629845,206180920.37932113,56260384.66646474,False,False,False,False
1073741824,1024 MB,512,262144,256 KB,8,8,4096,5207.765209431525,9606.610047599162,14814.375257030688,206180920.37932113,111771147.020623,False,False,False,False
1073741824,1024 MB,512,262144,256 KB,8,16,4096,5175.765209431525,4835.305023799581,10011.070233231107,207455667.0467541,222062893.38831702,False,False,False,False
1073741824,1024 MB,512,262144,256 KB,8,32,4096,5159.765209431525,2449.65251189979,7609.417721331316,208098969.70453408,438324137.3150007,False,False,False,False
1073741824,1024 MB,512,262144,256 KB,8,64,4096,5151.765209431525,1256.8262559498955,6408.591465381421,208422119.47746792,854327970.0888152,False,True,False,False
1073741824,1024 MB,512,262144,256 KB,8,128,4096,5147.765209431525,660.4131279749477,5808.178337406473,208584071.0125501,1625863839.6430116,False,True,False,False
1073741824,1024 MB,512,262144,256 KB,8,256,4096,5145.765209431525,362.2065639874738,5507.971773418999,208665141.1984304,2964446066.850222,False,True,False,False
1073741824,1024 MB,512,262144,256 KB,16,1,4096,2839.7652094315254,75924.88038079329,78764.64559022481,378109366.37784415,14142160.232782196,False,False,False,False
1073741824,1024 MB,512,262144,256 KB,16,2,4096,2839.7652094315254,38010.440190396635,40850.20539982816,378109366.37784415,28248602.71603173,False,False,False,False
1073741824,1024 MB,512,262144,256 KB,16,4,4096,2839.7652094315254,19053.220095198318,21892.985304629845,378109366.37784415,56354874.327547304,False,False,False,False
1073741824,1024 MB,512,262144,256 KB,16,8,4096,2839.7652094315254,9574.610047599162,12414.375257030688,378109366.37784415,112144705.49317476,False,False,False,False
1073741824,1024 MB,512,262144,256 KB,16,16,4096,2839.7652094315254,4835.305023799581,7675.070233231107,378109366.37784415,222062893.38831702,False,False,False,False
1073741824,1024 MB,512,262144,256 KB,16,32,4096,2823.7652094315254,2449.65251189979,5273.417721331316,380251807.201833,438324137.3150007,False,False,False,False
1073741824,1024 MB,512,262144,256 KB,16,64,4096,2815.7652094315254,1256.8262559498955,4072.5914653814207,381332158.09452295,854327970.0888152,False,True,True,False
1073741824,1024 MB,512,262144,256 KB,16,128,4096,2811.7652094315254,660.4131279749477,3472.178337406473,381874638.8917324,1625863839.6430116,False,True,True,False
1073741824,1024 MB,512,262144,256 KB,16,256,4096,2809.7652094315254,362.2065639874738,3171.971773418999,382146458.4997266,2964446066.850222,False,True,True,False
1073741824,1024 MB,512,262144,256 KB,32,1,4096,1655.7652094315256,75908.88038079329,77564.64559022481,648486764.8406794,14145141.103565553,True,False,False,False
1073741824,1024 MB,512,262144,256 KB,32,2,4096,1655.7652094315256,37994.440190396635,39650.20539982816,648486764.8406794,28260498.605040528,True,False,False,False
1073741824,1024 MB,512,262144,256 KB,32,4,4096,1655.7652094315256,19037.220095198318,20692.985304629845,648486764.8406794,56402238.280095614,True,False,False,False
1073741824,1024 MB,512,262144,256 KB,32,8,4096,1655.7652094315256,9558.610047599162,11214.375257030688,648486764.8406794,112332422.66951689,True,False,False,False
1073741824,1024 MB,512,262144,256 KB,32,16,4096,1655.7652094315256,4819.305023799581,6475.070233231107,648486764.8406794,222800137.92392266,True,False,False,False
1073741824,1024 MB,512,262144,256 KB,32,32,4096,1655.7652094315256,2449.65251189979,4105.417721331316,648486764.8406794,438324137.3150007,True,False,True,False
1073741824,1024 MB,512,262144,256 KB,32,64,4096,1647.7652094315256,1256.8262559498955,2904.591465381421,651635207.4033885,854327970.0888152,True,True,True,True
1073741824,1024 MB,512,262144,256 KB,32,128,4096,1643.7652094315256,660.4131279749477,2304.1783374064735,653220920.992323,1625863839.6430116,True,True,True,True
1073741824,1024 MB,512,262144,256 KB,32,256,4096,1641.7652094315256,362.2065639874738,2003.9717734189994,654016675.3635812,2964446066.850222,True,True,True,True
1073741824,1024 MB,512,262144,256 KB,64,1,4096,1063.7652094315256,75900.88038079329,76964.64559022481,1009378587.003993,14146632.010235686,True,False,False,False
1073741824,1024 MB,512,262144,256 KB,64,2,4096,1063.7652094315256,37986.440190396635,39050.20539982816,1009378587.003993,28266450.307482433,True,False,False,False
1073741824,1024 MB,512,262144,256 KB,64,4,4096,1063.7652094315256,19029.220095198318,20092.985304629845,1009378587.003993,56425950.124510854,True,False,False,False
1073741824,1024 MB,512,262144,256 KB,64,8,4096,1063.7652094315256,9550.610047599162,10614.375257030688,1009378587.003993,112426517.11760736,True,False,False,False
1073741824,1024 MB,512,262144,256 KB,64,16,4096,1063.7652094315256,4811.305023799581,5875.070233231107,1009378587.003993,223170598.97234395,True,False,False,False
1073741824,1024 MB,512,262144,256 KB,64,32,4096,1063.7652094315256,2441.65251189979,3505.417721331316,1009378587.003993,439760292.984749,True,False,True,False
1073741824,1024 MB,512,262144,256 KB,64,64,4096,1063.7652094315256,1256.8262559498955,2320.591465381421,1009378587.003993,854327970.0888152,True,True,True,True
1073741824,1024 MB,512,262144,256 KB,64,128,4096,1059.7652094315256,660.4131279749477,1720.1783374064732,1013188406.6811098,1625863839.6430116,True,True,True,True
1073741824,1024 MB,512,262144,256 KB,64,256,4096,1057.7652094315256,362.2065639874738,1419.9717734189994,1015104121.8089039,2964446066.850222,True,True,True,True
1073741824,1024 MB,512,262144,256 KB,128,1,4096,767.7652094315256,75896.88038079329,76664.64559022481,1398528887.2297664,14147377.581433829,True,False,False,False
1073741824,1024 MB,512,262144,256 KB,128,2,4096,767.7652094315256,37982.440190396635,38750.20539982816,1398528887.2297664,28269427.09888033,True,False,False,False
1073741824,1024 MB,512,262144,256 KB,128,4,4096,767.7652094315256,19025.220095198318,19792.985304629845,1398528887.2297664,56437813.524743214,True,False,False,False
1073741824,1024 MB,512,262144,256 KB,128,8,4096,767.7652094315256,9546.610047599162,10314.375257030688,1398528887.2297664,112473623.47957544,True,False,False,False
1073741824,1024 MB,512,262144,256 KB,128,16,4096,767.7652094315256,4807.305023799581,5575.070233231107,1398528887.2297664,223356291.86918944,True,False,False,False
1073741824,1024 MB,512,262144,256 KB,128,32,4096,767.7652094315256,2437.65251189979,3205.417721331316,1398528887.2297664,440481905.7508639,True,False,True,False
1073741824,1024 MB,512,262144,256 KB,128,64,4096,767.7652094315256,1252.8262559498955,2020.5914653814211,1398528887.2297664,857055652.2906575,True,True,True,True
1073741824,1024 MB,512,262144,256 KB,128,128,4096,767.7652094315256,660.4131279749477,1428.1783374064732,1398528887.2297664,1625863839.6430116,True,True,True,True
1073741824,1024 MB,512,262144,256 KB,128,256,4096,765.7652094315256,362.2065639874738,1127.9717734189994,1402181518.2712522,2964446066.850222,True,True,True,True
1073741824,1024 MB,512,262144,256 KB,256,1,4096,619.7652094315256,75894.88038079329,76514.64559022481,1732497738.9177437,14147750.396504108,True,False,False,False
1073741824,1024 MB,512,262144,256 KB,256,2,4096,619.7652094315256,37980.440190396635,38600.20539982816,1732497738.9177437,28270915.729710154,True,False,False,False
1073741824,1024 MB,512,262144,256 KB,256,4,4096,619.7652094315256,19023.220095198318,19642.985304629845,1732497738.9177437,56443747.09574142,True,False,False,False
1073741824,1024 MB,512,262144,256 KB,256,8,4096,619.7652094315256,9544.610047599162,10164.375257030688,1732497738.9177437,112497191.46672603,True,False,False,False
1073741824,1024 MB,512,262144,256 KB,256,16,4096,619.7652094315256,4805.305023799581,5425.070233231107,1732497738.9177437,223449254.24754542,True,False,False,False
1073741824,1024 MB,512,262144,256 KB,256,32,4096,619.7652094315256,2435.65251189979,3055.417721331316,1732497738.9177437,440843600.9463803,True,False,True,False
1073741824,1024 MB,512,262144,256 KB,256,64,4096,619.7652094315256,1250.8262559498955,1870.5914653814211,1732497738.9177437,858426035.5044954,True,True,True,True
1073741824,1024 MB,512,262144,256 KB,256,128,4096,619.7652094315256,658.4131279749477,1278.1783374064732,1732497738.9177437,1630802574.2172859,True,True,True,True
1073741824,1024 MB,512,262144,256 KB,256,256,4096,619.7652094315256,362.2065639874738,981.9717734189994,1732497738.9177437,2964446066.850222,True,True,True,True
1073741824,1024 MB,512,1048576,1 MB,1,1,1024,38005.94130235788,76356.88038079329,114362.82168315117,28251946.595870398,14062148.933340756,False,False,False,False
1073741824,1024 MB,512,1048576,1 MB,1,2,1024,37749.94130235788,38186.440190396635,75936.38149275452,28443536.253470507,28118405.86989387,False,False,False,False
1073741824,1024 MB,512,1048576,1 MB,1,4,1024,37621.94130235788,19101.220095198318,56723.1613975562,28540308.841870032,56213258.55880369,False,False,False,False
1073741824,1024 MB,512,1048576,1 MB,1,8,1024,37557.94130235788,9558.610047599162,47116.551349957044,28588942.491706558,112332422.66951689,False,False,False,False
1073741824,1024 MB,512,1048576,1 MB,1,16,1024,37525.94130235788,4787.305023799581,42313.24632615746,28613321.52466308,224289410.98634952,False,False,False,False
1073741824,1024 MB,512,1048576,1 MB,1,32,1024,37509.94130235788,2401.65251189979,39911.59381425767,28625526.63958726,447084588.08249205,False,False,False,False
1073741824,1024 MB,512,1048576,1 MB,1,64,1024,37501.94130235788,1208.8262559498955,38710.76755830778,28631633.102483947,888251573.5532678,False,True,False,False
1073741824,1024 MB,512,1048576,1 MB,1,128,1024,37497.94130235788,612.4131279749477,38110.35443033283,28634687.31102,1753296549.2600026,False,True,False,False
1073741824,1024 MB,512,1048576,1 MB,1,256,1024,37495.94130235788,314.2065639874738,37810.14786634535,28636214.659651153,3417311880.355262,False,True,False,False
1073741824,1024 MB,512,1048576,1 MB,2,1,1024,19061.94130235788,76100.88038079329,95162.82168315117,56329090.88158732,14109453.381185802,False,False,False,False
1073741824,1024 MB,512,1048576,1 MB,2,2,1024,19061.94130235788,38186.440190396635,57248.38149275452,56329090.88158732,28118405.86989387,False,False,False,False
1073741824,1024 MB,512,1048576,1 MB,2,4,1024,18933.94130235788,19101.220095198318,38035.1613975562,56709895.04262827,56213258.55880369,False,False,False,False
1073741824,1024 MB,512,1048576,1 MB,2,8,1024,18869.94130235788,9558.610047599162,28428.551349957044,56902234.4476414,112332422.66951689,False,False,False,False
1073741824,1024 MB,512,1048576,1 MB,2,16,1024,18837.94130235788,4787.305023799581,23625.246326157463,56998894.240402125,224289410.98634952,False,False,False,False
1073741824,1024 MB,512,1048576,1 MB,2,32,1024,18821.94130235788,2401.65251189979,21223.59381425767,57047347.38841679,447084588.08249205,False,False,False,False
1073741824,1024 MB,512,1048576,1 MB,2,64,1024,18813.94130235788,1208.8262559498955,20022.767558307776,57071604.86704782,888251573.5532678,False,True,False,False
1073741824,1024 MB,512,1048576,1 MB,2,128,1024,18809.94130235788,612.4131279749477,19422.35443033283,57083741.34402021,1753296549.2600026,False,True,False,False
1073741824,1024 MB,512,1048576,1 MB,2,256,1024,18807.94130235788,314.2065639874738,19122.147866345356,57089811.51836054,3417311880.355262,False,True,False,False
1073741824,1024 MB,512,1048576,1 MB,4,1,1024,9589.941302357882,75972.88038079329,85562.82168315117,111965421.908891,14133225.153741214,False,False,False,False
1073741824,1024 MB,512,1048576,1 MB,4,2,1024,9589.941302357882,38058.440190396635,47648.38149275452,111965421.908891,28212975.062255427,False,False,False,False
1073741824,1024 MB,512,1048576,1 MB,4,4,1024,9589.941302357882,19101.220095198318,28691.1613975562,111965421.908891,56213258.55880369,False,False,False,False
1073741824,1024 MB,512,1048576,1 MB,4,8,1024,9525.941302357882,9558.610047599162,19084.551349957044,112717661.1653302,112332422.66951689,False,False,False,False
1073741824,1024 MB,512,1048576,1 MB,4,16,1024,9493.941302357882,4787.305023799581,14281.246326157463,113097584.00690019,224289410.98634952,False,False,False,False
1073741824,1024 MB,512,1048576,1 MB,4,32,1024,9477.941302357882,2401.65251189979,11879.593814257672,113288507.46658233,447084588.08249205,False,False,False,False
1073741824,1024 MB,512,1048576,1 MB,4,64,1024,9469.941302357882,1208.8262559498955,10678.767558307778,113384211.1283893,888251573.5532678,False,True,False,False
1073741824,1024 MB,512,1048576,1 MB,4,128,1024,9465.941302357882,612.4131279749477,10078.354430332829,113432123.62119132,1753296549.2600026,False,True,False,False
1073741824,1024 MB,512,1048576,1 MB,4,256,1024,9463.941302357882,314.2065639874738,9778.147866345356,113456095.05550124,3417311880.355262,False,True,False,False
1073741824,1024 MB,512,1048576,1 MB,8,1,1024,4853.941302357882,75908.88038079329,80762.82168315117,221210302.53876624,14145141.103565553,False,False,False,False
1073741824,1024 MB,512,1048576,1 MB,8,2,1024,4853.941302357882,37994.440190396635,42848.38149275452,221210302.53876624,28260498.605040528,False,False,False,False
1073741824,1024 MB,512,1048576,1 MB,8,4,1024,4853.941302357882,19037.220095198318,23891.1613975562,221210302.53876624,56402238.280095614,False,False,False,False
1073741824,1024 MB,512,1048576,1 MB,8,8,1024,4853.941302357882,9558.610047599162,14412.551349957044,221210302.53876624,112332422.66951689,False,False,False,False
1073741824,1024 MB,512,1048576,1 MB,8,16,1024,4821.941302357882,4787.305023799581,9609.246326157463,222678327.39377207,224289410.98634952,False,False,False,False
1073741824,1024 MB,512,1048576,1 MB,8,32,1024,4805.941302357882,2401.65251189979,7207.593814257672,223419670.8713864,447084588.08249205,False,False,False,False
1073741824,1024 MB,512,1048576,1 MB,8,64,1024,4797.941302357882,1208.8262559498955,6006.767558307777,223792196.7641256,888251573.5532678,False,True,False,False
1073741824,1024 MB,512,1048576,1 MB,8,128,1024,4793.941302357882,612.4131279749477,5406.354430332829,223978925.95637,1753296549.2600026,False,True,False,False
1073741824,1024 MB,512,1048576,1 MB,8,256,1024,4791.941302357882,314.2065639874738,5106.147866345355,224072407.45450363,3417311880.355262,False,True,False,False
1073741824,1024 MB,512,1048576,1 MB,16,1,1024,2485.9413023578813,75876.88038079329,78362.82168315117,431925654.4720386,14151106.616552416,False,False,False,False
1073741824,1024 MB,512,1048576,1 MB,16,2,1024,2485.9413023578813,37962.440190396635,40448.38149275452,431925654.4720386,28284320.4655644,False,False,False,False
1073741824,1024 MB,512,1048576,1 MB,16,4,1024,2485.9413023578813,19005.220095198318,21491.1613975562,431925654.4720386,56497205.43206346,False,False,False,False
1073741824,1024 MB,512,1048576,1 MB,16,8,1024,2485.9413023578813,9526.610047599162,12012.551349957044,431925654.4720386,112709748.65509456,False,False,False,False
1073741824,1024 MB,512,1048576,1 MB,16,16,1024,2485.9413023578813,4787.305023799581,7273.246326157463,431925654.4720386,224289410.98634952,False,False,False,False
1073741824,1024 MB,512,1048576,1 MB,16,32,1024,2469.9413023578813,2401.65251189979,4871.5938142576715,434723619.93986386,447084588.08249205,False,False,False,False
1073741824,1024 MB,512,1048576,1 MB,16,64,1024,2461.9413023578813,1208.8262559498955,3670.767558307777,436136240.52354234,888251573.5532678,False,True,True,False
1073741824,1024 MB,512,1048576,1 MB,16,128,1024,2457.9413023578813,612.4131279749477,3070.354430332829,436845999.1172161,1753296549.2600026,False,True,True,False
1073741824,1024 MB,512,1048576,1 MB,16,256,1024,2455.9413023578813,314.2065639874738,2770.1478663453554,437201745.4037399,3417311880.355262,False,True,True,False
1073741824,1024 MB,512,1048576,1 MB,32,1,1024,1301.9413023578813,75860.88038079329,77162.82168315117,824723681.5172845,14154091.260346796,True,False,False,False
1073741824,1024 MB,512,1048576,1 MB,32,2,1024,1301.9413023578813,37946.440190396635,39248.38149275452,824723681.5172845,28296246.462447856,True,False,False,False
1073741824,1024 MB,512,1048576,1 MB,32,4,1024,1301.9413023578813,18989.220095198318,20291.1613975562,824723681.5172845,56544809.03465384,True,False,False,False
1073741824,1024 MB,512,1048576,1 MB,32,8,1024,1301.9413023578813,9510.610047599162,10812.551349957044,824723681.5172845,112899363.82903777,True,False,False,False
1073741824,1024 MB,512,1048576,1 MB,32,16,1024,1301.9413023578813,4771.305023799581,6073.246326157463,824723681.5172845,225041538.66585886,True,False,False,False
1073741824,1024 MB,512,1048576,1 MB,32,32,1024,1301.9413023578813,2401.65251189979,3703.5938142576715,824723681.5172845,447084588.08249205,True,False,True,False
1073741824,1024 MB,512,1048576,1 MB,32,64,1024,1293.9413023578813,1208.8262559498955,2502.767558307777,829822668.1870164,888251573.5532678,True,True,True,True
1073741824,1024 MB,512,1048576,1 MB,32,128,1024,1289.9413023578813,612.4131279749477,1902.354430332829,832395878.8181363,1753296549.2600026,True,True,True,True
1073741824,1024 MB,512,1048576,1 MB,32,256,1024,1287.9413023578813,314.2065639874738,1602.1478663453552,833688477.9098717,3417311880.355262,True,True,True,True
1073741824,1024 MB,512,1048576,1 MB,64,1,1024,709.9413023578813,75852.88038079329,76562.82168315117,1512437465.5113766,14155584.054417562,True,False,False,False
1073741824,1024 MB,512,1048576,1 MB,64,2,1024,709.9413023578813,37938.440190396635,38648.38149275452,1512437465.5113766,28302213.233104836,True,False,False,False
1073741824,1024 MB,512,1048576,1 MB,64,4,1024,709.9413023578813,18981.220095198318,19691.1613975562,1512437465.5113766,56568640.9311288,True,False,False,False
1073741824,1024 MB,512,1048576,1 MB,64,8,1024,709.9413023578813,9502.610047599162,10212.551349957044,1512437465.5113766,112994410.86412688,True,False,False,False
1073741824,1024 MB,512,1048576,1 MB,64,16,1024,709.9413023578813,4763.305023799581,5473.246326157463,1512437465.5113766,225419497.31018913,True,False,False,False
1073741824,1024 MB,512,1048576,1 MB,64,32,1024,709.9413023578813,2393.65251189979,3103.5938142576715,1512437465.5113766,448578821.97269917,True,False,True,False
1073741824,1024 MB,512,1048576,1 MB,64,64,1024,709.9413023578813,1208.8262559498955,1918.7675583077769,1512437465.5113766,888251573.5532678,True,True,True,True
1073741824,1024 MB,512,1048576,1 MB,64,128,1024,705.9413023578813,612.4131279749477,1318.354430332829,1521007228.807332,1753296549.2600026,True,True,True,True
1073741824,1024 MB,512,1048576,1 MB,64,256,1024,703.9413023578813,314.2065639874738,1018.1478663453552,1525328632.3780918,3417311880.355262,True,True,True,True
1073741824,1024 MB,512,1048576,1 MB,128,1,1024,413.9413023578814,75848.88038079329,76262.82168315117,2593947059.3627176,14156330.56953991,True,False,False,False
1073741824,1024 MB,512,1048576,1 MB,128,2,1024,413.9413023578814,37934.440190396635,38348.38149275452,2593947059.3627176,28305197.56218322,True,False,False,False
1073741824,1024 MB,512,1048576,1 MB,128,4,1024,413.9413023578814,18977.220095198318,19391.1613975562,2593947059.3627176,56580564.41426222,True,False,False,False
1073741824,1024 MB,512,1048576,1 MB,128,8,1024,413.9413023578814,9498.610047599162,9912.551349957044,2593947059.3627176,113041994.42016207,True,False,False,False
1073741824,1024 MB,512,1048576,1 MB,128,16,1024,413.9413023578814,4759.305023799581,5173.246326157463,2593947059.3627176,225608953.12038237,True,False,False,False
1073741824,1024 MB,512,1048576,1 MB,128,32,1024,413.9413023578814,2389.65251189979,2803.5938142576715,2593947059.3627176,449329690.6780676,True,False,True,False
1073741824,1024 MB,512,1048576,1 MB,128,64,1024,413.9413023578814,1204.8262559498955,1618.7675583077769,2593947059.3627176,891200551.6956905,True,True,True,True
1073741824,1024 MB,512,1048576,1 MB,128,128,1024,413.9413023578814,612.4131279749477,1026.354430332829,2593947059.3627176,1753296549.2600026,True,True,True,True
1073741824,1024 MB,512,1048576,1 MB,128,256,1024,411.9413023578814,314.2065639874738,726.1478663453552,2606540829.613554,3417311880.355262,True,True,True,True
1073741824,1024 MB,512,1048576,1 MB,256,1,1024,265.9413023578814,75846.88038079329,76112.82168315117,4037514348.015972,14156703.85662828,True,False,False,False
1073741824,1024 MB,512,1048576,1 MB,256,2,1024,265.9413023578814,37932.440190396635,38198.38149275452,4037514348.015972,28306689.962746967,True,False,False,False
1073741824,1024 MB,512,1048576,1 MB,256,4,1024,265.9413023578814,18975.220095198318,19241.1613975562,4037514348.015972,56586528.04094275,True,False,False,False
1073741824,1024 MB,512,1048576,1 MB,256,8,1024,265.9413023578814,9496.610047599162,9762.551349957044,4037514348.015972,113065801.22992969,True,False,False,False
1073741824,1024 MB,512,1048576,1 MB,256,16,1024,265.9413023578814,4757.305023799581,5023.246326157463,4037514348.015972,225703800.49804333,True,False,False,False
1073741824,1024 MB,512,1048576,1 MB,256,32,1024,265.9413023578814,2387.65251189979,2653.5938142576715,4037514348.015972,449706068.4704295,True,False,True,False
1073741824,1024 MB,512,1048576,1 MB,256,64,1024,265.9413023578814,1202.8262559498955,1468.7675583077769,4037514348.015972,892682395.8893756,True,True,True,True
1073741824,1024 MB,512,1048576,1 MB,256,128,1024,265.9413023578814,610.4131279749477,876.354430332829,4037514348.015972,1759041171.9389956,True,True,True,True
1073741824,1024 MB,512,1048576,1 MB,256,256,1024,265.9413023578814,314.2065639874738,580.1478663453552,4037514348.015972,3417311880.355262,True,True,True,True
1073741824,1024 MB,512,4194304,4 MB,1,1,256,75834.97065117894,152689.76076158657,228524.7314127655,14158927.138495669,7032179.621242357,False,False,False,False
1073741824,1024 MB,512,4194304,4 MB,1,2,256,75322.97065117894,76348.88038079327,151671.8510319722,14255170.962023046,14063622.395569747,False,False,False,False
1073741824,1024 MB,512,4194304,4 MB,1,4,256,75066.97065117894,38178.440190396635,113245.41084157558,14303785.202542162,28124297.866681516,False,False,False,False
1073741824,1024 MB,512,4194304,4 MB,1,8,256,74938.97065117894,19093.220095198325,94032.19074637727,14328216.876609953,56236811.73978772,False,False,False,False
1073741824,1024 MB,512,4194304,4 MB,1,16,256,74874.97065117894,9550.610047599162,84425.5806987781,14340464.03840685,112426517.11760736,False,False,False,False
1073741824,1024 MB,512,4194304,4 MB,1,32,256,74842.97065117894,4779.30502379958,79622.27567497852,14346595.47393428,224664845.3390338,False,False,False,False
1073741824,1024 MB,512,4194304,4 MB,1,64,256,74826.97065117894,2393.652511899791,77220.62316307874,14349663.158294417,448578821.972699,False,False,False,False
1073741824,1024 MB,512,4194304,4 MB,1,128,256,74818.97065117894,1200.8262559498953,76019.79690712884,14351197.492491575,894169176.164984,False,True,False,False
1073741824,1024 MB,512,4194304,4 MB,1,256,256,74814.97065117894,604.4131279749477,75419.38377915388,14351964.782640463,1776503147.1065361,False,True,False,False
1073741824,1024 MB,512,4194304,4 MB,2,1,256,37946.97065117894,152177.76076158657,190124.7314127655,28295850.90915922,7055839.293641644,False,False,False,False
1073741824,1024 MB,512,4194304,4 MB,2,2,256,37946.97065117894,76348.88038079327,114295.85103197221,28295850.90915922,14063622.395569747,False,False,False,False
1073741824,1024 MB,512,4194304,4 MB,2,4,256,37690.97065117894,38178.440190396635,75869.41084157558,28488038.52618251,28124297.866681516,False,False,False,False
1073741824,1024 MB,512,4194304,4 MB,2,8,256,37562.97065117894,19093.220095198325,56656.190746377266,28585114.685712423,56236811.73978772,False,False,False,False
1073741824,1024 MB,512,4194304,4 MB,2,16,256,37498.97065117894,9550.610047599162,47049.5806987781,28633901.28726753,112426517.11760736,False,False,False,False
1073741824,1024 MB,512,4194304,4 MB,2,32,256,37466.97065117894,4779.30502379958,42246.27567497852,28658357.089945663,224664845.3390338,False,False,False,False
1073741824,1024 MB,512,4194304,4 MB,2,64,256,37450.97065117894,2393.652511899791,39844.62316307873,28670600.66348905,448578821.972699,False,False,False,False
1073741824,1024 MB,512,4194304,4 MB,2,128,256,37442.97065117894,1200.8262559498953,38643.79690712884,28676726.3741717,894169176.164984,False,True,False,False
1073741824,1024 MB,512,4194304,4 MB,2,256,256,37438.97065117894,604.4131279749477,38043.38377915389,28679790.211224414,1776503147.1065361,False,True,False,False
1073741824,1024 MB,512,4194304,4 MB,4,1,256,19002.97065117894,151921.76076158657,170924.7314127655,56503893.191740796,7067728.932427538,False,False,False,False
1073741824,1024 MB,512,4194304,4 MB,4,2,256,19002.97065117894,76092.88038079327,95095.85103197221,56503893.191740796,14110936.773935355,False,False,False,False
1073741824,1024 MB,512,4194304,4 MB,4,4,256,19002.97065117894,38178.440190396635,57181.410841575576,56503893.191740796,28124297.866681516,False,False,False,False
1073741824,1024 MB,512,4194304,4 MB,4,8,256,18874.97065117894,19093.220095198325,37968.190746377266,56887072.50694101,56236811.73978772,False,False,False,False
1073741824,1024 MB,512,4194304,4 MB,4,16,256,18810.97065117894,9550.610047599162,28361.580698778103,57080617.683740065,112426517.11760736,False,False,False,False
1073741824,1024 MB,512,4194304,4 MB,4,32,256,18778.97065117894,4779.30502379958,23558.275674978522,57177884.983413115,224664845.3390338,False,False,False,False
1073741824,1024 MB,512,4194304,4 MB,4,64,256,18762.97065117894,2393.652511899791,21156.623163078733,57226643.04932616,448578821.972699,False,False,False,False
1073741824,1024 MB,512,4194304,4 MB,4,128,256,18754.97065117894,1200.8262559498953,19955.796907128835,57251053.27917452,894169176.164984,False,True,False,False
1073741824,1024 MB,512,4194304,4 MB,4,256,256,18750.97065117894,604.4131279749477,19355.38377915389,57263266.20496789,1776503147.1065361,False,True,False,False
1073741824,1024 MB,512,4194304,4 MB,8,1,256,9530.97065117894,151793.76076158657,161324.7314127655,112658181.76317464,7073688.790716914,False,False,False,False
1073741824,1024 MB,512,4194304,4 MB,8,2,256,9530.97065117894,75964.88038079327,85495.85103197221,112658181.76317464,14134713.549440164,False,False,False,False
1073741824,1024 MB,512,4194304,4 MB,8,4,256,9530.97065117894,38050.440190396635,47581.410841575576,112658181.76317464,28218906.762371607,False,False,False,False
1073741824,1024 MB,512,4194304,4 MB,8,8,256,9530.97065117894,19093.220095198325,28624.190746377266,112658181.76317464,56236811.73978772,False,False,False,False
1073741824,1024 MB,512,4194304,4 MB,8,16,256,9466.97065117894,9550.610047599162,19017.580698778103,113419790.08525655,112426517.11760736,False,False,False,False
1073741824,1024 MB,512,4194304,4 MB,8,32,256,9434.97065117894,4779.30502379958,14214.275674978522,113804468.8952828,224664845.3390338,False,False,False,False
1073741824,1024 MB,512,4194304,4 MB,8,64,256,9418.97065117894,2393.652511899791,11812.623163078732,113997788.48080425,448578821.972699,False,False,False,False
1073741824,1024 MB,512,4194304,4 MB,8,128,256,9410.97065117894,1200.8262559498953,10611.796907128835,114094694.77683358,894169176.164984,False,True,False,False
1073741824,1024 MB,512,4194304,4 MB,8,256,256,9406.97065117894,604.4131279749477,10011.383779153888,114143209.73409563,1776503147.1065361,False,True,False,False
1073741824,1024 MB,512,4194304,4 MB,16,1,256,4794.970651178941,151729.76076158657,156524.7314127655,223930843.817782,7076672.49068674,False,False,False,False
1073741824,1024 MB,512,4194304,4 MB,16,2,256,4794.970651178941,75900.88038079327,80695.85103197221,223930843.817782,14146632.010235688,False,False,False,False
1073741824,1024 MB,512,4194304,4 MB,16,4,256,4794.970651178941,37986.440190396635,42781.410841575576,223930843.817782,28266450.307482433,False,False,False,False
1073741824,1024 MB,512,4194304,4 MB,16,8,256,4794.970651178941,19029.220095198325,23824.190746377266,223930843.817782,56425950.12451083,False,False,False,False
1073741824,1024 MB,512,4194304,4 MB,16,16,256,4794.970651178941,9550.610047599162,14345.580698778103,223930843.817782,112426517.11760736,False,False,False,False
1073741824,1024 MB,512,4194304,4 MB,16,32,256,4762.970651178941,4779.30502379958,9542.275674978522,225435322.3306604,224664845.3390338,False,False,False,False
1073741824,1024 MB,512,4194304,4 MB,16,64,256,4746.970651178941,2393.652511899791,7140.6231630787315,226195168.01380038,448578821.972699,False,False,False,False
1073741824,1024 MB,512,4194304,4 MB,16,128,256,4738.970651178941,1200.8262559498953,5939.796907128836,226577014.93316466,894169176.164984,False,True,False,False
1073741824,1024 MB,512,4194304,4 MB,16,256,256,4734.970651178941,604.4131279749477,5339.383779153888,226768422.2567786,1776503147.1065361,False,True,False,False
1073741824,1024 MB,512,4194304,4 MB,32,1,256,2426.970651178941,151697.76076158657,154124.7314127655,442420605.0775325,7078165.284769955,False,False,False,False
1073741824,1024 MB,512,4194304,4 MB,32,2,256,2426.970651178941,75868.88038079327,78295.85103197221,442420605.0775325,14152598.78109161,False,False,False,False
1073741824,1024 MB,512,4194304,4 MB,32,4,256,2426.970651178941,37954.440190396635,40381.410841575576,442420605.0775325,28290282.20713111,False,False,False,False
1073741824,1024 MB,512,4194304,4 MB,32,8,256,2426.970651178941,18997.220095198325,21424.190746377266,442420605.0775325,56520997.21008103,False,False,False,False
1073741824,1024 MB,512,4194304,4 MB,32,16,256,2426.970651178941,9518.610047599162,11945.580698778103,442420605.0775325,112804476.56019118,False,False,False,False
1073741824,1024 MB,512,4194304,4 MB,32,32,256,2426.970651178941,4779.30502379958,7206.275674978521,442420605.0775325,224664845.3390338,False,False,False,False
1073741824,1024 MB,512,4194304,4 MB,32,64,256,2410.970651178941,2393.652511899791,4804.6231630787315,445356654.78754413,448578821.972699,False,False,False,False
1073741824,1024 MB,512,4194304,4 MB,32,128,256,2402.970651178941,1200.8262559498953,3603.796907128836,446839341.7427728,894169176.164984,False,True,True,False
1073741824,1024 MB,512,4194304,4 MB,32,256,256,2398.970651178941,604.4131279749477,3003.3837791538886,447584393.5282512,1776503147.1065361,False,True,True,False
1073741824,1024 MB,512,4194304,4 MB,64,1,256,1242.9706511789407,151681.76076158657,152924.7314127655,863851308.9440773,7078911.918010417,True,False,False,False
1073741824,1024 MB,512,4194304,4 MB,64,2,256,1242.9706511789407,75852.88038079327,77095.85103197221,863851308.9440773,14155584.054417564,True,False,False,False
1073741824,1024 MB,512,4194304,4 MB,64,4,256,1242.9706511789407,37938.440190396635,39181.410841575576,863851308.9440773,28302213.233104836,True,False,False,False
1073741824,1024 MB,512,4194304,4 MB,64,8,256,1242.9706511789407,18981.220095198325,20224.190746377266,863851308.9440773,56568640.93112878,True,False,False,False
1073741824,1024 MB,512,4194304,4 MB,64,16,256,1242.9706511789407,9502.610047599162,10745.580698778103,863851308.9440773,112994410.86412688,True,False,False,False
1073741824,1024 MB,512,4194304,4 MB,64,32,256,1242.9706511789407,4763.30502379958,6006.275674978521,863851308.9440773,225419497.3101892,True,False,False,False
1073741824,1024 MB,512,4194304,4 MB,64,64,256,1242.9706511789407,2393.652511899791,3636.6231630787315,863851308.9440773,448578821.972699,True,False,True,False
1073741824,1024 MB,512,4194304,4 MB,64,128,256,1234.9706511789407,1200.8262559498953,2435.796907128836,869447239.8797277,894169176.164984,True,True,True,True
1073741824,1024 MB,512,4194304,4 MB,64,256,256,1230.9706511789407,604.4131279749477,1835.3837791538883,872272481.0470847,1776503147.1065361,True,True,True,True
1073741824,1024 MB,512,4194304,4 MB,128,1,256,650.9706511789407,151673.76076158657,152324.7314127655,1649447363.034569,7079285.293702163,True,False,False,False
1073741824,1024 MB,512,4194304,4 MB,128,2,256,650.9706511789407,75844.88038079327,76495.85103197221,1649447363.034569,14157077.163403518,True,False,False,False
1073741824,1024 MB,512,4194304,4 MB,128,4,256,650.9706511789407,37930.440190396635,38581.410841575576,1649447363.034569,28308182.520693596,True,False,False,False
1073741824,1024 MB,512,4194304,4 MB,128,8,256,650.9706511789407,18973.220095198325,19624.190746377266,1649447363.034569,56592492.9248957,True,False,False,False
1073741824,1024 MB,512,4194304,4 MB,128,16,256,650.9706511789407,9494.610047599162,10145.580698778103,1649447363.034569,113089618.06930764,True,False,False,False
1073741824,1024 MB,512,4194304,4 MB,128,32,256,650.9706511789407,4755.30502379958,5406.275674978521,1649447363.034569,225798727.65807557,True,False,False,False
1073741824,1024 MB,512,4194304,4 MB,128,64,256,650.9706511789407,2385.652511899791,3036.6231630787315,1649447363.034569,450083077.3317176,True,False,True,False
1073741824,1024 MB,512,4194304,4 MB,128,128,256,650.9706511789407,1200.8262559498953,1851.796907128836,1649447363.034569,894169176.164984,True,True,True,True
1073741824,1024 MB,512,4194304,4 MB,128,256,256,646.9706511789407,604.4131279749477,1251.3837791538883,1659645336.3740327,1776503147.1065361,True,True,True,True
1073741824,1024 MB,512,4194304,4 MB,256,1,256,354.97065117894067,151669.76076158657,152024.7314127655,3024874931.0227532,7079471.996318642,True,False,False,False
1073741824,1024 MB,512,4194304,4 MB,256,2,256,354.97065117894067,75840.88038079327,76195.85103197221,3024874931.0227532,14157823.836020838,True,False,False,False
1073741824,1024 MB,512,4194304,4 MB,256,4,256,354.97065117894067,37926.440190396635,38281.410841575576,3024874931.0227532,28311168.108835127,True,False,False,False
1073741824,1024 MB,512,4194304,4 MB,256,8,256,354.97065117894067,18969.220095198325,19324.190746377266,3024874931.0227532,56604426.46620965,True,False,False,False
1073741824,1024 MB,512,4194304,4 MB,256,16,256,354.97065117894067,9490.610047599162,9845.580698778103,3024874931.0227532,113137281.86225756,True,False,False,False
1073741824,1024 MB,512,4194304,4 MB,256,32,256,354.97065117894067,4751.30502379958,5106.275674978521,3024874931.0227532,225988821.72825378,True,False,False,False
1073741824,1024 MB,512,4194304,4 MB,256,64,256,354.97065117894067,2381.652511899791,2736.6231630787315,3024874931.0227532,450838994.6203782,True,False,True,False
1073741824,1024 MB,512,4194304,4 MB,256,128,256,354.97065117894067,1196.8262559498953,1551.796907128836,3024874931.0227532,897157643.9453981,True,True,True,True
1073741824,1024 MB,512,4194304,4 MB,256,256,256,354.97065117894067,604.4131279749477,959.3837791538883,3024874931.0227532,1776503147.1065361,True,True,True,True
1073741824,1024 MB,512,16777216,16 MB,1,1,64,303162.9706511789,610735.0430463463,913898.0136975253,3541797.409141546,1758113.9910429504,False,False,False,False
1073741824,1024 MB,512,16777216,16 MB,1,2,64,301114.9706511789,305371.5215231731,606486.492174352,3565886.5505025205,3516181.9237244073,False,False,False,False
1073741824,1024 MB,512,16777216,16 MB,1,4,64,300090.9706511789,152689.76076158654,452780.73141276545,3578054.4201981365,7032179.621242358,False,False,False,False
1073741824,1024 MB,512,16777216,16 MB,1,8,64,299578.9706511789,76348.8803807933,375927.8510319722,3584169.54857033,14063622.395569742,False,False,False,False
1073741824,1024 MB,512,16777216,16 MB,1,16,64,299322.9706511789,38178.44019039665,337501.4108415756,3587234.957825215,28124297.86668151,False,False,False,False
1073741824,1024 MB,512,16777216,16 MB,1,32,64,299194.9706511789,19093.22009519832,318288.1907463772,3588769.629593268,56236811.73978773,False,False,False,False
1073741824,1024 MB,512,16777216,16 MB,1,64,64,299130.9706511789,9550.610047599164,308681.5806987781,3589537.457998979,112426517.11760733,False,False,False,False
1073741824,1024 MB,512,16777216,16 MB,1,128,64,299098.9706511789,4779.305023799581,303878.2756749785,3589921.495424471,224664845.33903378,False,False,False,False
1073741824,1024 MB,512,16777216,16 MB,1,256,64,299082.9706511789,2393.6525118997906,301476.6231630787,3590113.5449544108,448578821.97269905,False,False,False,False
1073741824,1024 MB,512,16777216,16 MB,2,1,64,151610.97065117894,608687.0430463463,760298.0136975253,7082217.199640694,1764029.3748100102,False,False,False,False
1073741824,1024 MB,512,16777216,16 MB,2,2,64,151610.97065117894,305371.5215231731,456982.49217435205,7082217.199640694,3516181.9237244073,False,False,False,False
1073741824,1024 MB,512,16777216,16 MB,2,4,64,150586.97065117894,152689.76076158654,303276.73141276545,7130376.681042516,7032179.621242358,False,False,False,False
1073741824,1024 MB,512,16777216,16 MB,2,8,64,150074.97065117894,76348.8803807933,226423.85103197224,7154702.875109741,14063622.395569742,False,False,False,False
1073741824,1024 MB,512,16777216,16 MB,2,16,64,149818.97065117894,38178.44019039665,187997.4108415756,7166928.3224484,28124297.86668151,False,False,False,False
1073741824,1024 MB,512,16777216,16 MB,2,32,64,149690.97065117894,19093.22009519832,168784.19074637725,7173056.726996001,56236811.73978773,False,False,False,False
1073741824,1024 MB,512,16777216,16 MB,2,64,64,149626.97065117894,9550.610047599164,159177.5806987781,7176124.861226948,112426517.11760733,False,False,False,False
1073741824,1024 MB,512,16777216,16 MB,2,128,64,149594.97065117894,4779.305023799581,154374.27567497853,7177659.912803612,224664845.33903378,False,False,False,False
1073741824,1024 MB,512,16777216,16 MB,2,256,64,149578.97065117894,2393.6525118997906,151972.62316307874,7178427.684891527,448578821.97269905,False,False,False,False
1073741824,1024 MB,512,16777216,16 MB,4,1,64,75834.97065117894,607663.0430463463,683498.0136975253,14158927.138495669,1767002.019107662,False,False,False,False
1073741824,1024 MB,512,16777216,16 MB,4,2,64,75834.97065117894,304347.5215231731,380182.49217435205,14158927.138495669,3528012.380801481,False,False,False,False
1073741824,1024 MB,512,16777216,16 MB,4,4,64,75834.97065117894,152689.76076158654,228524.73141276548,14158927.138495669,7032179.621242358,False,False,False,False
1073741824,1024 MB,512,16777216,16 MB,4,8,64,75322.97065117894,76348.8803807933,151671.85103197224,14255170.962023046,14063622.395569742,False,False,False,False
1073741824,1024 MB,512,16777216,16 MB,4,16,64,75066.97065117894,38178.44019039665,113245.41084157559,14303785.202542162,28124297.86668151,False,False,False,False
1073741824,1024 MB,512,16777216,16 MB,4,32,64,74938.97065117894,19093.22009519832,94032.19074637727,14328216.876609953,56236811.73978773,False,False,False,False
1073741824,1024 MB,512,16777216,16 MB,4,64,64,74874.97065117894,9550.610047599164,84425.58069877811,14340464.03840685,112426517.11760733,False,False,False,False
1073741824,1024 MB,512,16777216,16 MB,4,128,64,74842.97065117894,4779.305023799581,79622.27567497852,14346595.47393428,224664845.33903378,False,False,False,False
1073741824,1024 MB,512,16777216,16 MB,4,256,64,74826.97065117894,2393.6525118997906,77220.62316307874,14349663.158294417,448578821.97269905,False,False,False,False
1073741824,1024 MB,512,16777216,16 MB,8,1,64,37946.97065117894,607151.0430463463,645098.0136975253,28295850.90915922,1768492.1014259658,False,False,False,False
1073741824,1024 MB,512,16777216,16 MB,8,2,64,37946.97065117894,303835.5215231731,341782.49217435205,28295850.90915922,3533957.5129898274,False,False,False,False
1073741824,1024 MB,512,16777216,16 MB,8,4,64,37946.97065117894,152177.76076158654,190124.73141276548,28295850.90915922,7055839.2936416445,False,False,False,False
1073741824,1024 MB,512,16777216,16 MB,8,8,64,37946.97065117894,76348.8803807933,114295.85103197224,28295850.90915922,14063622.395569742,False,False,False,False
1073741824,1024 MB,512,16777216,16 MB,8,16,64,37690.97065117894,38178.44019039665,75869.41084157559,28488038.52618251,28124297.86668151,False,False,False,False
1073741824,1024 MB,512,16777216,16 MB,8,32,64,37562.97065117894,19093.22009519832,56656.190746377266,28585114.685712423,56236811.73978773,False,False,False,False
1073741824,1024 MB,512,16777216,16 MB,8,64,64,37498.97065117894,9550.610047599164,47049.5806987781,28633901.28726753,112426517.11760733,False,False,False,False
1073741824,1024 MB,512,16777216,16 MB,8,128,64,37466.97065117894,4779.305023799581,42246.27567497852,28658357.089945663,224664845.33903378,False,False,False,False
1073741824,1024 MB,512,16777216,16 MB,8,256,64,37450.97065117894,2393.6525118997906,39844.62316307873,28670600.66348905,448578821.97269905,False,False,False,False
1073741824,1024 MB,512,16777216,16 MB,16,1,64,19002.97065117894,606895.0430463463,625898.0136975253,56503893.191740796,1769238.085403183,False,False,False,False
1073741824,1024 MB,512,16777216,16 MB,16,2,64,19002.97065117894,303579.5215231731,322582.49217435205,56503893.191740796,3536937.5991260274,False,False,False,False
1073741824,1024 MB,512,16777216,16 MB,16,4,64,19002.97065117894,151921.76076158654,170924.73141276548,56503893.191740796,7067728.932427539,False,False,False,False
1073741824,1024 MB,512,16777216,16 MB,16,8,64,19002.97065117894,76092.8803807933,95095.85103197224,56503893.191740796,14110936.773935352,False,False,False,False
1073741824,1024 MB,512,16777216,16 MB,16,16,64,19002.97065117894,38178.44019039665,57181.41084157559,56503893.191740796,28124297.86668151,False,False,False,False
1073741824,1024 MB,512,16777216,16 MB,16,32,64,18874.97065117894,19093.22009519832,37968.190746377266,56887072.50694101,56236811.73978773,False,False,False,False
1073741824,1024 MB,512,16777216,16 MB,16,64,64,18810.97065117894,9550.610047599164,28361.580698778103,57080617.683740065,112426517.11760733,False,False,False,False
1073741824,1024 MB,512,16777216,16 MB,16,128,64,18778.97065117894,4779.305023799581,23558.275674978522,57177884.983413115,224664845.33903378,False,False,False,False
1073741824,1024 MB,512,16777216,16 MB,16,256,64,18762.97065117894,2393.6525118997906,21156.62316307873,57226643.04932616,448578821.97269905,False,False,False,False
1073741824,1024 MB,512,16777216,16 MB,32,1,64,9530.97065117894,606767.0430463463,616298.0136975253,112658181.76317464,1769611.3134443676,False,False,False,False
1073741824,1024 MB,512,16777216,16 MB,32,2,64,9530.97065117894,303451.5215231731,312982.49217435205,112658181.76317464,3538429.527755733,False,False,False,False
1073741824,1024 MB,512,16777216,16 MB,32,4,64,9530.97065117894,151793.76076158654,161324.73141276548,112658181.76317464,7073688.790716915,False,False,False,False
1073741824,1024 MB,512,16777216,16 MB,32,8,64,9530.97065117894,75964.8803807933,85495.85103197224,112658181.76317464,14134713.549440159,False,False,False,False
1073741824,1024 MB,512,16777216,16 MB,32,16,64,9530.97065117894,38050.44019039665,47581.41084157559,112658181.76317464,28218906.762371596,False,False,False,False
1073741824,1024 MB,512,16777216,16 MB,32,32,64,9530.97065117894,19093.22009519832,28624.190746377262,112658181.76317464,56236811.73978773,False,False,False,False
1073741824,1024 MB,512,16777216,16 MB,32,64,64,9466.97065117894,9550.610047599164,19017.580698778103,113419790.08525655,112426517.11760733,False,False,False,False
1073741824,1024 MB,512,16777216,16 MB,32,128,64,9434.97065117894,4779.305023799581,14214.275674978522,113804468.8952828,224664845.33903378,False,False,False,False
1073741824,1024 MB,512,16777216,16 MB,32,256,64,9418.97065117894,2393.6525118997906,11812.623163078732,113997788.48080425,448578821.97269905,False,False,False,False
1073741824,1024 MB,512,16777216,16 MB,64,1,64,4794.970651178941,606703.0430463463,611498.0136975253,223930843.817782,1769797.9865216804,False,False,False,False
1073741824,1024 MB,512,16777216,16 MB,64,2,64,4794.970651178941,303387.5215231731,308182.49217435205,223930843.817782,3539175.9641570705,False,False,False,False
1073741824,1024 MB,512,16777216,16 MB,64,4,64,4794.970651178941,151729.76076158654,156524.73141276548,223930843.817782,7076672.490686742,False,False,False,False
1073741824,1024 MB,512,16777216,16 MB,64,8,64,4794.970651178941,75900.8803807933,80695.85103197224,223930843.817782,14146632.010235684,False,False,False,False
1073741824,1024 MB,512,16777216,16 MB,64,16,64,4794.970651178941,37986.44019039665,42781.41084157559,223930843.817782,28266450.30748242,False,False,False,False
1073741824,1024 MB,512,16777216,16 MB,64,32,64,4794.970651178941,19029.22009519832,23824.190746377262,223930843.817782,56425950.12451084,False,False,False,False
1073741824,1024 MB,512,16777216,16 MB,64,64,64,4794.970651178941,9550.610047599164,14345.580698778105,223930843.817782,112426517.11760733,False,False,False,False
1073741824,1024 MB,512,16777216,16 MB,64,128,64,4762.970651178941,4779.305023799581,9542.275674978522,225435322.3306604,224664845.33903378,False,False,False,False
1073741824,1024 MB,512,16777216,16 MB,64,256,64,4746.970651178941,2393.6525118997906,7140.6231630787315,226195168.01380038,448578821.97269905,False,False,False,False
1073741824,1024 MB,512,16777216,16 MB,128,1,64,2426.970651178941,606671.0430463463,609098.0136975253,442420605.0775325,1769891.337829968,False,False,False,False
1073741824,1024 MB,512,16777216,16 MB,128,2,64,2426.970651178941,303355.5215231731,305782.49217435205,442420605.0775325,3539549.300466508,False,False,False,False
1073741824,1024 MB,512,16777216,16 MB,128,4,64,2426.970651178941,151697.76076158654,154124.73141276548,442420605.0775325,7078165.284769956,False,False,False,False
1073741824,1024 MB,512,16777216,16 MB,128,8,64,2426.970651178941,75868.8803807933,78295.85103197224,442420605.0775325,14152598.781091604,False,False,False,False
1073741824,1024 MB,512,16777216,16 MB,128,16,64,2426.970651178941,37954.44019039665,40381.41084157559,442420605.0775325,28290282.207131103,False,False,False,False
1073741824,1024 MB,512,16777216,16 MB,128,32,64,2426.970651178941,18997.22009519832,21424.190746377262,442420605.0775325,56520997.21008105,False,False,False,False
1073741824,1024 MB,512,16777216,16 MB,128,64,64,2426.970651178941,9518.610047599164,11945.580698778105,442420605.0775325,112804476.56019115,False,False,False,False
1073741824,1024 MB,512,16777216,16 MB,128,128,64,2426.970651178941,4779.305023799581,7206.275674978522,442420605.0775325,224664845.33903378,False,False,False,False
1073741824,1024 MB,512,16777216,16 MB,128,256,64,2410.970651178941,2393.6525118997906,4804.6231630787315,445356654.78754413,448578821.97269905,False,False,False,False
1073741824,1024 MB,512,16777216,16 MB,256,1,64,1242.9706511789407,606655.0430463463,607898.0136975253,863851308.9440773,1769938.0171772018,True,False,False,False
1073741824,1024 MB,512,16777216,16 MB,256,2,64,1242.9706511789407,303339.5215231731,304582.492174352,863851308.9440773,3539735.9981593215,True,False,False,False
1073741824,1024 MB,512,16777216,16 MB,256,4,64,1242.9706511789407,151681.76076158654,152924.73141276548,863851308.9440773,7078911.918010419,True,False,False,False
1073741824,1024 MB,512,16777216,16 MB,256,8,64,1242.9706511789407,75852.8803807933,77095.85103197224,863851308.9440773,14155584.054417558,True,False,False,False
1073741824,1024 MB,512,16777216,16 MB,256,16,64,1242.9706511789407,37938.44019039665,39181.41084157559,863851308.9440773,28302213.233104825,True,False,False,False
1073741824,1024 MB,512,16777216,16 MB,256,32,64,1242.9706511789407,18981.22009519832,20224.190746377262,863851308.9440773,56568640.931128785,True,False,False,False
1073741824,1024 MB,512,16777216,16 MB,256,64,64,1242.9706511789407,9502.610047599164,10745.580698778105,863851308.9440773,112994410.86412685,True,False,False,False
1073741824,1024 MB,512,16777216,16 MB,256,128,64,1242.9706511789407,4763.305023799581,6006.275674978522,863851308.9440773,225419497.31018913,True,False,False,False
1073741824,1024 MB,512,16777216,16 MB,256,256,64,1242.9706511789407,2393.6525118997906,3636.6231630787315,863851308.9440773,448578821.97269905,True,False,True,False
1073741824,1024 MB,1024,65536,64 KB,1,1,16384,19887.53041886305,38298.44019039664,58185.97060925969,53990706.80900483,28036176.373293698,False,False,False,False
1073741824,1024 MB,1024,65536,64 KB,1,2,16384,19759.53041886305,19213.220095198318,38972.750514061365,54340452.49248298,55885573.51031152,False,False,False,False
1073741824,1024 MB,1024,65536,64 KB,1,4,16384,19695.53041886305,9670.610047599159,29366.14046646221,54517030.06544279,111031446.69415855,False,False,False,False
1073741824,1024 MB,1024,65536,64 KB,1,8,16384,19663.53041886305,4899.305023799581,24562.835442662632,54605749.889652014,219162068.65750033,False,False,False,False
1073741824,1024 MB,1024,65536,64 KB,1,16,16384,19647.53041886305,2513.6525118997906,22161.182930762843,54650218.17546749,427163985.0444077,False,False,False,False
1073741824,1024 MB,1024,65536,64 KB,1,32,16384,19639.53041886305,1320.826255949895,20960.356674812945,54672479.489056945,812931919.8215059,False,True,False,False
1073741824,1024 MB,1024,65536,64 KB,1,64,16384,19635.53041886305,724.4131279749478,20359.943546838,54683616.94820834,1482223033.4251108,False,True,False,False
1073741824,1024 MB,1024,65536,64 KB,1,128,16384,19633.53041886305,426.2065639874738,20059.736982850525,54689187.379585855,2519299125.650156,False,True,False,False
1073741824,1024 MB,1024,65536,64 KB,1,256,16384,19632.53041886305,277.1032819937369,19909.633700856786,54691973.02087674,3874879489.9667363,False,True,False,False
1073741824,1024 MB,1024,65536,64 KB,2,1,16384,10415.53041886305,38170.44019039664,48585.97060925969,103090460.18966056,28130192.33323236,False,False,False,False
1073741824,1024 MB,1024,65536,64 KB,2,2,16384,10415.53041886305,19213.220095198318,29628.75051406137,103090460.18966056,55885573.51031152,False,False,False,False
1073741824,1024 MB,1024,65536,64 KB,2,4,16384,10351.53041886305,9670.610047599159,20022.14046646221,103727833.52337705,111031446.69415855,False,False,False,False
1073741824,1024 MB,1024,65536,64 KB,2,8,16384,10319.53041886305,4899.305023799581,15218.835442662632,104049484.85226704,219162068.65750033,False,False,False,False
1073741824,1024 MB,1024,65536,64 KB,2,16,16384,10303.53041886305,2513.6525118997906,12817.182930762841,104211059.73873396,427163985.0444077,False,False,False,False
1073741824,1024 MB,1024,65536,64 KB,2,32,16384,10295.53041886305,1320.826255949895,11616.356674812945,104292035.50627504,812931919.8215059,False,True,False,False
1073741824,1024 MB,1024,65536,64 KB,2,64,16384,10291.53041886305,724.4131279749478,11015.943546837998,104332570.5992152,1482223033.4251108,False,True,False,False
1073741824,1024 MB,1024,65536,64 KB,2,128,16384,10289.53041886305,426.2065639874738,10715.736982850525,104352849.96403596,2519299125.650156,False,True,False,False
1073741824,1024 MB,1024,65536,64 KB,2,256,16384,10288.53041886305,277.1032819937369,10565.633700856788,104362992.60304423,3874879489.9667363,False,True,False,False
1073741824,1024 MB,1024,65536,64 KB,4,1,16384,5679.530418863051,38106.44019039664,43785.97060925969,189054683.18892208,28177437.16377365,False,False,False,False
1073741824,1024 MB,1024,65536,64 KB,4,2,16384,5679.530418863051,19149.220095198318,24828.75051406137,189054683.18892208,56072352.7465874,False,False,False,False
1073741824,1024 MB,1024,65536,64 KB,4,4,16384,5679.530418863051,9670.610047599159,15350.14046646221,189054683.18892208,111031446.69415855,False,False,False,False
1073741824,1024 MB,1024,65536,64 KB,4,8,16384,5647.530418863051,4899.305023799581,10546.835442662632,190125903.6009165,219162068.65750033,False,False,False,False
1073741824,1024 MB,1024,65536,64 KB,4,16,16384,5631.530418863051,2513.6525118997906,8145.182930762841,190666079.04726148,427163985.0444077,False,False,False,False
1073741824,1024 MB,1024,65536,64 KB,4,32,16384,5623.530418863051,1320.826255949895,6944.356674812946,190937319.4458662,812931919.8215059,False,True,False,False
1073741824,1024 MB,1024,65536,64 KB,4,64,16384,5619.530418863051,724.4131279749478,6343.943546837999,191073229.2498633,1482223033.4251108,False,True,False,False
1073741824,1024 MB,1024,65536,64 KB,4,128,16384,5617.530418863051,426.2065639874738,6043.736982850524,191141256.73347363,2519299125.650156,False,True,False,False
1073741824,1024 MB,1024,65536,64 KB,4,256,16384,5616.530418863051,277.1032819937369,5893.633700856788,191175288.64329672,3874879489.9667363,False,True,False,False
1073741824,1024 MB,1024,65536,64 KB,8,1,16384,3311.530418863051,38074.44019039664,41385.9706092597,324243382.4203397,28201119.1400478,False,False,False,False
1073741824,1024 MB,1024,65536,64 KB,8,2,16384,3311.530418863051,19117.220095198318,22428.75051406137,324243382.4203397,56166211.33475847,False,False,False,False
1073741824,1024 MB,1024,65536,64 KB,8,4,16384,3311.530418863051,9638.610047599159,12950.14046646221,324243382.4203397,111400068.96196137,False,False,False,False
1073741824,1024 MB,1024,65536,64 KB,8,8,16384,3311.530418863051,4899.305023799581,8210.835442662632,324243382.4203397,219162068.65750033,False,False,False,False
1073741824,1024 MB,1024,65536,64 KB,8,16,16384,3295.530418863051,2513.6525118997906,5809.182930762841,325817603.70169425,427163985.0444077,False,False,False,False
1073741824,1024 MB,1024,65536,64 KB,8,32,16384,3287.530418863051,1320.826255949895,4608.356674812946,326610460.4961615,812931919.8215059,False,True,False,False
1073741824,1024 MB,1024,65536,64 KB,8,64,16384,3283.530418863051,724.4131279749478,4007.943546837999,327008337.6817906,1482223033.4251108,False,True,True,False
1073741824,1024 MB,1024,65536,64 KB,8,128,16384,3281.530418863051,426.2065639874738,3707.7369828505252,327207640.01694626,2519299125.650156,False,True,True,False
1073741824,1024 MB,1024,65536,64 KB,8,256,16384,3280.530418863051,277.1032819937369,3557.633700856788,327307382.3141478,3874879489.9667363,False,True,True,False
1073741824,1024 MB,1024,65536,64 KB,16,1,16384,2127.530418863051,38058.44019039664,40185.9706092597,504689293.5019965,28212975.06225542,True,False,False,False
1073741824,1024 MB,1024,65536,64 KB,16,2,16384,2127.530418863051,19101.220095198318,21228.75051406137,504689293.5019965,56213258.55880369,True,False,False,False
1073741824,1024 MB,1024,65536,64 KB,16,4,16384,2127.530418863051,9622.610047599159,11750.14046646221,504689293.5019965,111585299.486172,True,False,False,False
1073741824,1024 MB,1024,65536,64 KB,16,8,16384,2127.530418863051,4883.305023799581,7010.835442662632,504689293.5019965,219880146.49237445,True,False,False,False
1073741824,1024 MB,1024,65536,64 KB,16,16,16384,2127.530418863051,2513.6525118997906,4641.182930762841,504689293.5019965,427163985.0444077,True,False,False,False
1073741824,1024 MB,1024,65536,64 KB,16,32,16384,2119.530418863051,1320.826255949895,3440.356674812946,506594203.3405549,812931919.8215059,True,True,True,True
1073741824,1024 MB,1024,65536,64 KB,16,64,16384,2115.530418863051,724.4131279749478,2839.943546837999,507552060.90445197,1482223033.4251108,True,True,True,True
1073741824,1024 MB,1024,65536,64 KB,16,128,16384,2113.530418863051,426.2065639874738,2539.7369828505252,508032349.2943181,2519299125.650156,True,True,True,True
1073741824,1024 MB,1024,65536,64 KB,16,256,16384,2112.530418863051,277.1032819937369,2389.633700856788,508272834.51751673,3874879489.9667363,True,True,True,True
1073741824,1024 MB,1024,65536,64 KB,32,1,16384,1535.5304188630512,38050.44019039664,39585.9706092597,699264443.6148832,28218906.762371603,True,False,False,False
1073741824,1024 MB,1024,65536,64 KB,32,2,16384,1535.5304188630512,19093.220095198318,20628.75051406137,699264443.6148832,56236811.73978774,True,False,False,False
1073741824,1024 MB,1024,65536,64 KB,32,4,16384,1535.5304188630512,9614.610047599159,11150.14046646221,699264443.6148832,111678145.93459477,True,False,False,False
1073741824,1024 MB,1024,65536,64 KB,32,8,16384,1535.5304188630512,4875.305023799581,6410.835442662632,699264443.6148832,220240952.87543193,True,False,False,False
1073741824,1024 MB,1024,65536,64 KB,32,16,16384,1535.5304188630512,2505.6525118997906,4041.182930762842,699264443.6148832,428527826.1453289,True,False,True,False
1073741824,1024 MB,1024,65536,64 KB,32,32,16384,1535.5304188630512,1320.826255949895,2856.356674812946,699264443.6148832,812931919.8215059,True,True,True,True
1073741824,1024 MB,1024,65536,64 KB,32,64,16384,1531.5304188630512,724.4131279749478,2255.943546837999,701090759.1356261,1482223033.4251108,True,True,True,True
1073741824,1024 MB,1024,65536,64 KB,32,128,16384,1529.5304188630512,426.2065639874738,1955.736982850525,702007499.0062287,2519299125.650156,True,True,True,True
1073741824,1024 MB,1024,65536,64 KB,32,256,16384,1528.5304188630512,277.1032819937369,1805.633700856788,702466768.5702119,3874879489.9667363,True,True,True,True
1073741824,1024 MB,1024,65536,64 KB,64,1,16384,1239.5304188630512,38046.44019039664,39285.9706092597,866248869.4588718,28221873.547870707,True,False,False,False
1073741824,1024 MB,1024,65536,64 KB,64,2,16384,1239.5304188630512,19089.220095198318,20328.75051406137,866248869.4588718,56248595.73336303,True,False,False,False
1073741824,1024 MB,1024,65536,64 KB,64,4,16384,1239.5304188630512,9610.610047599159,10850.14046646221,866248869.4588718,111724627.12377276,True,False,False,False
1073741824,1024 MB,1024,65536,64 KB,64,8,16384,1239.5304188630512,4871.305023799581,6110.835442662632,866248869.4588718,220421800.47319013,True,False,False,False
1073741824,1024 MB,1024,65536,64 KB,64,16,16384,1239.5304188630512,2501.6525118997906,3741.182930762842,866248869.4588718,429213017.75224775,True,False,True,False
1073741824,1024 MB,1024,65536,64 KB,64,32,16384,1239.5304188630512,1316.826255949895,2556.356674812946,866248869.4588718,815401287.1086432,True,True,True,True
1073741824,1024 MB,1024,65536,64 KB,64,64,16384,1239.5304188630512,724.4131279749478,1963.9435468379988,866248869.4588718,1482223033.4251108,True,True,True,True
1073741824,1024 MB,1024,65536,64 KB,64,128,16384,1237.5304188630512,426.2065639874738,1663.736982850525,867648833.2193663,2519299125.650156,True,True,True,True
1073741824,1024 MB,1024,65536,64 KB,64,256,16384,1236.5304188630512,277.1032819937369,1513.633700856788,868350513.3559674,3874879489.9667363,True,True,True,True
1073741824,1024 MB,1024,65536,64 KB,128,1,16384,1091.5304188630512,38044.44019039664,39135.9706092597,983703069.9688791,28223357.174566574,True,False,False,False
1073741824,1024 MB,1024,65536,64 KB,128,2,16384,1091.5304188630512,19087.220095198318,20178.75051406137,983703069.9688791,56254489.58227899,True,False,False,False
1073741824,1024 MB,1024,65536,64 KB,128,4,16384,1091.5304188630512,9608.610047599159,10700.14046646221,983703069.9688791,111747882.23071754,True,False,False,False
1073741824,1024 MB,1024,65536,64 KB,128,8,16384,1091.5304188630512,4869.305023799581,5960.835442662632,983703069.9688791,220512335.69306064,True,False,False,False
1073741824,1024 MB,1024,65536,64 KB,128,16,16384,1091.5304188630512,2499.6525118997906,3591.182930762842,983703069.9688791,429556435.8999374,True,False,True,False
1073741824,1024 MB,1024,65536,64 KB,128,32,16384,1091.5304188630512,1314.826255949895,2406.356674812946,983703069.9688791,816641605.0341771,True,True,True,True
1073741824,1024 MB,1024,65536,64 KB,128,64,16384,1091.5304188630512,722.4131279749478,1813.9435468379988,983703069.9688791,1486326566.3649952,True,True,True,True
1073741824,1024 MB,1024,65536,64 KB,128,128,16384,1091.5304188630512,426.2065639874738,1517.736982850525,983703069.9688791,2519299125.650156,True,True,True,True
1073741824,1024 MB,1024,65536,64 KB,128,256,16384,1090.5304188630512,277.1032819937369,1367.633700856788,984605110.8958938,3874879489.9667363,True,True,True,True
1073741824,1024 MB,1024,65536,64 KB,256,1,16384,1017.5304188630511,38043.44019039664,39060.9706092597,1055242972.6865141,28224099.046411846,True,False,False,False
1073741824,1024 MB,1024,65536,64 KB,256,2,16384,1017.5304188630511,19086.220095198318,20103.75051406137,1055242972.6865141,56257436.96993887,True,False,False,False
1073741824,1024 MB,1024,65536,64 KB,256,4,16384,1017.5304188630511,9607.610047599159,10625.14046646221,1055242972.6865141,111759513.41492224,True,False,False,False
1073741824,1024 MB,1024,65536,64 KB,256,8,16384,1017.5304188630511,4868.305023799581,5885.835442662632,1055242972.6865141,220557631.19829607,True,False,False,False
1073741824,1024 MB,1024,65536,64 KB,256,16,16384,1017.5304188630511,2498.6525118997906,3516.182930762842,1055242972.6865141,429728351.13579124,True,False,True,False
1073741824,1024 MB,1024,65536,64 KB,256,32,16384,1017.5304188630511,1313.826255949895,2331.356674812946,1055242972.6865141,817263180.0722278,True,True,True,True
1073741824,1024 MB,1024,65536,64 KB,256,64,16384,1017.5304188630511,721.4131279749478,1738.9435468379988,1055242972.6865141,1488386865.115778,True,True,True,True
1073741824,1024 MB,1024,65536,64 KB,256,128,16384,1017.5304188630511,425.2065639874738,1442.7369828505248,1055242972.6865141,2525224008.6106277,True,True,True,True
1073741824,1024 MB,1024,65536,64 KB,256,256,16384,1017.5304188630511,277.1032819937369,1294.633700856788,1055242972.6865141,3874879489.9667363,True,True,True,True
1073741824,1024 MB,1024,262144,256 KB,1,1,4096,19179.882604715764,38202.44019039664,57382.322795112406,55982710.9544455,28106629.279401843,False,False,False,False
1073741824,1024 MB,1024,262144,256 KB,1,2,4096,19051.882604715764,19117.220095198318,38169.10269991408,56358830.5826651,56166211.33475847,False,False,False,False
1073741824,1024 MB,1024,262144,256 KB,1,4,4096,18987.882604715764,9574.610047599159,28562.492652314922,56548792.003450096,112144705.4931748,False,False,False,False
1073741824,1024 MB,1024,262144,256 KB,1,8,4096,18955.882604715764,4803.305023799581,23759.187628515345,56644253.733291164,223542294.041246,False,False,False,False
1073741824,1024 MB,1024,262144,256 KB,1,16,4096,18939.882604715764,2417.6525118997906,21357.535116615552,56692105.56419465,444125786.77663404,False,False,False,False
1073741824,1024 MB,1024,262144,256 KB,1,32,4096,18931.882604715764,1224.826255949895,20156.708860665658,56716061.81059566,876648274.6300014,False,True,False,False
1073741824,1024 MB,1024,262144,256 KB,1,64,4096,18927.882604715764,628.4131279749478,19556.295732690713,56728047.52775062,1708655940.1776304,False,True,False,False
1073741824,1024 MB,1024,262144,256 KB,1,128,4096,18925.882604715764,330.2065639874738,19256.089168703238,56734042.28622108,3251727679.286023,False,True,False,False
1073741824,1024 MB,1024,262144,256 KB,1,256,4096,18924.882604715764,181.1032819937369,19105.9858867095,56737040.14060524,5928892133.700444,False,True,False,False
1073741824,1024 MB,1024,262144,256 KB,2,1,4096,9707.882604715764,38074.44019039664,47782.322795112406,110605151.26938312,28201119.1400478,False,False,False,False
1073741824,1024 MB,1024,262144,256 KB,2,2,4096,9707.882604715764,19117.220095198318,28825.10269991408,110605151.26938312,56166211.33475847,False,False,False,False
1073741824,1024 MB,1024,262144,256 KB,2,4,4096,9643.882604715764,9574.610047599159,19218.492652314922,111339163.69688603,112144705.4931748,False,False,False,False
1073741824,1024 MB,1024,262144,256 KB,2,8,4096,9611.882604715764,4803.305023799581,14415.187628515345,111709835.4356932,223542294.041246,False,False,False,False
1073741824,1024 MB,1024,262144,256 KB,2,16,4096,9595.882604715764,2417.6525118997906,12013.535116615554,111896098.3820628,444125786.77663404,False,False,False,False
1073741824,1024 MB,1024,262144,256 KB,2,32,4096,9587.882604715764,1224.826255949895,10812.708860665658,111989462.978185,876648274.6300014,False,True,False,False
1073741824,1024 MB,1024,262144,256 KB,2,64,4096,9583.882604715764,628.4131279749478,10212.29573269071,112036203.72725181,1708655940.1776304,False,True,False,False
1073741824,1024 MB,1024,262144,256 KB,2,128,4096,9581.882604715764,330.2065639874738,9912.089168703238,112059588.73588718,3251727679.286023,False,True,False,False
1073741824,1024 MB,1024,262144,256 KB,2,256,4096,9580.882604715764,181.1032819937369,9761.9858867095,112071284.90140337,5928892133.700444,False,True,False,False
1073741824,1024 MB,1024,262144,256 KB,4,1,4096,4971.882604715763,38010.44019039664,42982.322795112406,215962827.2360193,28248602.716031723,False,False,False,False
1073741824,1024 MB,1024,262144,256 KB,4,2,4096,4971.882604715763,19053.220095198318,24025.10269991408,215962827.2360193,56354874.327547304,False,False,False,False
1073741824,1024 MB,1024,262144,256 KB,4,4,4096,4971.882604715763,9574.610047599159,14546.492652314922,215962827.2360193,112144705.4931748,False,False,False,False
1073741824,1024 MB,1024,262144,256 KB,4,8,4096,4939.882604715763,4803.305023799581,9743.187628515345,217361809.96993193,223542294.041246,False,False,False,False
1073741824,1024 MB,1024,262144,256 KB,4,16,4096,4923.882604715763,2417.6525118997906,7341.535116615553,218068120.26177117,444125786.77663404,False,False,False,False
1073741824,1024 MB,1024,262144,256 KB,4,32,4096,4915.882604715763,1224.826255949895,6140.708860665658,218422999.55860806,876648274.6300014,False,True,False,False
1073741824,1024 MB,1024,262144,256 KB,4,64,4096,4911.882604715763,628.4131279749478,5540.295732690711,218600872.70186996,1708655940.1776304,False,True,False,False
1073741824,1024 MB,1024,262144,256 KB,4,128,4096,4909.882604715763,330.2065639874738,5240.089168703236,218689917.95622778,3251727679.286023,False,True,False,False
1073741824,1024 MB,1024,262144,256 KB,4,256,4096,4908.882604715763,181.1032819937369,5089.9858867095,218734467.79283336,5928892133.700444,False,True,False,False
1073741824,1024 MB,1024,262144,256 KB,8,1,4096,2603.8826047157627,37978.44019039664,40582.322795112406,412361840.75864226,28272404.517326914,False,False,False,False
1073741824,1024 MB,1024,262144,256 KB,8,2,4096,2603.8826047157627,19021.220095198318,21625.10269991408,412361840.75864226,56449681.91451891,False,False,False,False
1073741824,1024 MB,1024,262144,256 KB,8,4,4096,2603.8826047157627,9542.610047599159,12146.492652314922,412361840.75864226,112520769.33292948,False,False,False,False
1073741824,1024 MB,1024,262144,256 KB,8,8,4096,2603.8826047157627,4803.305023799581,7407.187628515344,412361840.75864226,223542294.041246,False,False,False,False
1073741824,1024 MB,1024,262144,256 KB,8,16,4096,2587.8826047157627,2417.6525118997906,5005.535116615553,414911334.0935082,444125786.77663404,False,False,False,False
1073741824,1024 MB,1024,262144,256 KB,8,32,4096,2579.8826047157627,1224.826255949895,3804.708860665658,416197939.40906817,876648274.6300014,False,True,True,False
1073741824,1024 MB,1024,262144,256 KB,8,64,4096,2575.8826047157627,628.4131279749478,3204.2957326907103,416844238.95493585,1708655940.1776304,False,True,True,False
1073741824,1024 MB,1024,262144,256 KB,8,128,4096,2573.8826047157627,330.2065639874738,2904.0891687032363,417168142.0251002,3251727679.286023,False,True,True,False
1073741824,1024 MB,1024,262144,256 KB,8,256,4096,2572.8826047157627,181.1032819937369,2753.9858867094995,417330282.3968608,5928892133.700444,False,True,True,False
1073741824,1024 MB,1024,262144,256 KB,16,1,4096,1419.8826047157627,37962.44019039664,39382.322795112406,756218732.7556883,28284320.465564393,True,False,False,False
1073741824,1024 MB,1024,262144,256 KB,16,2,4096,1419.8826047157627,19005.220095198318,20425.10269991408,756218732.7556883,56497205.43206346,True,False,False,False
1073741824,1024 MB,1024,262144,256 KB,16,4,4096,1419.8826047157627,9526.610047599159,10946.492652314922,756218732.7556883,112709748.65509461,True,False,False,False
1073741824,1024 MB,1024,262144,256 KB,16,8,4096,1419.8826047157627,4787.305023799581,6207.187628515344,756218732.7556883,224289410.98634952,True,False,False,False
1073741824,1024 MB,1024,262144,256 KB,16,16,4096,1419.8826047157627,2417.6525118997906,3837.5351166155533,756218732.7556883,444125786.77663404,True,False,True,False
1073741824,1024 MB,1024,262144,256 KB,16,32,4096,1411.8826047157627,1224.826255949895,2636.708860665658,760503614.403666,876648274.6300014,True,True,True,True
1073741824,1024 MB,1024,262144,256 KB,16,64,4096,1407.8826047157627,628.4131279749478,2036.2957326907103,762664316.1890459,1708655940.1776304,True,True,True,True
1073741824,1024 MB,1024,262144,256 KB,16,128,4096,1405.8826047157627,330.2065639874738,1736.0891687032365,763749277.7834648,3251727679.286023,True,True,True,True
1073741824,1024 MB,1024,262144,256 KB,16,256,4096,1404.8826047157627,181.1032819937369,1585.9858867094995,764292916.9994532,5928892133.700444,True,True,True,True
1073741824,1024 MB,1024,262144,256 KB,32,1,4096,827.8826047157628,37954.44019039664,38782.322795112406,1296973529.6813588,28290282.207131106,True,False,False,False
1073741824,1024 MB,1024,262144,256 KB,32,2,4096,827.8826047157628,18997.220095198318,19825.10269991408,1296973529.6813588,56520997.210081056,True,False,False,False
1073741824,1024 MB,1024,262144,256 KB,32,4,4096,827.8826047157628,9518.610047599159,10346.492652314922,1296973529.6813588,112804476.56019123,True,False,False,False
1073741824,1024 MB,1024,262144,256 KB,32,8,4096,827.8826047157628,4779.305023799581,5607.187628515344,1296973529.6813588,224664845.33903378,True,False,False,False
1073741824,1024 MB,1024,262144,256 KB,32,16,4096,827.8826047157628,2409.6525118997906,3237.5351166155533,1296973529.6813588,445600275.8478453,True,False,True,False
1073741824,1024 MB,1024,262144,256 KB,32,32,4096,827.8826047157628,1224.826255949895,2052.708860665658,1296973529.6813588,876648274.6300014,True,True,True,True
1073741824,1024 MB,1024,262144,256 KB,32,64,4096,823.8826047157628,628.4131279749478,1452.2957326907106,1303270414.806777,1708655940.1776304,True,True,True,True
1073741824,1024 MB,1024,262144,256 KB,32,128,4096,821.8826047157628,330.2065639874738,1152.0891687032367,1306441841.984646,3251727679.286023,True,True,True,True
1073741824,1024 MB,1024,262144,256 KB,32,256,4096,820.8826047157628,181.1032819937369,1001.9858867094997,1308033350.7271624,5928892133.700444,True,True,True,True
1073741824,1024 MB,1024,262144,256 KB,64,1,4096,531.8826047157628,37950.44019039664,38482.322795112406,2018757174.007986,28293264.02047137,True,False,False,False
1073741824,1024 MB,1024,262144,256 KB,64,2,4096,531.8826047157628,18993.220095198318,19525.10269991408,2018757174.007986,56532900.614964865,True,False,False,False
1073741824,1024 MB,1024,262144,256 KB,64,4,4096,531.8826047157628,9514.610047599159,10046.492652314922,2018757174.007986,112851900.24902171,True,False,False,False
1073741824,1024 MB,1024,262144,256 KB,64,8,4096,531.8826047157628,4775.305023799581,5307.187628515344,2018757174.007986,224853034.2352147,True,False,False,False
1073741824,1024 MB,1024,262144,256 KB,64,16,4096,531.8826047157628,2405.6525118997906,2937.5351166155533,2018757174.007986,446341197.9446879,True,False,True,False
1073741824,1024 MB,1024,262144,256 KB,64,32,4096,531.8826047157628,1220.826255949895,1752.708860665658,2018757174.007986,879520585.969498,True,True,True,True
1073741824,1024 MB,1024,262144,256 KB,64,64,4096,531.8826047157628,628.4131279749478,1160.2957326907106,2018757174.007986,1708655940.1776304,True,True,True,True
1073741824,1024 MB,1024,262144,256 KB,64,128,4096,529.8826047157628,330.2065639874738,860.0891687032366,2026376813.3622196,3251727679.286023,True,True,True,True
1073741824,1024 MB,1024,262144,256 KB,64,256,4096,528.8826047157628,181.1032819937369,709.9858867094997,2030208243.6178079,5928892133.700444,True,True,True,True
1073741824,1024 MB,1024,262144,256 KB,128,1,4096,383.8826047157628,37948.44019039664,38332.322795112406,2797057774.4595327,28294755.162867658,True,False,False,False
1073741824,1024 MB,1024,262144,256 KB,128,2,4096,383.8826047157628,18991.220095198318,19375.10269991408,2797057774.4595327,56538854.19776066,True,False,False,False
1073741824,1024 MB,1024,262144,256 KB,128,4,4096,383.8826047157628,9512.610047599159,9896.492652314922,2797057774.4595327,112875627.04948643,True,False,False,False
1073741824,1024 MB,1024,262144,256 KB,128,8,4096,383.8826047157628,4773.305023799581,5157.187628515344,2797057774.4595327,224947246.95915088,True,False,False,False
1073741824,1024 MB,1024,262144,256 KB,128,16,4096,383.8826047157628,2403.6525118997906,2787.5351166155533,2797057774.4595327,446712583.7383789,True,False,True,False
1073741824,1024 MB,1024,262144,256 KB,128,32,4096,383.8826047157628,1218.826255949895,1602.708860665658,2797057774.4595327,880963811.5017278,True,True,True,True
1073741824,1024 MB,1024,262144,256 KB,128,64,4096,383.8826047157628,626.4131279749478,1010.2957326907106,2797057774.4595327,1714111304.581315,True,True,True,True
1073741824,1024 MB,1024,262144,256 KB,128,128,4096,383.8826047157628,330.2065639874738,714.0891687032366,2797057774.4595327,3251727679.286023,True,True,True,True
1073741824,1024 MB,1024,262144,256 KB,128,256,4096,382.8826047157628,181.1032819937369,563.9858867094997,2804363036.5425043,5928892133.700444,True,True,True,True
1073741824,1024 MB,1024,262144,256 KB,256,1,4096,309.8826047157628,37947.44019039664,38257.322795112406,3464995477.8354874,28295500.793008216,True,False,False,False
1073741824,1024 MB,1024,262144,256 KB,256,2,4096,309.8826047157628,18990.220095198318,19300.10269991408,3464995477.8354874,56541831.45942031,True,False,False,False
1073741824,1024 MB,1024,262144,256 KB,256,4,4096,309.8826047157628,9511.610047599159,9821.492652314922,3464995477.8354874,112887494.19148284,True,False,False,False
1073741824,1024 MB,1024,262144,256 KB,256,8,4096,309.8826047157628,4772.305023799581,5082.187628515344,3464995477.8354874,224994382.93345207,True,False,False,False
1073741824,1024 MB,1024,262144,256 KB,256,16,4096,309.8826047157628,2402.6525118997906,2712.5351166155533,3464995477.8354874,446898508.49509084,True,False,True,False
1073741824,1024 MB,1024,262144,256 KB,256,32,4096,309.8826047157628,1217.826255949895,1527.708860665658,3464995477.8354874,881687201.8927606,True,True,True,True
1073741824,1024 MB,1024,262144,256 KB,256,64,4096,309.8826047157628,625.4131279749478,935.2957326907106,3464995477.8354874,1716852071.0089908,True,True,True,True
1073741824,1024 MB,1024,262144,256 KB,256,128,4096,309.8826047157628,329.2065639874738,639.0891687032366,3464995477.8354874,3261605148.4345717,True,True,True,True
1073741824,1024 MB,1024,262144,256 KB,256,256,4096,309.8826047157628,181.1032819937369,490.9858867094997,3464995477.8354874,5928892133.700444,True,True,True,True
1073741824,1024 MB,1024,1048576,1 MB,1,1,1024,19002.97065117894,38178.44019039664,57181.41084157558,56503893.191740796,28124297.866681512,False,False,False,False
1073741824,1024 MB,1024,1048576,1 MB,1,2,1024,18874.97065117894,19093.220095198318,37968.19074637726,56887072.50694101,56236811.73978774,False,False,False,False
1073741824,1024 MB,1024,1048576,1 MB,1,4,1024,18810.97065117894,9550.610047599159,28361.5806987781,57080617.683740065,112426517.11760738,False,False,False,False
1073741824,1024 MB,1024,1048576,1 MB,1,8,1024,18778.97065117894,4779.305023799581,23558.275674978522,57177884.983413115,224664845.33903378,False,False,False,False
1073741824,1024 MB,1024,1048576,1 MB,1,16,1024,18762.97065117894,2393.6525118997906,21156.62316307873,57226643.04932616,448578821.97269905,False,False,False,False
1073741824,1024 MB,1024,1048576,1 MB,1,32,1024,18754.97065117894,1200.826255949895,19955.796907128835,57251053.27917452,894169176.1649841,False,True,False,False
1073741824,1024 MB,1024,1048576,1 MB,1,64,1024,18750.97065117894,604.4131279749478,19355.38377915389,57263266.20496789,1776503147.1065357,False,True,False,False
1073741824,1024 MB,1024,1048576,1 MB,1,128,1024,18748.97065117894,306.2065639874738,19055.177215166415,57269374.62204,3506593098.520005,False,True,False,False
1073741824,1024 MB,1024,1048576,1 MB,1,256,1024,18747.97065117894,157.1032819937369,18905.073933172676,57272429.319302306,6834623760.710524,False,True,False,False
1073741824,1024 MB,1024,1048576,1 MB,2,1,1024,9530.97065117894,38050.44019039664,47581.41084157558,112658181.76317464,28218906.762371603,False,False,False,False
1073741824,1024 MB,1024,1048576,1 MB,2,2,1024,9530.97065117894,19093.220095198318,28624.19074637726,112658181.76317464,56236811.73978774,False,False,False,False
1073741824,1024 MB,1024,1048576,1 MB,2,4,1024,9466.97065117894,9550.610047599159,19017.5806987781,113419790.08525655,112426517.11760738,False,False,False,False
1073741824,1024 MB,1024,1048576,1 MB,2,8,1024,9434.97065117894,4779.305023799581,14214.275674978522,113804468.8952828,224664845.33903378,False,False,False,False
1073741824,1024 MB,1024,1048576,1 MB,2,16,1024,9418.97065117894,2393.6525118997906,11812.623163078732,113997788.48080425,448578821.97269905,False,False,False,False
1073741824,1024 MB,1024,1048576,1 MB,2,32,1024,9410.97065117894,1200.826255949895,10611.796907128835,114094694.77683358,894169176.1649841,False,True,False,False
1073741824,1024 MB,1024,1048576,1 MB,2,64,1024,9406.97065117894,604.4131279749478,10011.383779153888,114143209.73409563,1776503147.1065357,False,True,False,False
1073741824,1024 MB,1024,1048576,1 MB,2,128,1024,9404.97065117894,306.2065639874738,9711.177215166415,114167482.68804042,3506593098.520005,False,True,False,False
1073741824,1024 MB,1024,1048576,1 MB,2,256,1024,9403.97065117894,157.1032819937369,9561.073933172678,114179623.03672108,6834623760.710524,False,True,False,False
1073741824,1024 MB,1024,1048576,1 MB,4,1,1024,4794.970651178941,37986.44019039664,42781.41084157558,223930843.817782,28266450.30748243,False,False,False,False
1073741824,1024 MB,1024,1048576,1 MB,4,2,1024,4794.970651178941,19029.220095198318,23824.19074637726,223930843.817782,56425950.124510854,False,False,False,False
1073741824,1024 MB,1024,1048576,1 MB,4,4,1024,4794.970651178941,9550.610047599159,14345.5806987781,223930843.817782,112426517.11760738,False,False,False,False
1073741824,1024 MB,1024,1048576,1 MB,4,8,1024,4762.970651178941,4779.305023799581,9542.275674978522,225435322.3306604,224664845.33903378,False,False,False,False
1073741824,1024 MB,1024,1048576,1 MB,4,16,1024,4746.970651178941,2393.6525118997906,7140.6231630787315,226195168.01380038,448578821.97269905,False,False,False,False
1073741824,1024 MB,1024,1048576,1 MB,4,32,1024,4738.970651178941,1200.826255949895,5939.796907128836,226577014.93316466,894169176.1649841,False,True,False,False
1073741824,1024 MB,1024,1048576,1 MB,4,64,1024,4734.970651178941,604.4131279749478,5339.383779153889,226768422.2567786,1776503147.1065357,False,True,False,False
1073741824,1024 MB,1024,1048576,1 MB,4,128,1024,4732.970651178941,306.2065639874738,5039.1772151664145,226864247.24238265,3506593098.520005,False,True,False,False
1073741824,1024 MB,1024,1048576,1 MB,4,256,1024,4731.970651178941,157.1032819937369,4889.073933172678,226912190.11100248,6834623760.710524,False,True,False,False
1073741824,1024 MB,1024,1048576,1 MB,8,1,1024,2426.970651178941,37954.44019039664,40381.41084157558,442420605.0775325,28290282.207131106,False,False,False,False
1073741824,1024 MB,1024,1048576,1 MB,8,2,1024,2426.970651178941,18997.220095198318,21424.19074637726,442420605.0775325,56520997.210081056,False,False,False,False
1073741824,1024 MB,1024,1048576,1 MB,8,4,1024,2426.970651178941,9518.610047599159,11945.5806987781,442420605.0775325,112804476.56019123,False,False,False,False
1073741824,1024 MB,1024,1048576,1 MB,8,8,1024,2426.970651178941,4779.305023799581,7206.275674978522,442420605.0775325,224664845.33903378,False,False,False,False
1073741824,1024 MB,1024,1048576,1 MB,8,16,1024,2410.970651178941,2393.6525118997906,4804.6231630787315,445356654.78754413,448578821.97269905,False,False,False,False
1073741824,1024 MB,1024,1048576,1 MB,8,32,1024,2402.970651178941,1200.826255949895,3603.796907128836,446839341.7427728,894169176.1649841,False,True,True,False
1073741824,1024 MB,1024,1048576,1 MB,8,64,1024,2398.970651178941,604.4131279749478,3003.3837791538886,447584393.5282512,1776503147.1065357,False,True,True,False
1073741824,1024 MB,1024,1048576,1 MB,8,128,1024,2396.970651178941,306.2065639874738,2703.1772151664145,447957851.91274,3506593098.520005,False,True,True,False
1073741824,1024 MB,1024,1048576,1 MB,8,256,1024,2395.970651178941,157.1032819937369,2553.0739331726777,448144814.90900725,6834623760.710524,False,True,True,False
1073741824,1024 MB,1024,1048576,1 MB,16,1,1024,1242.9706511789407,37938.44019039664,39181.41084157558,863851308.9440773,28302213.233104832,True,False,False,False
1073741824,1024 MB,1024,1048576,1 MB,16,2,1024,1242.9706511789407,18981.220095198318,20224.19074637726,863851308.9440773,56568640.9311288,True,False,False,False
1073741824,1024 MB,1024,1048576,1 MB,16,4,1024,1242.9706511789407,9502.610047599159,10745.5806987781,863851308.9440773,112994410.86412692,True,False,False,False
1073741824,1024 MB,1024,1048576,1 MB,16,8,1024,1242.9706511789407,4763.305023799581,6006.275674978522,863851308.9440773,225419497.31018913,True,False,False,False
1073741824,1024 MB,1024,1048576,1 MB,16,16,1024,1242.9706511789407,2393.6525118997906,3636.6231630787315,863851308.9440773,448578821.97269905,True,False,True,False
1073741824,1024 MB,1024,1048576,1 MB,16,32,1024,1234.9706511789407,1200.826255949895,2435.7969071288358,869447239.8797277,894169176.1649841,True,True,True,True
1073741824,1024 MB,1024,1048576,1 MB,16,64,1024,1230.9706511789407,604.4131279749478,1835.3837791538886,872272481.0470847,1776503147.1065357,True,True,True,True
1073741824,1024 MB,1024,1048576,1 MB,16,128,1024,1228.9706511789407,306.2065639874738,1535.1772151664145,873691998.2344322,3506593098.520005,True,True,True,True
1073741824,1024 MB,1024,1048576,1 MB,16,256,1024,1227.9706511789407,157.1032819937369,1385.0739331726777,874403490.8074799,6834623760.710524,True,True,True,True
1073741824,1024 MB,1024,1048576,1 MB,32,1,1024,650.9706511789407,37930.44019039664,38581.41084157558,1649447363.034569,28308182.520693593,True,False,False,False
1073741824,1024 MB,1024,1048576,1 MB,32,2,1024,650.9706511789407,18973.220095198318,19624.19074637726,1649447363.034569,56592492.92489571,True,False,False,False
1073741824,1024 MB,1024,1048576,1 MB,32,4,1024,650.9706511789407,9494.610047599159,10145.5806987781,1649447363.034569,113089618.06930768,True,False,False,False
1073741824,1024 MB,1024,1048576,1 MB,32,8,1024,650.9706511789407,4755.305023799581,5406.275674978522,1649447363.034569,225798727.65807554,True,False,False,False
1073741824,1024 MB,1024,1048576,1 MB,32,16,1024,650.9706511789407,2385.6525118997906,3036.6231630787315,1649447363.034569,450083077.3317177,True,False,True,False
1073741824,1024 MB,1024,1048576,1 MB,32,32,1024,650.9706511789407,1200.826255949895,1851.7969071288358,1649447363.034569,894169176.1649841,True,True,True,True
1073741824,1024 MB,1024,1048576,1 MB,32,64,1024,646.9706511789407,604.4131279749478,1251.3837791538886,1659645336.3740327,1776503147.1065357,True,True,True,True
1073741824,1024 MB,1024,1048576,1 MB,32,128,1024,644.9706511789407,306.2065639874738,951.1772151664145,1664791757.6362727,3506593098.520005,True,True,True,True
1073741824,1024 MB,1024,1048576,1 MB,32,256,1024,643.9706511789407,157.1032819937369,801.0739331726776,1667376955.8197434,6834623760.710524,True,True,True,True
1073741824,1024 MB,1024,1048576,1 MB,64,1,1024,354.97065117894067,37926.44019039664,38281.41084157558,3024874931.0227532,28311168.108835123,True,False,False,False
1073741824,1024 MB,1024,1048576,1 MB,64,2,1024,354.97065117894067,18969.220095198318,19324.19074637726,3024874931.0227532,56604426.46620967,True,False,False,False
1073741824,1024 MB,1024,1048576,1 MB,64,4,1024,354.97065117894067,9490.610047599159,9845.5806987781,3024874931.0227532,113137281.8622576,True,False,False,False
1073741824,1024 MB,1024,1048576,1 MB,64,8,1024,354.97065117894067,4751.305023799581,5106.275674978522,3024874931.0227532,225988821.72825375,True,False,False,False
1073741824,1024 MB,1024,1048576,1 MB,64,16,1024,354.97065117894067,2381.6525118997906,2736.6231630787315,3024874931.0227532,450838994.62037826,True,False,True,False
1073741824,1024 MB,1024,1048576,1 MB,64,32,1024,354.97065117894067,1196.826255949895,1551.7969071288358,3024874931.0227532,897157643.9453983,True,True,True,True
1073741824,1024 MB,1024,1048576,1 MB,64,64,1024,354.97065117894067,604.4131279749478,959.3837791538884,3024874931.0227532,1776503147.1065357,True,True,True,True
1073741824,1024 MB,1024,1048576,1 MB,64,128,1024,352.97065117894067,306.2065639874738,659.1772151664145,3042014457.614664,3506593098.520005,True,True,True,True
1073741824,1024 MB,1024,1048576,1 MB,64,256,1024,351.97065117894067,157.1032819937369,509.0739331726776,3050657264.7561836,6834623760.710524,True,True,True,True
1073741824,1024 MB,1024,1048576,1 MB,128,1,1024,206.9706511789407,37924.44019039664,38131.41084157558,5187894118.725435,28312661.13907982,True,False,False,False
1073741824,1024 MB,1024,1048576,1 MB,128,2,1024,206.9706511789407,18967.220095198318,19174.19074637726,5187894118.725435,56610395.12436644,True,False,False,False
1073741824,1024 MB,1024,1048576,1 MB,128,4,1024,206.9706511789407,9488.610047599159,9695.5806987781,5187894118.725435,113161128.82852444,True,False,False,False
1073741824,1024 MB,1024,1048576,1 MB,128,8,1024,206.9706511789407,4749.305023799581,4956.275674978522,5187894118.725435,226083988.84032413,True,False,False,False
1073741824,1024 MB,1024,1048576,1 MB,128,16,1024,206.9706511789407,2379.6525118997906,2586.6231630787315,5187894118.725435,451217906.24076474,True,False,True,False
1073741824,1024 MB,1024,1048576,1 MB,128,32,1024,206.9706511789407,1194.826255949895,1401.7969071288358,5187894118.725435,898659381.3561352,True,True,True,True
1073741824,1024 MB,1024,1048576,1 MB,128,64,1024,206.9706511789407,602.4131279749478,809.3837791538884,5187894118.725435,1782401103.391381,True,True,True,True
1073741824,1024 MB,1024,1048576,1 MB,128,128,1024,206.9706511789407,306.2065639874738,513.1772151664145,5187894118.725435,3506593098.520005,True,True,True,True
1073741824,1024 MB,1024,1048576,1 MB,128,256,1024,205.9706511789407,157.1032819937369,363.0739331726776,5213081659.227108,6834623760.710524,True,True,True,True
1073741824,1024 MB,1024,1048576,1 MB,256,1,1024,132.9706511789407,37923.44019039664,38056.41084157558,8075028696.031944,28313407.71325656,True,False,False,False
1073741824,1024 MB,1024,1048576,1 MB,256,2,1024,132.9706511789407,18966.220095198318,19099.19074637726,8075028696.031944,56613379.92549393,True,False,False,False
1073741824,1024 MB,1024,1048576,1 MB,256,4,1024,132.9706511789407,9487.610047599159,9620.5806987781,8075028696.031944,113173056.0818855,True,False,False,False
1073741824,1024 MB,1024,1048576,1 MB,256,8,1024,132.9706511789407,4748.305023799581,4881.275674978522,8075028696.031944,226131602.45985937,True,False,False,False
1073741824,1024 MB,1024,1048576,1 MB,256,16,1024,132.9706511789407,2378.6525118997906,2511.6231630787315,8075028696.031944,451407600.99608666,True,False,True,False
1073741824,1024 MB,1024,1048576,1 MB,256,32,1024,132.9706511789407,1193.826255949895,1326.7969071288358,8075028696.031944,899412136.940859,True,True,True,True
1073741824,1024 MB,1024,1048576,1 MB,256,64,1024,132.9706511789407,601.4131279749478,734.3837791538884,8075028696.031944,1785364791.7787511,True,True,True,True
1073741824,1024 MB,1024,1048576,1 MB,256,128,1024,132.9706511789407,305.2065639874738,438.1772151664145,8075028696.031944,3518082343.877991,True,True,True,True
1073741824,1024 MB,1024,1048576,1 MB,256,256,1024,132.9706511789407,157.1032819937369,290.0739331726776,8075028696.031944,6834623760.710524,True,True,True,True
1073741824,1024 MB,1024,4194304,4 MB,1,1,256,75834.97065117894,152689.76076158657,228524.7314127655,14158927.138495669,7032179.621242357,False,False,False,False
1073741824,1024 MB,1024,4194304,4 MB,1,2,256,75322.97065117894,76348.88038079327,151671.8510319722,14255170.962023046,14063622.395569747,False,False,False,False
1073741824,1024 MB,1024,4194304,4 MB,1,4,256,75066.97065117894,38178.440190396635,113245.41084157558,14303785.202542162,28124297.866681516,False,False,False,False
1073741824,1024 MB,1024,4194304,4 MB,1,8,256,74938.97065117894,19093.220095198325,94032.19074637727,14328216.876609953,56236811.73978772,False,False,False,False
1073741824,1024 MB,1024,4194304,4 MB,1,16,256,74874.97065117894,9550.610047599162,84425.5806987781,14340464.03840685,112426517.11760736,False,False,False,False
1073741824,1024 MB,1024,4194304,4 MB,1,32,256,74842.97065117894,4779.30502379958,79622.27567497852,14346595.47393428,224664845.3390338,False,False,False,False
1073741824,1024 MB,1024,4194304,4 MB,1,64,256,74826.97065117894,2393.652511899791,77220.62316307874,14349663.158294417,448578821.972699,False,False,False,False
1073741824,1024 MB,1024,4194304,4 MB,1,128,256,74818.97065117894,1200.8262559498953,76019.79690712884,14351197.492491575,894169176.164984,False,True,False,False
1073741824,1024 MB,1024,4194304,4 MB,1,256,256,74814.97065117894,604.4131279749477,75419.38377915388,14351964.782640463,1776503147.1065361,False,True,False,False
1073741824,1024 MB,1024,4194304,4 MB,2,1,256,37946.97065117894,152177.76076158657,190124.7314127655,28295850.90915922,7055839.293641644,False,False,False,False
1073741824,1024 MB,1024,4194304,4 MB,2,2,256,37946.97065117894,76348.88038079327,114295.85103197221,28295850.90915922,14063622.395569747,False,False,False,False
1073741824,1024 MB,1024,4194304,4 MB,2,4,256,37690.97065117894,38178.440190396635,75869.41084157558,28488038.52618251,28124297.866681516,False,False,False,False
1073741824,1024 MB,1024,4194304,4 MB,2,8,256,37562.97065117894,19093.220095198325,56656.190746377266,28585114.685712423,56236811.73978772,False,False,False,False
1073741824,1024 MB,1024,4194304,4 MB,2,16,256,37498.97065117894,9550.610047599162,47049.5806987781,28633901.28726753,112426517.11760736,False,False,False,False
1073741824,1024 MB,1024,4194304,4 MB,2,32,256,37466.97065117894,4779.30502379958,42246.27567497852,28658357.089945663,224664845.3390338,False,False,False,False
1073741824,1024 MB,1024,4194304,4 MB,2,64,256,37450.97065117894,2393.652511899791,39844.62316307873,28670600.66348905,448578821.972699,False,False,False,False
1073741824,1024 MB,1024,4194304,4 MB,2,128,256,37442.97065117894,1200.8262559498953,38643.79690712884,28676726.3741717,894169176.164984,False,True,False,False
1073741824,1024 MB,1024,4194304,4 MB,2,256,256,37438.97065117894,604.4131279749477,38043.38377915389,28679790.211224414,1776503147.1065361,False,True,False,False
1073741824,1024 MB,1024,4194304,4 MB,4,1,256,19002.97065117894,151921.76076158657,170924.7314127655,56503893.191740796,7067728.932427538,False,False,False,False
1073741824,1024 MB,1024,4194304,4 MB,4,2,256,19002.97065117894,76092.88038079327,95095.85103197221,56503893.191740796,14110936.773935355,False,False,False,False
1073741824,1024 MB,1024,4194304,4 MB,4,4,256,19002.97065117894,38178.440190396635,57181.410841575576,56503893.191740796,28124297.866681516,False,False,False,False
1073741824,1024 MB,1024,4194304,4 MB,4,8,256,18874.97065117894,19093.220095198325,37968.190746377266,56887072.50694101,56236811.73978772,False,False,False,False
1073741824,1024 MB,1024,4194304,4 MB,4,16,256,18810.97065117894,9550.610047599162,28361.580698778103,57080617.683740065,112426517.11760736,False,False,False,False
1073741824,1024 MB,1024,4194304,4 MB,4,32,256,18778.97065117894,4779.30502379958,23558.275674978522,57177884.983413115,224664845.3390338,False,False,False,False
1073741824,1024 MB,1024,4194304,4 MB,4,64,256,18762.97065117894,2393.652511899791,21156.623163078733,57226643.04932616,448578821.972699,False,False,False,False
1073741824,1024 MB,1024,4194304,4 MB,4,128,256,18754.97065117894,1200.8262559498953,19955.796907128835,57251053.27917452,894169176.164984,False,True,False,False
1073741824,1024 MB,1024,4194304,4 MB,4,256,256,18750.97065117894,604.4131279749477,19355.38377915389,57263266.20496789,1776503147.1065361,False,True,False,False
1073741824,1024 MB,1024,4194304,4 MB,8,1,256,9530.97065117894,151793.76076158657,161324.7314127655,112658181.76317464,7073688.790716914,False,False,False,False
1073741824,1024 MB,1024,4194304,4 MB,8,2,256,9530.97065117894,75964.88038079327,85495.85103197221,112658181.76317464,14134713.549440164,False,False,False,False
1073741824,1024 MB,1024,4194304,4 MB,8,4,256,9530.97065117894,38050.440190396635,47581.410841575576,112658181.76317464,28218906.762371607,False,False,False,False
1073741824,1024 MB,1024,4194304,4 MB,8,8,256,9530.97065117894,19093.220095198325,28624.190746377266,112658181.76317464,56236811.73978772,False,False,False,False
1073741824,1024 MB,1024,4194304,4 MB,8,16,256,9466.97065117894,9550.610047599162,19017.580698778103,113419790.08525655,112426517.11760736,False,False,False,False
1073741824,1024 MB,1024,4194304,4 MB,8,32,256,9434.97065117894,4779.30502379958,14214.275674978522,113804468.8952828,224664845.3390338,False,False,False,False
1073741824,1024 MB,1024,4194304,4 MB,8,64,256,9418.97065117894,2393.652511899791,11812.623163078732,113997788.48080425,448578821.972699,False,False,False,False
1073741824,1024 MB,1024,4194304,4 MB,8,128,256,9410.97065117894,1200.8262559498953,10611.796907128835,114094694.77683358,894169176.164984,False,True,False,False
1073741824,1024 MB,1024,4194304,4 MB,8,256,256,9406.97065117894,604.4131279749477,10011.383779153888,114143209.73409563,1776503147.1065361,False,True,False,False
1073741824,1024 MB,1024,4194304,4 MB,16,1,256,4794.970651178941,151729.76076158657,156524.7314127655,223930843.817782,7076672.49068674,False,False,False,False
1073741824,1024 MB,1024,4194304,4 MB,16,2,256,4794.970651178941,75900.88038079327,80695.85103197221,223930843.817782,14146632.010235688,False,False,False,False
1073741824,1024 MB,1024,4194304,4 MB,16,4,256,4794.970651178941,37986.440190396635,42781.410841575576,223930843.817782,28266450.307482433,False,False,False,False
1073741824,1024 MB,1024,4194304,4 MB,16,8,256,4794.970651178941,19029.220095198325,23824.190746377266,223930843.817782,56425950.12451083,False,False,False,False
1073741824,1024 MB,1024,4194304,4 MB,16,16,256,4794.970651178941,9550.610047599162,14345.580698778103,223930843.817782,112426517.11760736,False,False,False,False
1073741824,1024 MB,1024,4194304,4 MB,16,32,256,4762.970651178941,4779.30502379958,9542.275674978522,225435322.3306604,224664845.3390338,False,False,False,False
1073741824,1024 MB,1024,4194304,4 MB,16,64,256,4746.970651178941,2393.652511899791,7140.6231630787315,226195168.01380038,448578821.972699,False,False,False,False
1073741824,1024 MB,1024,4194304,4 MB,16,128,256,4738.970651178941,1200.8262559498953,5939.796907128836,226577014.93316466,894169176.164984,False,True,False,False
1073741824,1024 MB,1024,4194304,4 MB,16,256,256,4734.970651178941,604.4131279749477,5339.383779153888,226768422.2567786,1776503147.1065361,False,True,False,False
1073741824,1024 MB,1024,4194304,4 MB,32,1,256,2426.970651178941,151697.76076158657,154124.7314127655,442420605.0775325,7078165.284769955,False,False,False,False
1073741824,1024 MB,1024,4194304,4 MB,32,2,256,2426.970651178941,75868.88038079327,78295.85103197221,442420605.0775325,14152598.78109161,False,False,False,False
1073741824,1024 MB,1024,4194304,4 MB,32,4,256,2426.970651178941,37954.440190396635,40381.410841575576,442420605.0775325,28290282.20713111,False,False,False,False
1073741824,1024 MB,1024,4194304,4 MB,32,8,256,2426.970651178941,18997.220095198325,21424.190746377266,442420605.0775325,56520997.21008103,False,False,False,False
1073741824,1024 MB,1024,4194304,4 MB,32,16,256,2426.970651178941,9518.610047599162,11945.580698778103,442420605.0775325,112804476.56019118,False,False,False,False
1073741824,1024 MB,1024,4194304,4 MB,32,32,256,2426.970651178941,4779.30502379958,7206.275674978521,442420605.0775325,224664845.3390338,False,False,False,False
1073741824,1024 MB,1024,4194304,4 MB,32,64,256,2410.970651178941,2393.652511899791,4804.6231630787315,445356654.78754413,448578821.972699,False,False,False,False
1073741824,1024 MB,1024,4194304,4 MB,32,128,256,2402.970651178941,1200.8262559498953,3603.796907128836,446839341.7427728,894169176.164984,False,True,True,False
1073741824,1024 MB,1024,4194304,4 MB,32,256,256,2398.970651178941,604.4131279749477,3003.3837791538886,447584393.5282512,1776503147.1065361,False,True,True,False
1073741824,1024 MB,1024,4194304,4 MB,64,1,256,1242.9706511789407,151681.76076158657,152924.7314127655,863851308.9440773,7078911.918010417,True,False,False,False
1073741824,1024 MB,1024,4194304,4 MB,64,2,256,1242.9706511789407,75852.88038079327,77095.85103197221,863851308.9440773,14155584.054417564,True,False,False,False
1073741824,1024 MB,1024,4194304,4 MB,64,4,256,1242.9706511789407,37938.440190396635,39181.410841575576,863851308.9440773,28302213.233104836,True,False,False,False
1073741824,1024 MB,1024,4194304,4 MB,64,8,256,1242.9706511789407,18981.220095198325,20224.190746377266,863851308.9440773,56568640.93112878,True,False,False,False
1073741824,1024 MB,1024,4194304,4 MB,64,16,256,1242.9706511789407,9502.610047599162,10745.580698778103,863851308.9440773,112994410.86412688,True,False,False,False
1073741824,1024 MB,1024,4194304,4 MB,64,32,256,1242.9706511789407,4763.30502379958,6006.275674978521,863851308.9440773,225419497.3101892,True,False,False,False
1073741824,1024 MB,1024,4194304,4 MB,64,64,256,1242.9706511789407,2393.652511899791,3636.6231630787315,863851308.9440773,448578821.972699,True,False,True,False
1073741824,1024 MB,1024,4194304,4 MB,64,128,256,1234.9706511789407,1200.8262559498953,2435.796907128836,869447239.8797277,894169176.164984,True,True,True,True
1073741824,1024 MB,1024,4194304,4 MB,64,256,256,1230.9706511789407,604.4131279749477,1835.3837791538883,872272481.0470847,1776503147.1065361,True,True,True,True
1073741824,1024 MB,1024,4194304,4 MB,128,1,256,650.9706511789407,151673.76076158657,152324.7314127655,1649447363.034569,7079285.293702163,True,False,False,False
1073741824,1024 MB,1024,4194304,4 MB,128,2,256,650.9706511789407,75844.88038079327,76495.85103197221,1649447363.034569,14157077.163403518,True,False,False,False
1073741824,1024 MB,1024,4194304,4 MB,128,4,256,650.9706511789407,37930.440190396635,38581.410841575576,1649447363.034569,28308182.520693596,True,False,False,False
1073741824,1024 MB,1024,4194304,4 MB,128,8,256,650.9706511789407,18973.220095198325,19624.190746377266,1649447363.034569,56592492.9248957,True,False,False,False
1073741824,1024 MB,1024,4194304,4 MB,128,16,256,650.9706511789407,9494.610047599162,10145.580698778103,1649447363.034569,113089618.06930764,True,False,False,False
1073741824,1024 MB,1024,4194304,4 MB,128,32,256,650.9706511789407,4755.30502379958,5406.275674978521,1649447363.034569,225798727.65807557,True,False,False,False
1073741824,1024 MB,1024,4194304,4 MB,128,64,256,650.9706511789407,2385.652511899791,3036.6231630787315,1649447363.034569,450083077.3317176,True,False,True,False
1073741824,1024 MB,1024,4194304,4 MB,128,128,256,650.9706511789407,1200.8262559498953,1851.796907128836,1649447363.034569,894169176.164984,True,True,True,True
1073741824,1024 MB,1024,4194304,4 MB,128,256,256,646.9706511789407,604.4131279749477,1251.3837791538883,1659645336.3740327,1776503147.1065361,True,True,True,True
1073741824,1024 MB,1024,4194304,4 MB,256,1,256,354.97065117894067,151669.76076158657,152024.7314127655,3024874931.0227532,7079471.996318642,True,False,False,False
1073741824,1024 MB,1024,4194304,4 MB,256,2,256,354.97065117894067,75840.88038079327,76195.85103197221,3024874931.0227532,14157823.836020838,True,False,False,False
1073741824,1024 MB,1024,4194304,4 MB,256,4,256,354.97065117894067,37926.440190396635,38281.410841575576,3024874931.0227532,28311168.108835127,True,False,False,False
1073741824,1024 MB,1024,4194304,4 MB,256,8,256,354.97065117894067,18969.220095198325,19324.190746377266,3024874931.0227532,56604426.46620965,True,False,False,False
1073741824,1024 MB,1024,4194304,4 MB,256,16,256,354.97065117894067,9490.610047599162,9845.580698778103,3024874931.0227532,113137281.86225756,True,False,False,False
1073741824,1024 MB,1024,4194304,4 MB,256,32,256,354.97065117894067,4751.30502379958,5106.275674978521,3024874931.0227532,225988821.72825378,True,False,False,False
1073741824,1024 MB,1024,4194304,4 MB,256,64,256,354.97065117894067,2381.652511899791,2736.6231630787315,3024874931.0227532,450838994.6203782,True,False,True,False
1073741824,1024 MB,1024,4194304,4 MB,256,128,256,354.97065117894067,1196.8262559498953,1551.796907128836,3024874931.0227532,897157643.9453981,True,True,True,True
1073741824,1024 MB,1024,4194304,4 MB,256,256,256,354.97065117894067,604.4131279749477,959.3837791538883,3024874931.0227532,1776503147.1065361,True,True,True,True
1073741824,1024 MB,1024,16777216,16 MB,1,1,64,303162.9706511789,610735.0430463463,913898.0136975253,3541797.409141546,1758113.9910429504,False,False,False,False
1073741824,1024 MB,1024,16777216,16 MB,1,2,64,301114.9706511789,305371.5215231731,606486.492174352,3565886.5505025205,3516181.9237244073,False,False,False,False
1073741824,1024 MB,1024,16777216,16 MB,1,4,64,300090.9706511789,152689.76076158654,452780.73141276545,3578054.4201981365,7032179.621242358,False,False,False,False
1073741824,1024 MB,1024,16777216,16 MB,1,8,64,299578.9706511789,76348.8803807933,375927.8510319722,3584169.54857033,14063622.395569742,False,False,False,False
1073741824,1024 MB,1024,16777216,16 MB,1,16,64,299322.9706511789,38178.44019039665,337501.4108415756,3587234.957825215,28124297.86668151,False,False,False,False
1073741824,1024 MB,1024,16777216,16 MB,1,32,64,299194.9706511789,19093.22009519832,318288.1907463772,3588769.629593268,56236811.73978773,False,False,False,False
1073741824,1024 MB,1024,16777216,16 MB,1,64,64,299130.9706511789,9550.610047599164,308681.5806987781,3589537.457998979,112426517.11760733,False,False,False,False
1073741824,1024 MB,1024,16777216,16 MB,1,128,64,299098.9706511789,4779.305023799581,303878.2756749785,3589921.495424471,224664845.33903378,False,False,False,False
1073741824,1024 MB,1024,16777216,16 MB,1,256,64,299082.9706511789,2393.6525118997906,301476.6231630787,3590113.5449544108,448578821.97269905,False,False,False,False
1073741824,1024 MB,1024,16777216,16 MB,2,1,64,151610.97065117894,608687.0430463463,760298.0136975253,7082217.199640694,1764029.3748100102,False,False,False,False
1073741824,1024 MB,1024,16777216,16 MB,2,2,64,151610.97065117894,305371.5215231731,456982.49217435205,7082217.199640694,3516181.9237244073,False,False,False,False
1073741824,1024 MB,1024,16777216,16 MB,2,4,64,150586.97065117894,152689.76076158654,303276.73141276545,7130376.681042516,7032179.621242358,False,False,False,False
1073741824,1024 MB,1024,16777216,16 MB,2,8,64,150074.97065117894,76348.8803807933,226423.85103197224,7154702.875109741,14063622.395569742,False,False,False,False
1073741824,1024 MB,1024,16777216,16 MB,2,16,64,149818.97065117894,38178.44019039665,187997.4108415756,7166928.3224484,28124297.86668151,False,False,False,False
1073741824,1024 MB,1024,16777216,16 MB,2,32,64,149690.97065117894,19093.22009519832,168784.19074637725,7173056.726996001,56236811.73978773,False,False,False,False
1073741824,1024 MB,1024,16777216,16 MB,2,64,64,149626.97065117894,9550.610047599164,159177.5806987781,7176124.861226948,112426517.11760733,False,False,False,False
1073741824,1024 MB,1024,16777216,16 MB,2,128,64,149594.97065117894,4779.305023799581,154374.27567497853,7177659.912803612,224664845.33903378,False,False,False,False
1073741824,1024 MB,1024,16777216,16 MB,2,256,64,149578.97065117894,2393.6525118997906,151972.62316307874,7178427.684891527,448578821.97269905,False,False,False,False
1073741824,1024 MB,1024,16777216,16 MB,4,1,64,75834.97065117894,607663.0430463463,683498.0136975253,14158927.138495669,1767002.019107662,False,False,False,False
1073741824,1024 MB,1024,16777216,16 MB,4,2,64,75834.97065117894,304347.5215231731,380182.49217435205,14158927.138495669,3528012.380801481,False,False,False,False
1073741824,1024 MB,1024,16777216,16 MB,4,4,64,75834.97065117894,152689.76076158654,228524.73141276548,14158927.138495669,7032179.621242358,False,False,False,False
1073741824,1024 MB,1024,16777216,16 MB,4,8,64,75322.97065117894,76348.8803807933,151671.85103197224,14255170.962023046,14063622.395569742,False,False,False,False
1073741824,1024 MB,1024,16777216,16 MB,4,16,64,75066.97065117894,38178.44019039665,113245.41084157559,14303785.202542162,28124297.86668151,False,False,False,False
1073741824,1024 MB,1024,16777216,16 MB,4,32,64,74938.97065117894,19093.22009519832,94032.19074637727,14328216.876609953,56236811.73978773,False,False,False,False
1073741824,1024 MB,1024,16777216,16 MB,4,64,64,74874.97065117894,9550.610047599164,84425.58069877811,14340464.03840685,112426517.11760733,False,False,False,False
1073741824,1024 MB,1024,16777216,16 MB,4,128,64,74842.97065117894,4779.305023799581,79622.27567497852,14346595.47393428,224664845.33903378,False,False,False,False
1073741824,1024 MB,1024,16777216,16 MB,4,256,64,74826.97065117894,2393.6525118997906,77220.62316307874,14349663.158294417,448578821.97269905,False,False,False,False
1073741824,1024 MB,1024,16777216,16 MB,8,1,64,37946.97065117894,607151.0430463463,645098.0136975253,28295850.90915922,1768492.1014259658,False,False,False,False
1073741824,1024 MB,1024,16777216,16 MB,8,2,64,37946.97065117894,303835.5215231731,341782.49217435205,28295850.90915922,3533957.5129898274,False,False,False,False
1073741824,1024 MB,1024,16777216,16 MB,8,4,64,37946.97065117894,152177.76076158654,190124.73141276548,28295850.90915922,7055839.2936416445,False,False,False,False
1073741824,1024 MB,1024,16777216,16 MB,8,8,64,37946.97065117894,76348.8803807933,114295.85103197224,28295850.90915922,14063622.395569742,False,False,False,False
1073741824,1024 MB,1024,16777216,16 MB,8,16,64,37690.97065117894,38178.44019039665,75869.41084157559,28488038.52618251,28124297.86668151,False,False,False,False
1073741824,1024 MB,1024,16777216,16 MB,8,32,64,37562.97065117894,19093.22009519832,56656.190746377266,28585114.685712423,56236811.73978773,False,False,False,False
1073741824,1024 MB,1024,16777216,16 MB,8,64,64,37498.97065117894,9550.610047599164,47049.5806987781,28633901.28726753,112426517.11760733,False,False,False,False
1073741824,1024 MB,1024,16777216,16 MB,8,128,64,37466.97065117894,4779.305023799581,42246.27567497852,28658357.089945663,224664845.33903378,False,False,False,False
1073741824,1024 MB,1024,16777216,16 MB,8,256,64,37450.97065117894,2393.6525118997906,39844.62316307873,28670600.66348905,448578821.97269905,False,False,False,False
1073741824,1024 MB,1024,16777216,16 MB,16,1,64,19002.97065117894,606895.0430463463,625898.0136975253,56503893.191740796,1769238.085403183,False,False,False,False
1073741824,1024 MB,1024,16777216,16 MB,16,2,64,19002.97065117894,303579.5215231731,322582.49217435205,56503893.191740796,3536937.5991260274,False,False,False,False
1073741824,1024 MB,1024,16777216,16 MB,16,4,64,19002.97065117894,151921.76076158654,170924.73141276548,56503893.191740796,7067728.932427539,False,False,False,False
1073741824,1024 MB,1024,16777216,16 MB,16,8,64,19002.97065117894,76092.8803807933,95095.85103197224,56503893.191740796,14110936.773935352,False,False,False,False
1073741824,1024 MB,1024,16777216,16 MB,16,16,64,19002.97065117894,38178.44019039665,57181.41084157559,56503893.191740796,28124297.86668151,False,False,False,False
1073741824,1024 MB,1024,16777216,16 MB,16,32,64,18874.97065117894,19093.22009519832,37968.190746377266,56887072.50694101,56236811.73978773,False,False,False,False
1073741824,1024 MB,1024,16777216,16 MB,16,64,64,18810.97065117894,9550.610047599164,28361.580698778103,57080617.683740065,112426517.11760733,False,False,False,False
1073741824,1024 MB,1024,16777216,16 MB,16,128,64,18778.97065117894,4779.305023799581,23558.275674978522,57177884.983413115,224664845.33903378,False,False,False,False
1073741824,1024 MB,1024,16777216,16 MB,16,256,64,18762.97065117894,2393.6525118997906,21156.62316307873,57226643.04932616,448578821.97269905,False,False,False,False
1073741824,1024 MB,1024,16777216,16 MB,32,1,64,9530.97065117894,606767.0430463463,616298.0136975253,112658181.76317464,1769611.3134443676,False,False,False,False
1073741824,1024 MB,1024,16777216,16 MB,32,2,64,9530.97065117894,303451.5215231731,312982.49217435205,112658181.76317464,3538429.527755733,False,False,False,False
1073741824,1024 MB,1024,16777216,16 MB,32,4,64,9530.97065117894,151793.76076158654,161324.73141276548,112658181.76317464,7073688.790716915,False,False,False,False
1073741824,1024 MB,1024,16777216,16 MB,32,8,64,9530.97065117894,75964.8803807933,85495.85103197224,112658181.76317464,14134713.549440159,False,False,False,False
1073741824,1024 MB,1024,16777216,16 MB,32,16,64,9530.97065117894,38050.44019039665,47581.41084157559,112658181.76317464,28218906.762371596,False,False,False,False
1073741824,1024 MB,1024,16777216,16 MB,32,32,64,9530.97065117894,19093.22009519832,28624.190746377262,112658181.76317464,56236811.73978773,False,False,False,False
1073741824,1024 MB,1024,16777216,16 MB,32,64,64,9466.97065117894,9550.610047599164,19017.580698778103,113419790.08525655,112426517.11760733,False,False,False,False
1073741824,1024 MB,1024,16777216,16 MB,32,128,64,9434.97065117894,4779.305023799581,14214.275674978522,113804468.8952828,224664845.33903378,False,False,False,False
1073741824,1024 MB,1024,16777216,16 MB,32,256,64,9418.97065117894,2393.6525118997906,11812.623163078732,113997788.48080425,448578821.97269905,False,False,False,False
1073741824,1024 MB,1024,16777216,16 MB,64,1,64,4794.970651178941,606703.0430463463,611498.0136975253,223930843.817782,1769797.9865216804,False,False,False,False
1073741824,1024 MB,1024,16777216,16 MB,64,2,64,4794.970651178941,303387.5215231731,308182.49217435205,223930843.817782,3539175.9641570705,False,False,False,False
1073741824,1024 MB,1024,16777216,16 MB,64,4,64,4794.970651178941,151729.76076158654,156524.73141276548,223930843.817782,7076672.490686742,False,False,False,False
1073741824,1024 MB,1024,16777216,16 MB,64,8,64,4794.970651178941,75900.8803807933,80695.85103197224,223930843.817782,14146632.010235684,False,False,False,False
1073741824,1024 MB,1024,16777216,16 MB,64,16,64,4794.970651178941,37986.44019039665,42781.41084157559,223930843.817782,28266450.30748242,False,False,False,False
1073741824,1024 MB,1024,16777216,16 MB,64,32,64,4794.970651178941,19029.22009519832,23824.190746377262,223930843.817782,56425950.12451084,False,False,False,False
1073741824,1024 MB,1024,16777216,16 MB,64,64,64,4794.970651178941,9550.610047599164,14345.580698778105,223930843.817782,112426517.11760733,False,False,False,False
1073741824,1024 MB,1024,16777216,16 MB,64,128,64,4762.970651178941,4779.305023799581,9542.275674978522,225435322.3306604,224664845.33903378,False,False,False,False
1073741824,1024 MB,1024,16777216,16 MB,64,256,64,4746.970651178941,2393.6525118997906,7140.6231630787315,226195168.01380038,448578821.97269905,False,False,False,False
1073741824,1024 MB,1024,16777216,16 MB,128,1,64,2426.970651178941,606671.0430463463,609098.0136975253,442420605.0775325,1769891.337829968,False,False,False,False
1073741824,1024 MB,1024,16777216,16 MB,128,2,64,2426.970651178941,303355.5215231731,305782.49217435205,442420605.0775325,3539549.300466508,False,False,False,False
1073741824,1024 MB,1024,16777216,16 MB,128,4,64,2426.970651178941,151697.76076158654,154124.73141276548,442420605.0775325,7078165.284769956,False,False,False,False
1073741824,1024 MB,1024,16777216,16 MB,128,8,64,2426.970651178941,75868.8803807933,78295.85103197224,442420605.0775325,14152598.781091604,False,False,False,False
1073741824,1024 MB,1024,16777216,16 MB,128,16,64,2426.970651178941,37954.44019039665,40381.41084157559,442420605.0775325,28290282.207131103,False,False,False,False
1073741824,1024 MB,1024,16777216,16 MB,128,32,64,2426.970651178941,18997.22009519832,21424.190746377262,442420605.0775325,56520997.21008105,False,False,False,False
1073741824,1024 MB,1024,16777216,16 MB,128,64,64,2426.970651178941,9518.610047599164,11945.580698778105,442420605.0775325,112804476.56019115,False,False,False,False
1073741824,1024 MB,1024,16777216,16 MB,128,128,64,2426.970651178941,4779.305023799581,7206.275674978522,442420605.0775325,224664845.33903378,False,False,False,False
1073741824,1024 MB,1024,16777216,16 MB,128,256,64,2410.970651178941,2393.6525118997906,4804.6231630787315,445356654.78754413,448578821.97269905,False,False,False,False
1073741824,1024 MB,1024,16777216,16 MB,256,1,64,1242.9706511789407,606655.0430463463,607898.0136975253,863851308.9440773,1769938.0171772018,True,False,False,False
1073741824,1024 MB,1024,16777216,16 MB,256,2,64,1242.9706511789407,303339.5215231731,304582.492174352,863851308.9440773,3539735.9981593215,True,False,False,False
1073741824,1024 MB,1024,16777216,16 MB,256,4,64,1242.9706511789407,151681.76076158654,152924.73141276548,863851308.9440773,7078911.918010419,True,False,False,False
1073741824,1024 MB,1024,16777216,16 MB,256,8,64,1242.9706511789407,75852.8803807933,77095.85103197224,863851308.9440773,14155584.054417558,True,False,False,False
1073741824,1024 MB,1024,16777216,16 MB,256,16,64,1242.9706511789407,37938.44019039665,39181.41084157559,863851308.9440773,28302213.233104825,True,False,False,False
1073741824,1024 MB,1024,16777216,16 MB,256,32,64,1242.9706511789407,18981.22009519832,20224.190746377262,863851308.9440773,56568640.931128785,True,False,False,False
1073741824,1024 MB,1024,16777216,16 MB,256,64,64,1242.9706511789407,9502.610047599164,10745.580698778105,863851308.9440773,112994410.86412685,True,False,False,False
1073741824,1024 MB,1024,16777216,16 MB,256,128,64,1242.9706511789407,4763.305023799581,6006.275674978522,863851308.9440773,225419497.31018913,True,False,False,False
1073741824,1024 MB,1024,16777216,16 MB,256,256,64,1242.9706511789407,2393.6525118997906,3636.6231630787315,863851308.9440773,448578821.97269905,True,False,True,False
1073741824,1024 MB,2048,65536,64 KB,1,1,16384,9943.765209431525,19149.22009519832,29092.985304629845,107981413.61800966,56072352.746587396,False,False,False,False
1073741824,1024 MB,2048,65536,64 KB,1,2,16384,9879.765209431525,9606.610047599159,19486.375257030682,108680904.98496597,111771147.02062304,False,False,False,False
1073741824,1024 MB,2048,65536,64 KB,1,4,16384,9847.765209431525,4835.305023799579,14683.070233231105,109034060.13088559,222062893.3883171,False,False,False,False
1073741824,1024 MB,2048,65536,64 KB,1,8,16384,9831.765209431525,2449.6525118997906,12281.417721331316,109211499.77930403,438324137.31500065,False,False,False,False
1073741824,1024 MB,2048,65536,64 KB,1,16,16384,9823.765209431525,1256.8262559498953,11080.591465381422,109300436.35093498,854327970.0888155,False,True,False,False
1073741824,1024 MB,2048,65536,64 KB,1,32,16384,9819.765209431525,660.4131279749475,10480.178337406473,109344958.97811389,1625863839.6430118,False,True,False,False
1073741824,1024 MB,2048,65536,64 KB,1,64,16384,9817.765209431525,362.2065639874739,10179.971773419,109367233.89641668,2964446066.8502216,False,True,False,False
1073741824,1024 MB,2048,65536,64 KB,1,128,16384,9816.765209431525,213.1032819937369,10029.868491425263,109378374.75917171,5038598251.300312,False,True,False,False
1073741824,1024 MB,2048,65536,64 KB,1,256,16384,9816.265209431525,138.55164099686846,9954.816850428393,109383946.04175349,7749758979.933473,False,True,False,False
1073741824,1024 MB,2048,65536,64 KB,2,1,16384,5207.765209431525,19085.22009519832,24292.985304629845,206180920.37932113,56260384.66646472,False,False,False,False
1073741824,1024 MB,2048,65536,64 KB,2,2,16384,5207.765209431525,9606.610047599159,14814.375257030684,206180920.37932113,111771147.02062304,False,False,False,False
1073741824,1024 MB,2048,65536,64 KB,2,4,16384,5175.765209431525,4835.305023799579,10011.070233231105,207455667.0467541,222062893.3883171,False,False,False,False
1073741824,1024 MB,2048,65536,64 KB,2,8,16384,5159.765209431525,2449.6525118997906,7609.417721331316,208098969.70453408,438324137.31500065,False,False,False,False
1073741824,1024 MB,2048,65536,64 KB,2,16,16384,5151.765209431525,1256.8262559498953,6408.591465381421,208422119.47746792,854327970.0888155,False,True,False,False
1073741824,1024 MB,2048,65536,64 KB,2,32,16384,5147.765209431525,660.4131279749475,5808.178337406473,208584071.0125501,1625863839.6430118,False,True,False,False
1073741824,1024 MB,2048,65536,64 KB,2,64,16384,5145.765209431525,362.2065639874739,5507.971773418999,208665141.1984304,2964446066.8502216,False,True,False,False
1073741824,1024 MB,2048,65536,64 KB,2,128,16384,5144.765209431525,213.1032819937369,5357.868491425263,208705699.92807192,5038598251.300312,False,True,False,False
1073741824,1024 MB,2048,65536,64 KB,2,256,16384,5144.265209431525,138.55164099686846,5282.816850428394,208725985.20608845,7749758979.933473,False,True,False,False
1073741824,1024 MB,2048,65536,64 KB,4,1,16384,2839.7652094315254,19053.22009519832,21892.985304629845,378109366.37784415,56354874.3275473,False,False,False,False
1073741824,1024 MB,2048,65536,64 KB,4,2,16384,2839.7652094315254,9574.610047599159,12414.375257030684,378109366.37784415,112144705.4931748,False,False,False,False
1073741824,1024 MB,2048,65536,64 KB,4,4,16384,2839.7652094315254,4835.305023799579,7675.070233231105,378109366.37784415,222062893.3883171,False,False,False,False
1073741824,1024 MB,2048,65536,64 KB,4,8,16384,2823.7652094315254,2449.6525118997906,5273.417721331316,380251807.201833,438324137.31500065,False,False,False,False
1073741824,1024 MB,2048,65536,64 KB,4,16,16384,2815.7652094315254,1256.8262559498953,4072.5914653814207,381332158.09452295,854327970.0888155,False,True,True,False
1073741824,1024 MB,2048,65536,64 KB,4,32,16384,2811.7652094315254,660.4131279749475,3472.178337406473,381874638.8917324,1625863839.6430118,False,True,True,False
1073741824,1024 MB,2048,65536,64 KB,4,64,16384,2809.7652094315254,362.2065639874739,3171.9717734189994,382146458.4997266,2964446066.8502216,False,True,True,False
1073741824,1024 MB,2048,65536,64 KB,4,128,16384,2808.7652094315254,213.1032819937369,3021.868491425262,382282513.46694726,5038598251.300312,False,True,True,False
1073741824,1024 MB,2048,65536,64 KB,4,256,16384,2808.2652094315254,138.55164099686846,2946.816850428394,382350577.28659344,7749758979.933473,False,True,True,False
1073741824,1024 MB,2048,65536,64 KB,8,1,16384,1655.7652094315256,19037.22009519832,20692.98530462985,648486764.8406794,56402238.2800956,True,False,False,False
1073741824,1024 MB,2048,65536,64 KB,8,2,16384,1655.7652094315256,9558.610047599159,11214.375257030684,648486764.8406794,112332422.66951694,True,False,False,False
1073741824,1024 MB,2048,65536,64 KB,8,4,16384,1655.7652094315256,4819.305023799579,6475.070233231105,648486764.8406794,222800137.92392275,True,False,False,False
1073741824,1024 MB,2048,65536,64 KB,8,8,16384,1655.7652094315256,2449.6525118997906,4105.417721331316,648486764.8406794,438324137.31500065,True,False,True,False
1073741824,1024 MB,2048,65536,64 KB,8,16,16384,1647.7652094315256,1256.8262559498953,2904.5914653814207,651635207.4033885,854327970.0888155,True,True,True,True
1073741824,1024 MB,2048,65536,64 KB,8,32,16384,1643.7652094315256,660.4131279749475,2304.178337406473,653220920.992323,1625863839.6430118,True,True,True,True
1073741824,1024 MB,2048,65536,64 KB,8,64,16384,1641.7652094315256,362.2065639874739,2003.9717734189994,654016675.3635812,2964446066.8502216,True,True,True,True
1073741824,1024 MB,2048,65536,64 KB,8,128,16384,1640.7652094315256,213.1032819937369,1853.8684914252626,654415280.0338925,5038598251.300312,True,True,True,True
1073741824,1024 MB,2048,65536,64 KB,8,256,16384,1640.2652094315256,138.55164099686846,1778.816850428394,654614764.6282955,7749758979.933473,True,True,True,True
1073741824,1024 MB,2048,65536,64 KB,16,1,16384,1063.7652094315256,19029.22009519832,20092.98530462985,1009378587.003993,56425950.12451084,True,False,False,False
1073741824,1024 MB,2048,65536,64 KB,16,2,16384,1063.7652094315256,9550.610047599159,10614.375257030684,1009378587.003993,112426517.11760738,True,False,False,False
1073741824,1024 MB,2048,65536,64 KB,16,4,16384,1063.7652094315256,4811.305023799579,5875.070233231105,1009378587.003993,223170598.972344,True,False,False,False
1073741824,1024 MB,2048,65536,64 KB,16,8,16384,1063.7652094315256,2441.6525118997906,3505.417721331316,1009378587.003993,439760292.9847489,True,False,True,False
1073741824,1024 MB,2048,65536,64 KB,16,16,16384,1063.7652094315256,1256.8262559498953,2320.5914653814207,1009378587.003993,854327970.0888155,True,True,True,True
1073741824,1024 MB,2048,65536,64 KB,16,32,16384,1059.7652094315256,660.4131279749475,1720.178337406473,1013188406.6811098,1625863839.6430118,True,True,True,True
1073741824,1024 MB,2048,65536,64 KB,16,64,16384,1057.7652094315256,362.2065639874739,1419.9717734189994,1015104121.8089039,2964446066.8502216,True,True,True,True
1073741824,1024 MB,2048,65536,64 KB,16,128,16384,1056.7652094315256,213.1032819937369,1269.8684914252626,1016064698.5886362,5038598251.300312,True,True,True,True
1073741824,1024 MB,2048,65536,64 KB,16,256,16384,1056.2652094315256,138.55164099686846,1194.816850428394,1016545669.0350335,7749758979.933473,True,True,True,True
1073741824,1024 MB,2048,65536,64 KB,32,1,16384,767.7652094315256,19025.22009519832,19792.98530462985,1398528887.2297664,56437813.52474321,True,False,False,False
1073741824,1024 MB,2048,65536,64 KB,32,2,16384,767.7652094315256,9546.610047599159,10314.375257030684,1398528887.2297664,112473623.47957548,True,False,False,False
1073741824,1024 MB,2048,65536,64 KB,32,4,16384,767.7652094315256,4807.305023799579,5575.070233231105,1398528887.2297664,223356291.86918953,True,False,False,False
1073741824,1024 MB,2048,65536,64 KB,32,8,16384,767.7652094315256,2437.6525118997906,3205.417721331316,1398528887.2297664,440481905.75086385,True,False,True,False
1073741824,1024 MB,2048,65536,64 KB,32,16,16384,767.7652094315256,1252.8262559498953,2020.591465381421,1398528887.2297664,857055652.2906578,True,True,True,True
1073741824,1024 MB,2048,65536,64 KB,32,32,16384,767.7652094315256,660.4131279749475,1428.178337406473,1398528887.2297664,1625863839.6430118,True,True,True,True
1073741824,1024 MB,2048,65536,64 KB,32,64,16384,765.7652094315256,362.2065639874739,1127.9717734189994,1402181518.2712522,2964446066.8502216,True,True,True,True
1073741824,1024 MB,2048,65536,64 KB,32,128,16384,764.7652094315256,213.1032819937369,977.8684914252625,1404014998.0124574,5038598251.300312,True,True,True,True
1073741824,1024 MB,2048,65536,64 KB,32,256,16384,764.2652094315256,138.55164099686846,902.816850428394,1404933537.1404238,7749758979.933473,True,True,True,True
1073741824,1024 MB,2048,65536,64 KB,64,1,16384,619.7652094315256,19023.22009519832,19642.98530462985,1732497738.9177437,56443747.09574141,True,False,False,False
1073741824,1024 MB,2048,65536,64 KB,64,2,16384,619.7652094315256,9544.610047599159,10164.375257030684,1732497738.9177437,112497191.46672606,True,False,False,False
1073741824,1024 MB,2048,65536,64 KB,64,4,16384,619.7652094315256,4805.305023799579,5425.070233231105,1732497738.9177437,223449254.2475455,True,False,False,False
1073741824,1024 MB,2048,65536,64 KB,64,8,16384,619.7652094315256,2435.6525118997906,3055.417721331316,1732497738.9177437,440843600.94638026,True,False,True,False
1073741824,1024 MB,2048,65536,64 KB,64,16,16384,619.7652094315256,1250.8262559498953,1870.591465381421,1732497738.9177437,858426035.5044955,True,True,True,True
1073741824,1024 MB,2048,65536,64 KB,64,32,16384,619.7652094315256,658.4131279749475,1278.178337406473,1732497738.9177437,1630802574.2172863,True,True,True,True
1073741824,1024 MB,2048,65536,64 KB,64,64,16384,619.7652094315256,362.2065639874739,981.9717734189994,1732497738.9177437,2964446066.8502216,True,True,True,True
1073741824,1024 MB,2048,65536,64 KB,64,128,16384,618.7652094315256,213.1032819937369,831.8684914252625,1735297666.4387326,5038598251.300312,True,True,True,True
1073741824,1024 MB,2048,65536,64 KB,64,256,16384,618.2652094315256,138.55164099686846,756.816850428394,1736701026.7119348,7749758979.933473,True,True,True,True
1073741824,1024 MB,2048,65536,64 KB,128,1,16384,545.7652094315256,19022.22009519832,19567.98530462985,1967406139.9377582,56446714.34913315,True,False,False,False
1073741824,1024 MB,2048,65536,64 KB,128,2,16384,545.7652094315256,9543.610047599159,10089.375257030684,1967406139.9377582,112508979.16455798,True,False,False,False
1073741824,1024 MB,2048,65536,64 KB,128,4,16384,545.7652094315256,4804.305023799579,5350.070233231105,1967406139.9377582,223495764.46143508,True,False,False,False
1073741824,1024 MB,2048,65536,64 KB,128,8,16384,545.7652094315256,2434.6525118997906,2980.417721331316,1967406139.9377582,441024671.3861213,True,False,True,False
1073741824,1024 MB,2048,65536,64 KB,128,16,16384,545.7652094315256,1249.8262559498953,1795.591465381421,1967406139.9377582,859112871.7998748,True,True,True,True
1073741824,1024 MB,2048,65536,64 KB,128,32,16384,545.7652094315256,657.4131279749475,1203.178337406473,1967406139.9377582,1633283210.0683541,True,True,True,True
1073741824,1024 MB,2048,65536,64 KB,128,64,16384,545.7652094315256,361.2065639874739,906.9717734189994,1967406139.9377582,2972653132.7299905,True,True,True,True
1073741824,1024 MB,2048,65536,64 KB,128,128,16384,545.7652094315256,213.1032819937369,758.8684914252625,1967406139.9377582,5038598251.300312,True,True,True,True
1073741824,1024 MB,2048,65536,64 KB,128,256,16384,545.2652094315256,138.55164099686846,683.816850428394,1969210221.7917876,7749758979.933473,True,True,True,True
1073741824,1024 MB,2048,65536,64 KB,256,1,16384,508.76520943152553,19021.72009519832,19530.48530462985,2110485945.3730283,56448198.09282369,True,False,False,False
1073741824,1024 MB,2048,65536,64 KB,256,2,16384,508.76520943152553,9543.110047599159,10051.875257030684,2110485945.3730283,112514873.93987773,True,False,False,False
1073741824,1024 MB,2048,65536,64 KB,256,4,16384,508.76520943152553,4803.805023799579,5312.570233231105,2110485945.3730283,223519026.82984447,True,False,False,False
1073741824,1024 MB,2048,65536,64 KB,256,8,16384,508.76520943152553,2434.1525118997906,2942.917721331316,2110485945.3730283,441115262.39659214,True,False,True,False
1073741824,1024 MB,2048,65536,64 KB,256,16,16384,508.76520943152553,1249.3262559498953,1758.091465381421,2110485945.3730283,859456702.2715825,True,True,True,True
1073741824,1024 MB,2048,65536,64 KB,256,32,16384,508.76520943152553,656.9131279749475,1165.678337406473,2110485945.3730283,1634526360.1444557,True,True,True,True
1073741824,1024 MB,2048,65536,64 KB,256,64,16384,508.76520943152553,360.7065639874739,869.4717734189994,2110485945.3730283,2976773730.231556,True,True,True,True
1073741824,1024 MB,2048,65536,64 KB,256,128,16384,508.76520943152553,212.6032819937369,721.3684914252624,2110485945.3730283,5050448017.221255,True,True,True,True
1073741824,1024 MB,2048,65536,64 KB,256,256,16384,508.76520943152553,138.55164099686846,647.316850428394,2110485945.3730283,7749758979.933473,True,True,True,True
1073741824,1024 MB,2048,262144,256 KB,1,1,4096,9589.941302357882,19101.22009519832,28691.161397556203,111965421.908891,56213258.558803685,False,False,False,False
1073741824,1024 MB,2048,262144,256 KB,1,2,4096,9525.941302357882,9558.610047599159,19084.55134995704,112717661.1653302,112332422.66951694,False,False,False,False
1073741824,1024 MB,2048,262144,256 KB,1,4,4096,9493.941302357882,4787.305023799579,14281.246326157461,113097584.00690019,224289410.9863496,False,False,False,False
1073741824,1024 MB,2048,262144,256 KB,1,8,4096,9477.941302357882,2401.6525118997906,11879.593814257672,113288507.46658233,447084588.082492,False,False,False,False
1073741824,1024 MB,2048,262144,256 KB,1,16,4096,9469.941302357882,1208.8262559498953,10678.767558307776,113384211.1283893,888251573.5532681,False,True,False,False
1073741824,1024 MB,2048,262144,256 KB,1,32,4096,9465.941302357882,612.4131279749475,10078.354430332829,113432123.62119132,1753296549.2600029,False,True,False,False
1073741824,1024 MB,2048,262144,256 KB,1,64,4096,9463.941302357882,314.2065639874739,9778.147866345356,113456095.05550124,3417311880.355261,False,True,False,False
1073741824,1024 MB,2048,262144,256 KB,1,128,4096,9462.941302357882,165.1032819937369,9628.044584351619,113468084.57244216,6503455358.572046,False,True,False,False
1073741824,1024 MB,2048,262144,256 KB,1,256,4096,9462.441302357882,90.55164099686846,9552.99294335475,113474080.28121048,11857784267.400888,False,True,False,False
1073741824,1024 MB,2048,262144,256 KB,2,1,4096,4853.941302357882,19037.22009519832,23891.161397556203,221210302.53876624,56402238.2800956,False,False,False,False
1073741824,1024 MB,2048,262144,256 KB,2,2,4096,4853.941302357882,9558.610047599159,14412.55134995704,221210302.53876624,112332422.66951694,False,False,False,False
1073741824,1024 MB,2048,262144,256 KB,2,4,4096,4821.941302357882,4787.305023799579,9609.246326157461,222678327.39377207,224289410.9863496,False,False,False,False
1073741824,1024 MB,2048,262144,256 KB,2,8,4096,4805.941302357882,2401.6525118997906,7207.593814257672,223419670.8713864,447084588.082492,False,False,False,False
1073741824,1024 MB,2048,262144,256 KB,2,16,4096,4797.941302357882,1208.8262559498953,6006.767558307777,223792196.7641256,888251573.5532681,False,True,False,False
1073741824,1024 MB,2048,262144,256 KB,2,32,4096,4793.941302357882,612.4131279749475,5406.354430332829,223978925.95637,1753296549.2600029,False,True,False,False
1073741824,1024 MB,2048,262144,256 KB,2,64,4096,4791.941302357882,314.2065639874739,5106.147866345355,224072407.45450363,3417311880.355261,False,True,False,False
1073741824,1024 MB,2048,262144,256 KB,2,128,4096,4790.941302357882,165.1032819937369,4956.044584351619,224119177.47177437,6503455358.572046,False,True,False,False
1073741824,1024 MB,2048,262144,256 KB,2,256,4096,4790.441302357882,90.55164099686846,4880.99294335475,224142569.80280674,11857784267.400888,False,True,False,False
1073741824,1024 MB,2048,262144,256 KB,4,1,4096,2485.9413023578813,19005.22009519832,21491.161397556203,431925654.4720386,56497205.432063445,False,False,False,False
1073741824,1024 MB,2048,262144,256 KB,4,2,4096,2485.9413023578813,9526.610047599159,12012.55134995704,431925654.4720386,112709748.65509461,False,False,False,False
1073741824,1024 MB,2048,262144,256 KB,4,4,4096,2485.9413023578813,4787.305023799579,7273.246326157461,431925654.4720386,224289410.9863496,False,False,False,False
1073741824,1024 MB,2048,262144,256 KB,4,8,4096,2469.9413023578813,2401.6525118997906,4871.593814257672,434723619.93986386,447084588.082492,False,False,False,False
1073741824,1024 MB,2048,262144,256 KB,4,16,4096,2461.9413023578813,1208.8262559498953,3670.7675583077767,436136240.52354234,888251573.5532681,False,True,True,False
1073741824,1024 MB,2048,262144,256 KB,4,32,4096,2457.9413023578813,612.4131279749475,3070.354430332829,436845999.1172161,1753296549.2600029,False,True,True,False
1073741824,1024 MB,2048,262144,256 KB,4,64,4096,2455.9413023578813,314.2065639874739,2770.1478663453554,437201745.4037399,3417311880.355261,False,True,True,False
1073741824,1024 MB,2048,262144,256 KB,4,128,4096,2454.9413023578813,165.1032819937369,2620.044584351618,437379835.91245556,6503455358.572046,False,True,True,False
1073741824,1024 MB,2048,262144,256 KB,4,256,4096,2454.4413023578813,90.55164099686846,2544.99294335475,437468935.5856667,11857784267.400888,False,True,True,False
1073741824,1024 MB,2048,262144,256 KB,8,1,4096,1301.9413023578813,18989.22009519832,20291.161397556203,824723681.5172845,56544809.03465383,True,False,False,False
1073741824,1024 MB,2048,262144,256 KB,8,2,4096,1301.9413023578813,9510.610047599159,10812.55134995704,824723681.5172845,112899363.82903782,True,False,False,False
1073741824,1024 MB,2048,262144,256 KB,8,4,4096,1301.9413023578813,4771.305023799579,6073.246326157461,824723681.5172845,225041538.66585895,True,False,False,False
1073741824,1024 MB,2048,262144,256 KB,8,8,4096,1301.9413023578813,2401.6525118997906,3703.593814257672,824723681.5172845,447084588.082492,True,False,True,False
1073741824,1024 MB,2048,262144,256 KB,8,16,4096,1293.9413023578813,1208.8262559498953,2502.7675583077767,829822668.1870164,888251573.5532681,True,True,True,True
1073741824,1024 MB,2048,262144,256 KB,8,32,4096,1289.9413023578813,612.4131279749475,1902.354430332829,832395878.8181363,1753296549.2600029,True,True,True,True
1073741824,1024 MB,2048,262144,256 KB,8,64,4096,1287.9413023578813,314.2065639874739,1602.1478663453552,833688477.9098717,3417311880.355261,True,True,True,True
1073741824,1024 MB,2048,262144,256 KB,8,128,4096,1286.9413023578813,165.1032819937369,1452.0445843516181,834336284.0502003,6503455358.572046,True,True,True,True
1073741824,1024 MB,2048,262144,256 KB,8,256,4096,1286.4413023578813,90.55164099686846,1376.9929433547497,834660564.7937216,11857784267.400888,True,True,True,True
1073741824,1024 MB,2048,262144,256 KB,16,1,4096,709.9413023578813,18981.22009519832,19691.161397556203,1512437465.5113766,56568640.931128785,True,False,False,False
1073741824,1024 MB,2048,262144,256 KB,16,2,4096,709.9413023578813,9502.610047599159,10212.55134995704,1512437465.5113766,112994410.86412692,True,False,False,False
1073741824,1024 MB,2048,262144,256 KB,16,4,4096,709.9413023578813,4763.305023799579,5473.246326157461,1512437465.5113766,225419497.31018922,True,False,False,False
1073741824,1024 MB,2048,262144,256 KB,16,8,4096,709.9413023578813,2393.6525118997906,3103.593814257672,1512437465.5113766,448578821.97269905,True,False,True,False
1073741824,1024 MB,2048,262144,256 KB,16,16,4096,709.9413023578813,1208.8262559498953,1918.7675583077767,1512437465.5113766,888251573.5532681,True,True,True,True
1073741824,1024 MB,2048,262144,256 KB,16,32,4096,705.9413023578813,612.4131279749475,1318.354430332829,1521007228.807332,1753296549.2600029,True,True,True,True
1073741824,1024 MB,2048,262144,256 KB,16,64,4096,703.9413023578813,314.2065639874739,1018.1478663453552,1525328632.3780918,3417311880.355261,True,True,True,True
1073741824,1024 MB,2048,262144,256 KB,16,128,4096,702.9413023578813,165.1032819937369,868.0445843516183,1527498555.5669296,6503455358.572046,True,True,True,True
1073741824,1024 MB,2048,262144,256 KB,16,256,4096,702.4413023578813,90.55164099686846,792.9929433547497,1528585833.9989064,11857784267.400888,True,True,True,True
1073741824,1024 MB,2048,262144,256 KB,32,1,4096,413.9413023578814,18977.22009519832,19391.161397556203,2593947059.3627176,56580564.41426221,True,False,False,False
1073741824,1024 MB,2048,262144,256 KB,32,2,4096,413.9413023578814,9498.610047599159,9912.55134995704,2593947059.3627176,113041994.42016211,True,False,False,False
1073741824,1024 MB,2048,262144,256 KB,32,4,4096,413.9413023578814,4759.305023799579,5173.246326157461,2593947059.3627176,225608953.12038246,True,False,False,False
1073741824,1024 MB,2048,262144,256 KB,32,8,4096,413.9413023578814,2389.6525118997906,2803.593814257672,2593947059.3627176,449329690.67806756,True,False,True,False
1073741824,1024 MB,2048,262144,256 KB,32,16,4096,413.9413023578814,1204.8262559498953,1618.7675583077767,2593947059.3627176,891200551.6956906,True,True,True,True
1073741824,1024 MB,2048,262144,256 KB,32,32,4096,413.9413023578814,612.4131279749475,1026.354430332829,2593947059.3627176,1753296549.2600029,True,True,True,True
1073741824,1024 MB,2048,262144,256 KB,32,64,4096,411.9413023578814,314.2065639874739,726.1478663453553,2606540829.613554,3417311880.355261,True,True,True,True
1073741824,1024 MB,2048,262144,256 KB,32,128,4096,410.9413023578814,165.1032819937369,576.0445843516184,2612883683.969292,6503455358.572046,True,True,True,True
1073741824,1024 MB,2048,262144,256 KB,32,256,4096,410.4413023578814,90.55164099686846,500.99294335474985,2616066701.4543247,11857784267.400888,True,True,True,True
1073741824,1024 MB,2048,262144,256 KB,64,1,4096,265.9413023578814,18975.22009519832,19241.161397556203,4037514348.015972,56586528.04094274,True,False,False,False
1073741824,1024 MB,2048,262144,256 KB,64,2,4096,265.9413023578814,9496.610047599159,9762.55134995704,4037514348.015972,113065801.22992973,True,False,False,False
1073741824,1024 MB,2048,262144,256 KB,64,4,4096,265.9413023578814,4757.305023799579,5023.246326157461,4037514348.015972,225703800.49804342,True,False,False,False
1073741824,1024 MB,2048,262144,256 KB,64,8,4096,265.9413023578814,2387.6525118997906,2653.593814257672,4037514348.015972,449706068.4704294,True,False,True,False
1073741824,1024 MB,2048,262144,256 KB,64,16,4096,265.9413023578814,1202.8262559498953,1468.7675583077767,4037514348.015972,892682395.8893758,True,True,True,True
1073741824,1024 MB,2048,262144,256 KB,64,32,4096,265.9413023578814,610.4131279749475,876.354430332829,4037514348.015972,1759041171.938996,True,True,True,True
1073741824,1024 MB,2048,262144,256 KB,64,64,4096,265.9413023578814,314.2065639874739,580.1478663453553,4037514348.015972,3417311880.355261,True,True,True,True
1073741824,1024 MB,2048,262144,256 KB,64,128,4096,264.9413023578814,165.1032819937369,430.0445843516183,4052753626.724439,6503455358.572046,True,True,True,True
1073741824,1024 MB,2048,262144,256 KB,64,256,4096,264.4413023578814,90.55164099686846,354.99294335474985,4060416487.2356157,11857784267.400888,True,True,True,True
1073741824,1024 MB,2048,262144,256 KB,128,1,4096,191.9413023578814,18974.22009519832,19166.161397556203,5594115548.919065,56589510.325735316,True,False,False,False
1073741824,1024 MB,2048,262144,256 KB,128,2,4096,191.9413023578814,9495.610047599159,9687.55134995704,5594115548.919065,113077708.39552131,True,False,False,False
1073741824,1024 MB,2048,262144,256 KB,128,4,4096,191.9413023578814,4756.305023799579,4948.246326157461,5594115548.919065,225751254.09897286,True,False,False,False
1073741824,1024 MB,2048,262144,256 KB,128,8,4096,191.9413023578814,2386.6525118997906,2578.593814257672,5594115548.919065,449894493.91830176,True,False,True,False
1073741824,1024 MB,2048,262144,256 KB,128,16,4096,191.9413023578814,1201.8262559498953,1393.7675583077767,5594115548.919065,893425167.4767578,True,True,True,True
1073741824,1024 MB,2048,262144,256 KB,128,32,4096,191.9413023578814,609.4131279749475,801.354430332829,5594115548.919065,1761927623.0034556,True,True,True,True
1073741824,1024 MB,2048,262144,256 KB,128,64,4096,191.9413023578814,313.2065639874739,505.1478663453553,5594115548.919065,3428222609.16263,True,True,True,True
1073741824,1024 MB,2048,262144,256 KB,128,128,4096,191.9413023578814,165.1032819937369,357.0445843516183,5594115548.919065,6503455358.572046,True,True,True,True
1073741824,1024 MB,2048,262144,256 KB,128,256,4096,191.4413023578814,90.55164099686846,281.99294335474985,5608726073.085009,11857784267.400888,True,True,True,True
1073741824,1024 MB,2048,262144,256 KB,256,1,4096,154.9413023578814,18973.72009519832,19128.661397556203,6929990955.670975,56591001.58601643,True,False,False,False
1073741824,1024 MB,2048,262144,256 KB,256,2,4096,154.9413023578814,9495.110047599159,9650.05134995704,6929990955.670975,113083662.91884062,True,False,False,False
1073741824,1024 MB,2048,262144,256 KB,256,4,4096,154.9413023578814,4755.805023799579,4910.746326157461,6929990955.670975,225774988.38296568,True,False,False,False
1073741824,1024 MB,2048,262144,256 KB,256,8,4096,154.9413023578814,2386.1525118997906,2541.093814257672,6929990955.670975,449988765.86690414,True,False,True,False
1073741824,1024 MB,2048,262144,256 KB,256,16,4096,154.9413023578814,1201.3262559498953,1356.2675583077767,6929990955.670975,893797016.9901817,True,True,True,True
1073741824,1024 MB,2048,262144,256 KB,256,32,4096,154.9413023578814,608.9131279749475,763.854430332829,6929990955.670975,1763374403.7855213,True,True,True,True
1073741824,1024 MB,2048,262144,256 KB,256,64,4096,154.9413023578814,312.7065639874739,467.6478663453553,6929990955.670975,3433704142.0179815,True,True,True,True
1073741824,1024 MB,2048,262144,256 KB,256,128,4096,154.9413023578814,164.6032819937369,319.5445843516183,6929990955.670975,6523210296.8691435,True,True,True,True
1073741824,1024 MB,2048,262144,256 KB,256,256,4096,154.9413023578814,90.55164099686846,245.49294335474985,6929990955.670975,11857784267.400888,True,True,True,True
1073741824,1024 MB,2048,1048576,1 MB,1,1,1024,19002.97065117894,38178.44019039664,57181.41084157558,56503893.191740796,28124297.866681512,False,False,False,False
1073741824,1024 MB,2048,1048576,1 MB,1,2,1024,18874.97065117894,19093.220095198318,37968.19074637726,56887072.50694101,56236811.73978774,False,False,False,False
1073741824,1024 MB,2048,1048576,1 MB,1,4,1024,18810.97065117894,9550.610047599159,28361.5806987781,57080617.683740065,112426517.11760738,False,False,False,False
1073741824,1024 MB,2048,1048576,1 MB,1,8,1024,18778.97065117894,4779.305023799581,23558.275674978522,57177884.983413115,224664845.33903378,False,False,False,False
1073741824,1024 MB,2048,1048576,1 MB,1,16,1024,18762.97065117894,2393.6525118997906,21156.62316307873,57226643.04932616,448578821.97269905,False,False,False,False
1073741824,1024 MB,2048,1048576,1 MB,1,32,1024,18754.97065117894,1200.826255949895,19955.796907128835,57251053.27917452,894169176.1649841,False,True,False,False
1073741824,1024 MB,2048,1048576,1 MB,1,64,1024,18750.97065117894,604.4131279749478,19355.38377915389,57263266.20496789,1776503147.1065357,False,True,False,False
1073741824,1024 MB,2048,1048576,1 MB,1,128,1024,18748.97065117894,306.2065639874738,19055.177215166415,57269374.62204,3506593098.520005,False,True,False,False
1073741824,1024 MB,2048,1048576,1 MB,1,256,1024,18747.97065117894,157.1032819937369,18905.073933172676,57272429.319302306,6834623760.710524,False,True,False,False
1073741824,1024 MB,2048,1048576,1 MB,2,1,1024,9530.97065117894,38050.44019039664,47581.41084157558,112658181.76317464,28218906.762371603,False,False,False,False
1073741824,1024 MB,2048,1048576,1 MB,2,2,1024,9530.97065117894,19093.220095198318,28624.19074637726,112658181.76317464,56236811.73978774,False,False,False,False
1073741824,1024 MB,2048,1048576,1 MB,2,4,1024,9466.97065117894,9550.610047599159,19017.5806987781,113419790.08525655,112426517.11760738,False,False,False,False
1073741824,1024 MB,2048,1048576,1 MB,2,8,1024,9434.97065117894,4779.305023799581,14214.275674978522,113804468.8952828,224664845.33903378,False,False,False,False
1073741824,1024 MB,2048,1048576,1 MB,2,16,1024,9418.97065117894,2393.6525118997906,11812.623163078732,113997788.48080425,448578821.97269905,False,False,False,False
1073741824,1024 MB,2048,1048576,1 MB,2,32,1024,9410.97065117894,1200.826255949895,10611.796907128835,114094694.77683358,894169176.1649841,False,True,False,False
1073741824,1024 MB,2048,1048576,1 MB,2,64,1024,9406.97065117894,604.4131279749478,10011.383779153888,114143209.73409563,1776503147.1065357,False,True,False,False
1073741824,1024 MB,2048,1048576,1 MB,2,128,1024,9404.97065117894,306.2065639874738,9711.177215166415,114167482.68804042,3506593098.520005,False,True,False,False
1073741824,1024 MB,2048,1048576,1 MB,2,256,1024,9403.97065117894,157.1032819937369,9561.073933172678,114179623.03672108,6834623760.710524,False,True,False,False
1073741824,1024 MB,2048,1048576,1 MB,4,1,1024,4794.970651178941,37986.44019039664,42781.41084157558,223930843.817782,28266450.30748243,False,False,False,False
1073741824,1024 MB,2048,1048576,1 MB,4,2,1024,4794.970651178941,19029.220095198318,23824.19074637726,223930843.817782,56425950.124510854,False,False,False,False
1073741824,1024 MB,2048,1048576,1 MB,4,4,1024,4794.970651178941,9550.610047599159,14345.5806987781,223930843.817782,112426517.11760738,False,False,False,False
1073741824,1024 MB,2048,1048576,1 MB,4,8,1024,4762.970651178941,4779.305023799581,9542.275674978522,225435322.3306604,224664845.33903378,False,False,False,False
1073741824,1024 MB,2048,1048576,1 MB,4,16,1024,4746.970651178941,2393.6525118997906,7140.6231630787315,226195168.01380038,448578821.97269905,False,False,False,False
1073741824,1024 MB,2048,1048576,1 MB,4,32,1024,4738.970651178941,1200.826255949895,5939.796907128836,226577014.93316466,894169176.1649841,False,True,False,False
1073741824,1024 MB,2048,1048576,1 MB,4,64,1024,4734.970651178941,604.4131279749478,5339.383779153889,226768422.2567786,1776503147.1065357,False,True,False,False
1073741824,1024 MB,2048,1048576,1 MB,4,128,1024,4732.970651178941,306.2065639874738,5039.1772151664145,226864247.24238265,3506593098.520005,False,True,False,False
1073741824,1024 MB,2048,1048576,1 MB,4,256,1024,4731.970651178941,157.1032819937369,4889.073933172678,226912190.11100248,6834623760.710524,False,True,False,False
1073741824,1024 MB,2048,1048576,1 MB,8,1,1024,2426.970651178941,37954.44019039664,40381.41084157558,442420605.0775325,28290282.207131106,False,False,False,False
1073741824,1024 MB,2048,1048576,1 MB,8,2,1024,2426.970651178941,18997.220095198318,21424.19074637726,442420605.0775325,56520997.210081056,False,False,False,False
1073741824,1024 MB,2048,1048576,1 MB,8,4,1024,2426.970651178941,9518.610047599159,11945.5806987781,442420605.0775325,112804476.56019123,False,False,False,False
1073741824,1024 MB,2048,1048576,1 MB,8,8,1024,2426.970651178941,4779.305023799581,7206.275674978522,442420605.0775325,224664845.33903378,False,False,False,False
1073741824,1024 MB,2048,1048576,1 MB,8,16,1024,2410.970651178941,2393.6525118997906,4804.6231630787315,445356654.78754413,448578821.97269905,False,False,False,False
1073741824,1024 MB,2048,1048576,1 MB,8,32,1024,2402.970651178941,1200.826255949895,3603.796907128836,446839341.7427728,894169176.1649841,False,True,True,False
1073741824,1024 MB,2048,1048576,1 MB,8,64,1024,2398.970651178941,604.4131279749478,3003.3837791538886,447584393.5282512,1776503147.1065357,False,True,True,False
1073741824,1024 MB,2048,1048576,1 MB,8,128,1024,2396.970651178941,306.2065639874738,2703.1772151664145,447957851.91274,3506593098.520005,False,True,True,False
1073741824,1024 MB,2048,1048576,1 MB,8,256,1024,2395.970651178941,157.1032819937369,2553.0739331726777,448144814.90900725,6834623760.710524,False,True,True,False
1073741824,1024 MB,2048,1048576,1 MB,16,1,1024,1242.9706511789407,37938.44019039664,39181.41084157558,863851308.9440773,28302213.233104832,True,False,False,False
1073741824,1024 MB,2048,1048576,1 MB,16,2,1024,1242.9706511789407,18981.220095198318,20224.19074637726,863851308.9440773,56568640.9311288,True,False,False,False
1073741824,1024 MB,2048,1048576,1 MB,16,4,1024,1242.9706511789407,9502.610047599159,10745.5806987781,863851308.9440773,112994410.86412692,True,False,False,False
1073741824,1024 MB,2048,1048576,1 MB,16,8,1024,1242.9706511789407,4763.305023799581,6006.275674978522,863851308.9440773,225419497.31018913,True,False,False,False
1073741824,1024 MB,2048,1048576,1 MB,16,16,1024,1242.9706511789407,2393.6525118997906,3636.6231630787315,863851308.9440773,448578821.97269905,True,False,True,False
1073741824,1024 MB,2048,1048576,1 MB,16,32,1024,1234.9706511789407,1200.826255949895,2435.7969071288358,869447239.8797277,894169176.1649841,True,True,True,True
1073741824,1024 MB,2048,1048576,1 MB,16,64,1024,1230.9706511789407,604.4131279749478,1835.3837791538886,872272481.0470847,1776503147.1065357,True,True,True,True
1073741824,1024 MB,2048,1048576,1 MB,16,128,1024,1228.9706511789407,306.2065639874738,1535.1772151664145,873691998.2344322,3506593098.520005,True,True,True,True
1073741824,1024 MB,2048,1048576,1 MB,16,256,1024,1227.9706511789407,157.1032819937369,1385.0739331726777,874403490.8074799,6834623760.710524,True,True,True,True
1073741824,1024 MB,2048,1048576,1 MB,32,1,1024,650.9706511789407,37930.44019039664,38581.41084157558,1649447363.034569,28308182.520693593,True,False,False,False
1073741824,1024 MB,2048,1048576,1 MB,32,2,1024,650.9706511789407,18973.220095198318,19624.19074637726,1649447363.034569,56592492.92489571,True,False,False,False
1073741824,1024 MB,2048,1048576,1 MB,32,4,1024,650.9706511789407,9494.610047599159,10145.5806987781,1649447363.034569,113089618.06930768,True,False,False,False
1073741824,1024 MB,2048,1048576,1 MB,32,8,1024,650.9706511789407,4755.305023799581,5406.275674978522,1649447363.034569,225798727.65807554,True,False,False,False
1073741824,1024 MB,2048,1048576,1 MB,32,16,1024,650.9706511789407,2385.6525118997906,3036.6231630787315,1649447363.034569,450083077.3317177,True,False,True,False
1073741824,1024 MB,2048,1048576,1 MB,32,32,1024,650.9706511789407,1200.826255949895,1851.7969071288358,1649447363.034569,894169176.1649841,True,True,True,True
1073741824,1024 MB,2048,1048576,1 MB,32,64,1024,646.9706511789407,604.4131279749478,1251.3837791538886,1659645336.3740327,1776503147.1065357,True,True,True,True
1073741824,1024 MB,2048,1048576,1 MB,32,128,1024,644.9706511789407,306.2065639874738,951.1772151664145,1664791757.6362727,3506593098.520005,True,True,True,True
1073741824,1024 MB,2048,1048576,1 MB,32,256,1024,643.9706511789407,157.1032819937369,801.0739331726776,1667376955.8197434,6834623760.710524,True,True,True,True
1073741824,1024 MB,2048,1048576,1 MB,64,1,1024,354.97065117894067,37926.44019039664,38281.41084157558,3024874931.0227532,28311168.108835123,True,False,False,False
1073741824,1024 MB,2048,1048576,1 MB,64,2,1024,354.97065117894067,18969.220095198318,19324.19074637726,3024874931.0227532,56604426.46620967,True,False,False,False
1073741824,1024 MB,2048,1048576,1 MB,64,4,1024,354.97065117894067,9490.610047599159,9845.5806987781,3024874931.0227532,113137281.8622576,True,False,False,False
1073741824,1024 MB,2048,1048576,1 MB,64,8,1024,354.97065117894067,4751.305023799581,5106.275674978522,3024874931.0227532,225988821.72825375,True,False,False,False
1073741824,1024 MB,2048,1048576,1 MB,64,16,1024,354.97065117894067,2381.6525118997906,2736.6231630787315,3024874931.0227532,450838994.62037826,True,False,True,False
1073741824,1024 MB,2048,1048576,1 MB,64,32,1024,354.97065117894067,1196.826255949895,1551.7969071288358,3024874931.0227532,897157643.9453983,True,True,True,True
1073741824,1024 MB,2048,1048576,1 MB,64,64,1024,354.97065117894067,604.4131279749478,959.3837791538884,3024874931.0227532,1776503147.1065357,True,True,True,True
1073741824,1024 MB,2048,1048576,1 MB,64,128,1024,352.97065117894067,306.2065639874738,659.1772151664145,3042014457.614664,3506593098.520005,True,True,True,True
1073741824,1024 MB,2048,1048576,1 MB,64,256,1024,351.97065117894067,157.1032819937369,509.0739331726776,3050657264.7561836,6834623760.710524,True,True,True,True
1073741824,1024 MB,2048,1048576,1 MB,128,1,1024,206.9706511789407,37924.44019039664,38131.41084157558,5187894118.725435,28312661.13907982,True,False,False,False
1073741824,1024 MB,2048,1048576,1 MB,128,2,1024,206.9706511789407,18967.220095198318,19174.19074637726,5187894118.725435,56610395.12436644,True,False,False,False
1073741824,1024 MB,2048,1048576,1 MB,128,4,1024,206.9706511789407,9488.610047599159,9695.5806987781,5187894118.725435,113161128.82852444,True,False,False,False
1073741824,1024 MB,2048,1048576,1 MB,128,8,1024,206.9706511789407,4749.305023799581,4956.275674978522,5187894118.725435,226083988.84032413,True,False,False,False
1073741824,1024 MB,2048,1048576,1 MB,128,16,1024,206.9706511789407,2379.6525118997906,2586.6231630787315,5187894118.725435,451217906.24076474,True,False,True,False
1073741824,1024 MB,2048,1048576,1 MB,128,32,1024,206.9706511789407,1194.826255949895,1401.7969071288358,5187894118.725435,898659381.3561352,True,True,True,True
1073741824,1024 MB,2048,1048576,1 MB,128,64,1024,206.9706511789407,602.4131279749478,809.3837791538884,5187894118.725435,1782401103.391381,True,True,True,True
1073741824,1024 MB,2048,1048576,1 MB,128,128,1024,206.9706511789407,306.2065639874738,513.1772151664145,5187894118.725435,3506593098.520005,True,True,True,True
1073741824,1024 MB,2048,1048576,1 MB,128,256,1024,205.9706511789407,157.1032819937369,363.0739331726776,5213081659.227108,6834623760.710524,True,True,True,True
1073741824,1024 MB,2048,1048576,1 MB,256,1,1024,132.9706511789407,37923.44019039664,38056.41084157558,8075028696.031944,28313407.71325656,True,False,False,False
1073741824,1024 MB,2048,1048576,1 MB,256,2,1024,132.9706511789407,18966.220095198318,19099.19074637726,8075028696.031944,56613379.92549393,True,False,False,False
1073741824,1024 MB,2048,1048576,1 MB,256,4,1024,132.9706511789407,9487.610047599159,9620.5806987781,8075028696.031944,113173056.0818855,True,False,False,False
1073741824,1024 MB,2048,1048576,1 MB,256,8,1024,132.9706511789407,4748.305023799581,4881.275674978522,8075028696.031944,226131602.45985937,True,False,False,False
1073741824,1024 MB,2048,1048576,1 MB,256,16,1024,132.9706511789407,2378.6525118997906,2511.6231630787315,8075028696.031944,451407600.99608666,True,False,True,False
1073741824,1024 MB,2048,1048576,1 MB,256,32,1024,132.9706511789407,1193.826255949895,1326.7969071288358,8075028696.031944,899412136.940859,True,True,True,True
1073741824,1024 MB,2048,1048576,1 MB,256,64,1024,132.9706511789407,601.4131279749478,734.3837791538884,8075028696.031944,1785364791.7787511,True,True,True,True
1073741824,1024 MB,2048,1048576,1 MB,256,128,1024,132.9706511789407,305.2065639874738,438.1772151664145,8075028696.031944,3518082343.877991,True,True,True,True
1073741824,1024 MB,2048,1048576,1 MB,256,256,1024,132.9706511789407,157.1032819937369,290.0739331726776,8075028696.031944,6834623760.710524,True,True,True,True
1073741824,1024 MB,2048,4194304,4 MB,1,1,256,75834.97065117894,152689.76076158657,228524.7314127655,14158927.138495669,7032179.621242357,False,False,False,False
1073741824,1024 MB,2048,4194304,4 MB,1,2,256,75322.97065117894,76348.88038079327,151671.8510319722,14255170.962023046,14063622.395569747,False,False,False,False
1073741824,1024 MB,2048,4194304,4 MB,1,4,256,75066.97065117894,38178.440190396635,113245.41084157558,14303785.202542162,28124297.866681516,False,False,False,False
1073741824,1024 MB,2048,4194304,4 MB,1,8,256,74938.97065117894,19093.220095198325,94032.19074637727,14328216.876609953,56236811.73978772,False,False,False,False
1073741824,1024 MB,2048,4194304,4 MB,1,16,256,74874.97065117894,9550.610047599162,84425.5806987781,14340464.03840685,112426517.11760736,False,False,False,False
1073741824,1024 MB,2048,4194304,4 MB,1,32,256,74842.97065117894,4779.30502379958,79622.27567497852,14346595.47393428,224664845.3390338,False,False,False,False
1073741824,1024 MB,2048,4194304,4 MB,1,64,256,74826.97065117894,2393.652511899791,77220.62316307874,14349663.158294417,448578821.972699,False,False,False,False
1073741824,1024 MB,2048,4194304,4 MB,1,128,256,74818.97065117894,1200.8262559498953,76019.79690712884,14351197.492491575,894169176.164984,False,True,False,False
1073741824,1024 MB,2048,4194304,4 MB,1,256,256,74814.97065117894,604.4131279749477,75419.38377915388,14351964.782640463,1776503147.1065361,False,True,False,False
1073741824,1024 MB,2048,4194304,4 MB,2,1,256,37946.97065117894,152177.76076158657,190124.7314127655,28295850.90915922,7055839.293641644,False,False,False,False
1073741824,1024 MB,2048,4194304,4 MB,2,2,256,37946.97065117894,76348.88038079327,114295.85103197221,28295850.90915922,14063622.395569747,False,False,False,False
1073741824,1024 MB,2048,4194304,4 MB,2,4,256,37690.97065117894,38178.440190396635,75869.41084157558,28488038.52618251,28124297.866681516,False,False,False,False
1073741824,1024 MB,2048,4194304,4 MB,2,8,256,37562.97065117894,19093.220095198325,56656.190746377266,28585114.685712423,56236811.73978772,False,False,False,False
1073741824,1024 MB,2048,4194304,4 MB,2,16,256,37498.97065117894,9550.610047599162,47049.5806987781,28633901.28726753,112426517.11760736,False,False,False,False
1073741824,1024 MB,2048,4194304,4 MB,2,32,256,37466.97065117894,4779.30502379958,42246.27567497852,28658357.089945663,224664845.3390338,False,False,False,False
1073741824,1024 MB,2048,4194304,4 MB,2,64,256,37450.97065117894,2393.652511899791,39844.62316307873,28670600.66348905,448578821.972699,False,False,False,False
1073741824,1024 MB,2048,4194304,4 MB,2,128,256,37442.97065117894,1200.8262559498953,38643.79690712884,28676726.3741717,894169176.164984,False,True,False,False
1073741824,1024 MB,2048,4194304,4 MB,2,256,256,37438.97065117894,604.4131279749477,38043.38377915389,28679790.211224414,1776503147.1065361,False,True,False,False
1073741824,1024 MB,2048,4194304,4 MB,4,1,256,19002.97065117894,151921.76076158657,170924.7314127655,56503893.191740796,7067728.932427538,False,False,False,False
1073741824,1024 MB,2048,4194304,4 MB,4,2,256,19002.97065117894,76092.88038079327,95095.85103197221,56503893.191740796,14110936.773935355,False,False,False,False
1073741824,1024 MB,2048,4194304,4 MB,4,4,256,19002.97065117894,38178.440190396635,57181.410841575576,56503893.191740796,28124297.866681516,False,False,False,False
1073741824,1024 MB,2048,4194304,4 MB,4,8,256,18874.97065117894,19093.220095198325,37968.190746377266,56887072.50694101,56236811.73978772,False,False,False,False
1073741824,1024 MB,2048,4194304,4 MB,4,16,256,18810.97065117894,9550.610047599162,28361.580698778103,57080617.683740065,112426517.11760736,False,False,False,False
1073741824,1024 MB,2048,4194304,4 MB,4,32,256,18778.97065117894,4779.30502379958,23558.275674978522,57177884.983413115,224664845.3390338,False,False,False,False
1073741824,1024 MB,2048,4194304,4 MB,4,64,256,18762.97065117894,2393.652511899791,21156.623163078733,57226643.04932616,448578821.972699,False,False,False,False
1073741824,1024 MB,2048,4194304,4 MB,4,128,256,18754.97065117894,1200.8262559498953,19955.796907128835,57251053.27917452,894169176.164984,False,True,False,False
1073741824,1024 MB,2048,4194304,4 MB,4,256,256,18750.97065117894,604.4131279749477,19355.38377915389,57263266.20496789,1776503147.1065361,False,True,False,False
1073741824,1024 MB,2048,4194304,4 MB,8,1,256,9530.97065117894,151793.76076158657,161324.7314127655,112658181.76317464,7073688.790716914,False,False,False,False
1073741824,1024 MB,2048,4194304,4 MB,8,2,256,9530.97065117894,75964.88038079327,85495.85103197221,112658181.76317464,14134713.549440164,False,False,False,False
1073741824,1024 MB,2048,4194304,4 MB,8,4,256,9530.97065117894,38050.440190396635,47581.410841575576,112658181.76317464,28218906.762371607,False,False,False,False
1073741824,1024 MB,2048,4194304,4 MB,8,8,256,9530.97065117894,19093.220095198325,28624.190746377266,112658181.76317464,56236811.73978772,False,False,False,False
1073741824,1024 MB,2048,4194304,4 MB,8,16,256,9466.97065117894,9550.610047599162,19017.580698778103,113419790.08525655,112426517.11760736,False,False,False,False
1073741824,1024 MB,2048,4194304,4 MB,8,32,256,9434.97065117894,4779.30502379958,14214.275674978522,113804468.8952828,224664845.3390338,False,False,False,False
1073741824,1024 MB,2048,4194304,4 MB,8,64,256,9418.97065117894,2393.652511899791,11812.623163078732,113997788.48080425,448578821.972699,False,False,False,False
1073741824,1024 MB,2048,4194304,4 MB,8,128,256,9410.97065117894,1200.8262559498953,10611.796907128835,114094694.77683358,894169176.164984,False,True,False,False
1073741824,1024 MB,2048,4194304,4 MB,8,256,256,9406.97065117894,604.4131279749477,10011.383779153888,114143209.73409563,1776503147.1065361,False,True,False,False
1073741824,1024 MB,2048,4194304,4 MB,16,1,256,4794.970651178941,151729.76076158657,156524.7314127655,223930843.817782,7076672.49068674,False,False,False,False
1073741824,1024 MB,2048,4194304,4 MB,16,2,256,4794.970651178941,75900.88038079327,80695.85103197221,223930843.817782,14146632.010235688,False,False,False,False
1073741824,1024 MB,2048,4194304,4 MB,16,4,256,4794.970651178941,37986.440190396635,42781.410841575576,223930843.817782,28266450.307482433,False,False,False,False
1073741824,1024 MB,2048,4194304,4 MB,16,8,256,4794.970651178941,19029.220095198325,23824.190746377266,223930843.817782,56425950.12451083,False,False,False,False
1073741824,1024 MB,2048,4194304,4 MB,16,16,256,4794.970651178941,9550.610047599162,14345.580698778103,223930843.817782,112426517.11760736,False,False,False,False
1073741824,1024 MB,2048,4194304,4 MB,16,32,256,4762.970651178941,4779.30502379958,9542.275674978522,225435322.3306604,224664845.3390338,False,False,False,False
1073741824,1024 MB,2048,4194304,4 MB,16,64,256,4746.970651178941,2393.652511899791,7140.6231630787315,226195168.01380038,448578821.972699,False,False,False,False
1073741824,1024 MB,2048,4194304,4 MB,16,128,256,4738.970651178941,1200.8262559498953,5939.796907128836,226577014.93316466,894169176.164984,False,True,False,False
1073741824,1024 MB,2048,4194304,4 MB,16,256,256,4734.970651178941,604.4131279749477,5339.383779153888,226768422.2567786,1776503147.1065361,False,True,False,False
1073741824,1024 MB,2048,4194304,4 MB,32,1,256,2426.970651178941,151697.76076158657,154124.7314127655,442420605.0775325,7078165.284769955,False,False,False,False
1073741824,1024 MB,2048,4194304,4 MB,32,2,256,2426.970651178941,75868.88038079327,78295.85103197221,442420605.0775325,14152598.78109161,False,False,False,False
1073741824,1024 MB,2048,4194304,4 MB,32,4,256,2426.970651178941,37954.440190396635,40381.410841575576,442420605.0775325,28290282.20713111,False,False,False,False
1073741824,1024 MB,2048,4194304,4 MB,32,8,256,2426.970651178941,18997.220095198325,21424.190746377266,442420605.0775325,56520997.21008103,False,False,False,False
1073741824,1024 MB,2048,4194304,4 MB,32,16,256,2426.970651178941,9518.610047599162,11945.580698778103,442420605.0775325,112804476.56019118,False,False,False,False
1073741824,1024 MB,2048,4194304,4 MB,32,32,256,2426.970651178941,4779.30502379958,7206.275674978521,442420605.0775325,224664845.3390338,False,False,False,False
1073741824,1024 MB,2048,4194304,4 MB,32,64,256,2410.970651178941,2393.652511899791,4804.6231630787315,445356654.78754413,448578821.972699,False,False,False,False
1073741824,1024 MB,2048,4194304,4 MB,32,128,256,2402.970651178941,1200.8262559498953,3603.796907128836,446839341.7427728,894169176.164984,False,True,True,False
1073741824,1024 MB,2048,4194304,4 MB,32,256,256,2398.970651178941,604.4131279749477,3003.3837791538886,447584393.5282512,1776503147.1065361,False,True,True,False
1073741824,1024 MB,2048,4194304,4 MB,64,1,256,1242.9706511789407,151681.76076158657,152924.7314127655,863851308.9440773,7078911.918010417,True,False,False,False
1073741824,1024 MB,2048,4194304,4 MB,64,2,256,1242.9706511789407,75852.88038079327,77095.85103197221,863851308.9440773,14155584.054417564,True,False,False,False
1073741824,1024 MB,2048,4194304,4 MB,64,4,256,1242.9706511789407,37938.440190396635,39181.410841575576,863851308.9440773,28302213.233104836,True,False,False,False
1073741824,1024 MB,2048,4194304,4 MB,64,8,256,1242.9706511789407,18981.220095198325,20224.190746377266,863851308.9440773,56568640.93112878,True,False,False,False
1073741824,1024 MB,2048,4194304,4 MB,64,16,256,1242.9706511789407,9502.610047599162,10745.580698778103,863851308.9440773,112994410.86412688,True,False,False,False
1073741824,1024 MB,2048,4194304,4 MB,64,32,256,1242.9706511789407,4763.30502379958,6006.275674978521,863851308.9440773,225419497.3101892,True,False,False,False
1073741824,1024 MB,2048,4194304,4 MB,64,64,256,1242.9706511789407,2393.652511899791,3636.6231630787315,863851308.9440773,448578821.972699,True,False,True,False
1073741824,1024 MB,2048,4194304,4 MB,64,128,256,1234.9706511789407,1200.8262559498953,2435.796907128836,869447239.8797277,894169176.164984,True,True,True,True
1073741824,1024 MB,2048,4194304,4 MB,64,256,256,1230.9706511789407,604.4131279749477,1835.3837791538883,872272481.0470847,1776503147.1065361,True,True,True,True
1073741824,1024 MB,2048,4194304,4 MB,128,1,256,650.9706511789407,151673.76076158657,152324.7314127655,1649447363.034569,7079285.293702163,True,False,False,False
1073741824,1024 MB,2048,4194304,4 MB,128,2,256,650.9706511789407,75844.88038079327,76495.85103197221,1649447363.034569,14157077.163403518,True,False,False,False
1073741824,1024 MB,2048,4194304,4 MB,128,4,256,650.9706511789407,37930.440190396635,38581.410841575576,1649447363.034569,28308182.520693596,True,False,False,False
1073741824,1024 MB,2048,4194304,4 MB,128,8,256,650.9706511789407,18973.220095198325,19624.190746377266,1649447363.034569,56592492.9248957,True,False,False,False
1073741824,1024 MB,2048,4194304,4 MB,128,16,256,650.9706511789407,9494.610047599162,10145.580698778103,1649447363.034569,113089618.06930764,True,False,False,False
1073741824,1024 MB,2048,4194304,4 MB,128,32,256,650.9706511789407,4755.30502379958,5406.275674978521,1649447363.034569,225798727.65807557,True,False,False,False
1073741824,1024 MB,2048,4194304,4 MB,128,64,256,650.9706511789407,2385.652511899791,3036.6231630787315,1649447363.034569,450083077.3317176,True,False,True,False
1073741824,1024 MB,2048,4194304,4 MB,128,128,256,650.9706511789407,1200.8262559498953,1851.796907128836,1649447363.034569,894169176.164984,True,True,True,True
1073741824,1024 MB,2048,4194304,4 MB,128,256,256,646.9706511789407,604.4131279749477,1251.3837791538883,1659645336.3740327,1776503147.1065361,True,True,True,True
1073741824,1024 MB,2048,4194304,4 MB,256,1,256,354.97065117894067,151669.76076158657,152024.7314127655,3024874931.0227532,7079471.996318642,True,False,False,False
1073741824,1024 MB,2048,4194304,4 MB,256,2,256,354.97065117894067,75840.88038079327,76195.85103197221,3024874931.0227532,14157823.836020838,True,False,False,False
1073741824,1024 MB,2048,4194304,4 MB,256,4,256,354.97065117894067,37926.440190396635,38281.410841575576,3024874931.0227532,28311168.108835127,True,False,False,False
1073741824,1024 MB,2048,4194304,4 MB,256,8,256,354.97065117894067,18969.220095198325,19324.190746377266,3024874931.0227532,56604426.46620965,True,False,False,False
1073741824,1024 MB,2048,4194304,4 MB,256,16,256,354.97065117894067,9490.610047599162,9845.580698778103,3024874931.0227532,113137281.86225756,True,False,False,False
1073741824,1024 MB,2048,4194304,4 MB,256,32,256,354.97065117894067,4751.30502379958,5106.275674978521,3024874931.0227532,225988821.72825378,True,False,False,False
1073741824,1024 MB,2048,4194304,4 MB,256,64,256,354.97065117894067,2381.652511899791,2736.6231630787315,3024874931.0227532,450838994.6203782,True,False,True,False
1073741824,1024 MB,2048,4194304,4 MB,256,128,256,354.97065117894067,1196.8262559498953,1551.796907128836,3024874931.0227532,897157643.9453981,True,True,True,True
1073741824,1024 MB,2048,4194304,4 MB,256,256,256,354.97065117894067,604.4131279749477,959.3837791538883,3024874931.0227532,1776503147.1065361,True,True,True,True
1073741824,1024 MB,2048,16777216,16 MB,1,1,64,303162.9706511789,610735.0430463463,913898.0136975253,3541797.409141546,1758113.9910429504,False,False,False,False
1073741824,1024 MB,2048,16777216,16 MB,1,2,64,301114.9706511789,305371.5215231731,606486.492174352,3565886.5505025205,3516181.9237244073,False,False,False,False
1073741824,1024 MB,2048,16777216,16 MB,1,4,64,300090.9706511789,152689.76076158654,452780.73141276545,3578054.4201981365,7032179.621242358,False,False,False,False
1073741824,1024 MB,2048,16777216,16 MB,1,8,64,299578.9706511789,76348.8803807933,375927.8510319722,3584169.54857033,14063622.395569742,False,False,False,False
1073741824,1024 MB,2048,16777216,16 MB,1,16,64,299322.9706511789,38178.44019039665,337501.4108415756,3587234.957825215,28124297.86668151,False,False,False,False
1073741824,1024 MB,2048,16777216,16 MB,1,32,64,299194.9706511789,19093.22009519832,318288.1907463772,3588769.629593268,56236811.73978773,False,False,False,False
1073741824,1024 MB,2048,16777216,16 MB,1,64,64,299130.9706511789,9550.610047599164,308681.5806987781,3589537.457998979,112426517.11760733,False,False,False,False
1073741824,1024 MB,2048,16777216,16 MB,1,128,64,299098.9706511789,4779.305023799581,303878.2756749785,3589921.495424471,224664845.33903378,False,False,False,False
1073741824,1024 MB,2048,16777216,16 MB,1,256,64,299082.9706511789,2393.6525118997906,301476.6231630787,3590113.5449544108,448578821.97269905,False,False,False,False
1073741824,1024 MB,2048,16777216,16 MB,2,1,64,151610.97065117894,608687.0430463463,760298.0136975253,7082217.199640694,1764029.3748100102,False,False,False,False
1073741824,1024 MB,2048,16777216,16 MB,2,2,64,151610.97065117894,305371.5215231731,456982.49217435205,7082217.199640694,3516181.9237244073,False,False,False,False
1073741824,1024 MB,2048,16777216,16 MB,2,4,64,150586.97065117894,152689.76076158654,303276.73141276545,7130376.681042516,7032179.621242358,False,False,False,False
1073741824,1024 MB,2048,16777216,16 MB,2,8,64,150074.97065117894,76348.8803807933,226423.85103197224,7154702.875109741,14063622.395569742,False,False,False,False
1073741824,1024 MB,2048,16777216,16 MB,2,16,64,149818.97065117894,38178.44019039665,187997.4108415756,7166928.3224484,28124297.86668151,False,False,False,False
1073741824,1024 MB,2048,16777216,16 MB,2,32,64,149690.97065117894,19093.22009519832,168784.19074637725,7173056.726996001,56236811.73978773,False,False,False,False
1073741824,1024 MB,2048,16777216,16 MB,2,64,64,149626.97065117894,9550.610047599164,159177.5806987781,7176124.861226948,112426517.11760733,False,False,False,False
1073741824,1024 MB,2048,16777216,16 MB,2,128,64,149594.97065117894,4779.305023799581,154374.27567497853,7177659.912803612,224664845.33903378,False,False,False,False
1073741824,1024 MB,2048,16777216,16 MB,2,256,64,149578.97065117894,2393.6525118997906,151972.62316307874,7178427.684891527,448578821.97269905,False,False,False,False
1073741824,1024 MB,2048,16777216,16 MB,4,1,64,75834.97065117894,607663.0430463463,683498.0136975253,14158927.138495669,1767002.019107662,False,False,False,False
1073741824,1024 MB,2048,16777216,16 MB,4,2,64,75834.97065117894,304347.5215231731,380182.49217435205,14158927.138495669,3528012.380801481,False,False,False,False
1073741824,1024 MB,2048,16777216,16 MB,4,4,64,75834.97065117894,152689.76076158654,228524.73141276548,14158927.138495669,7032179.621242358,False,False,False,False
1073741824,1024 MB,2048,16777216,16 MB,4,8,64,75322.97065117894,76348.8803807933,151671.85103197224,14255170.962023046,14063622.395569742,False,False,False,False
1073741824,1024 MB,2048,16777216,16 MB,4,16,64,75066.97065117894,38178.44019039665,113245.41084157559,14303785.202542162,28124297.86668151,False,False,False,False
1073741824,1024 MB,2048,16777216,16 MB,4,32,64,74938.97065117894,19093.22009519832,94032.19074637727,14328216.876609953,56236811.73978773,False,False,False,False
1073741824,1024 MB,2048,16777216,16 MB,4,64,64,74874.97065117894,9550.610047599164,84425.58069877811,14340464.03840685,112426517.11760733,False,False,False,False
1073741824,1024 MB,2048,16777216,16 MB,4,128,64,74842.97065117894,4779.305023799581,79622.27567497852,14346595.47393428,224664845.33903378,False,False,False,False
1073741824,1024 MB,2048,16777216,16 MB,4,256,64,74826.97065117894,2393.6525118997906,77220.62316307874,14349663.158294417,448578821.97269905,False,False,False,False
1073741824,1024 MB,2048,16777216,16 MB,8,1,64,37946.97065117894,607151.0430463463,645098.0136975253,28295850.90915922,1768492.1014259658,False,False,False,False
1073741824,1024 MB,2048,16777216,16 MB,8,2,64,37946.97065117894,303835.5215231731,341782.49217435205,28295850.90915922,3533957.5129898274,False,False,False,False
1073741824,1024 MB,2048,16777216,16 MB,8,4,64,37946.97065117894,152177.76076158654,190124.73141276548,28295850.90915922,7055839.2936416445,False,False,False,False
1073741824,1024 MB,2048,16777216,16 MB,8,8,64,37946.97065117894,76348.8803807933,114295.85103197224,28295850.90915922,14063622.395569742,False,False,False,False
1073741824,1024 MB,2048,16777216,16 MB,8,16,64,37690.97065117894,38178.44019039665,75869.41084157559,28488038.52618251,28124297.86668151,False,False,False,False
1073741824,1024 MB,2048,16777216,16 MB,8,32,64,37562.97065117894,19093.22009519832,56656.190746377266,28585114.685712423,56236811.73978773,False,False,False,False
1073741824,1024 MB,2048,16777216,16 MB,8,64,64,37498.97065117894,9550.610047599164,47049.5806987781,28633901.28726753,112426517.11760733,False,False,False,False
1073741824,1024 MB,2048,16777216,16 MB,8,128,64,37466.97065117894,4779.305023799581,42246.27567497852,28658357.089945663,224664845.33903378,False,False,False,False
1073741824,1024 MB,2048,16777216,16 MB,8,256,64,37450.97065117894,2393.6525118997906,39844.62316307873,28670600.66348905,448578821.97269905,False,False,False,False
1073741824,1024 MB,2048,16777216,16 MB,16,1,64,19002.97065117894,606895.0430463463,625898.0136975253,56503893.191740796,1769238.085403183,False,False,False,False
1073741824,1024 MB,2048,16777216,16 MB,16,2,64,19002.97065117894,303579.5215231731,322582.49217435205,56503893.191740796,3536937.5991260274,False,False,False,False
1073741824,1024 MB,2048,16777216,16 MB,16,4,64,19002.97065117894,151921.76076158654,170924.73141276548,56503893.191740796,7067728.932427539,False,False,False,False
1073741824,1024 MB,2048,16777216,16 MB,16,8,64,19002.97065117894,76092.8803807933,95095.85103197224,56503893.191740796,14110936.773935352,False,False,False,False
1073741824,1024 MB,2048,16777216,16 MB,16,16,64,19002.97065117894,38178.44019039665,57181.41084157559,56503893.191740796,28124297.86668151,False,False,False,False
1073741824,1024 MB,2048,16777216,16 MB,16,32,64,18874.97065117894,19093.22009519832,37968.190746377266,56887072.50694101,56236811.73978773,False,False,False,False
1073741824,1024 MB,2048,16777216,16 MB,16,64,64,18810.97065117894,9550.610047599164,28361.580698778103,57080617.683740065,112426517.11760733,False,False,False,False
1073741824,1024 MB,2048,16777216,16 MB,16,128,64,18778.97065117894,4779.305023799581,23558.275674978522,57177884.983413115,224664845.33903378,False,False,False,False
1073741824,1024 MB,2048,16777216,16 MB,16,256,64,18762.97065117894,2393.6525118997906,21156.62316307873,57226643.04932616,448578821.97269905,False,False,False,False
1073741824,1024 MB,2048,16777216,16 MB,32,1,64,9530.97065117894,606767.0430463463,616298.0136975253,112658181.76317464,1769611.3134443676,False,False,False,False
1073741824,1024 MB,2048,16777216,16 MB,32,2,64,9530.97065117894,303451.5215231731,312982.49217435205,112658181.76317464,3538429.527755733,False,False,False,False
1073741824,1024 MB,2048,16777216,16 MB,32,4,64,9530.97065117894,151793.76076158654,161324.73141276548,112658181.76317464,7073688.790716915,False,False,False,False
1073741824,1024 MB,2048,16777216,16 MB,32,8,64,9530.97065117894,75964.8803807933,85495.85103197224,112658181.76317464,14134713.549440159,False,False,False,False
1073741824,1024 MB,2048,16777216,16 MB,32,16,64,9530.97065117894,38050.44019039665,47581.41084157559,112658181.76317464,28218906.762371596,False,False,False,False
1073741824,1024 MB,2048,16777216,16 MB,32,32,64,9530.97065117894,19093.22009519832,28624.190746377262,112658181.76317464,56236811.73978773,False,False,False,False
1073741824,1024 MB,2048,16777216,16 MB,32,64,64,9466.97065117894,9550.610047599164,19017.580698778103,113419790.08525655,112426517.11760733,False,False,False,False
1073741824,1024 MB,2048,16777216,16 MB,32,128,64,9434.97065117894,4779.305023799581,14214.275674978522,113804468.8952828,224664845.33903378,False,False,False,False
1073741824,1024 MB,2048,16777216,16 MB,32,256,64,9418.97065117894,2393.6525118997906,11812.623163078732,113997788.48080425,448578821.97269905,False,False,False,False
1073741824,1024 MB,2048,16777216,16 MB,64,1,64,4794.970651178941,606703.0430463463,611498.0136975253,223930843.817782,1769797.9865216804,False,False,False,False
1073741824,1024 MB,2048,16777216,16 MB,64,2,64,4794.970651178941,303387.5215231731,308182.49217435205,223930843.817782,3539175.9641570705,False,False,False,False
1073741824,1024 MB,2048,16777216,16 MB,64,4,64,4794.970651178941,151729.76076158654,156524.73141276548,223930843.817782,7076672.490686742,False,False,False,False
1073741824,1024 MB,2048,16777216,16 MB,64,8,64,4794.970651178941,75900.8803807933,80695.85103197224,223930843.817782,14146632.010235684,False,False,False,False
1073741824,1024 MB,2048,16777216,16 MB,64,16,64,4794.970651178941,37986.44019039665,42781.41084157559,223930843.817782,28266450.30748242,False,False,False,False
1073741824,1024 MB,2048,16777216,16 MB,64,32,64,4794.970651178941,19029.22009519832,23824.190746377262,223930843.817782,56425950.12451084,False,False,False,False
1073741824,1024 MB,2048,16777216,16 MB,64,64,64,4794.970651178941,9550.610047599164,14345.580698778105,223930843.817782,112426517.11760733,False,False,False,False
1073741824,1024 MB,2048,16777216,16 MB,64,128,64,4762.970651178941,4779.305023799581,9542.275674978522,225435322.3306604,224664845.33903378,False,False,False,False
1073741824,1024 MB,2048,16777216,16 MB,64,256,64,4746.970651178941,2393.6525118997906,7140.6231630787315,226195168.01380038,448578821.97269905,False,False,False,False
1073741824,1024 MB,2048,16777216,16 MB,128,1,64,2426.970651178941,606671.0430463463,609098.0136975253,442420605.0775325,1769891.337829968,False,False,False,False
1073741824,1024 MB,2048,16777216,16 MB,128,2,64,2426.970651178941,303355.5215231731,305782.49217435205,442420605.0775325,3539549.300466508,False,False,False,False
1073741824,1024 MB,2048,16777216,16 MB,128,4,64,2426.970651178941,151697.76076158654,154124.73141276548,442420605.0775325,7078165.284769956,False,False,False,False
1073741824,1024 MB,2048,16777216,16 MB,128,8,64,2426.970651178941,75868.8803807933,78295.85103197224,442420605.0775325,14152598.781091604,False,False,False,False
1073741824,1024 MB,2048,16777216,16 MB,128,16,64,2426.970651178941,37954.44019039665,40381.41084157559,442420605.0775325,28290282.207131103,False,False,False,False
1073741824,1024 MB,2048,16777216,16 MB,128,32,64,2426.970651178941,18997.22009519832,21424.190746377262,442420605.0775325,56520997.21008105,False,False,False,False
1073741824,1024 MB,2048,16777216,16 MB,128,64,64,2426.970651178941,9518.610047599164,11945.580698778105,442420605.0775325,112804476.56019115,False,False,False,False
1073741824,1024 MB,2048,16777216,16 MB,128,128,64,2426.970651178941,4779.305023799581,7206.275674978522,442420605.0775325,224664845.33903378,False,False,False,False
1073741824,1024 MB,2048,16777216,16 MB,128,256,64,2410.970651178941,2393.6525118997906,4804.6231630787315,445356654.78754413,448578821.97269905,False,False,False,False
1073741824,1024 MB,2048,16777216,16 MB,256,1,64,1242.9706511789407,606655.0430463463,607898.0136975253,863851308.9440773,1769938.0171772018,True,False,False,False
1073741824,1024 MB,2048,16777216,16 MB,256,2,64,1242.9706511789407,303339.5215231731,304582.492174352,863851308.9440773,3539735.9981593215,True,False,False,False
1073741824,1024 MB,2048,16777216,16 MB,256,4,64,1242.9706511789407,151681.76076158654,152924.73141276548,863851308.9440773,7078911.918010419,True,False,False,False
1073741824,1024 MB,2048,16777216,16 MB,256,8,64,1242.9706511789407,75852.8803807933,77095.85103197224,863851308.9440773,14155584.054417558,True,False,False,False
1073741824,1024 MB,2048,16777216,16 MB,256,16,64,1242.9706511789407,37938.44019039665,39181.41084157559,863851308.9440773,28302213.233104825,True,False,False,False
1073741824,1024 MB,2048,16777216,16 MB,256,32,64,1242.9706511789407,18981.22009519832,20224.190746377262,863851308.9440773,56568640.931128785,True,False,False,False
1073741824,1024 MB,2048,16777216,16 MB,256,64,64,1242.9706511789407,9502.610047599164,10745.580698778105,863851308.9440773,112994410.86412685,True,False,False,False
1073741824,1024 MB,2048,16777216,16 MB,256,128,64,1242.9706511789407,4763.305023799581,6006.275674978522,863851308.9440773,225419497.31018913,True,False,False,False
1073741824,1024 MB,2048,16777216,16 MB,256,256,64,1242.9706511789407,2393.6525118997906,3636.6231630787315,863851308.9440773,448578821.97269905,True,False,True,False
1073741824,1024 MB,4096,65536,64 KB,1,1,16384,4971.882604715763,9574.61004759916,14546.492652314922,215962827.2360193,112144705.49317479,False,False,False,False
1073741824,1024 MB,4096,65536,64 KB,1,2,16384,4939.882604715763,4803.305023799579,9743.187628515341,217361809.96993193,223542294.0412461,False,False,False,False
1073741824,1024 MB,4096,65536,64 KB,1,4,16384,4923.882604715763,2417.6525118997897,7341.535116615552,218068120.26177117,444125786.7766342,False,False,False,False
1073741824,1024 MB,4096,65536,64 KB,1,8,16384,4915.882604715763,1224.8262559498953,6140.708860665658,218422999.55860806,876648274.6300013,False,True,False,False
1073741824,1024 MB,4096,65536,64 KB,1,16,16384,4911.882604715763,628.4131279749477,5540.295732690711,218600872.70186996,1708655940.177631,False,True,False,False
1073741824,1024 MB,4096,65536,64 KB,1,32,16384,4909.882604715763,330.20656398747377,5240.089168703236,218689917.95622778,3251727679.2860236,False,True,False,False
1073741824,1024 MB,4096,65536,64 KB,1,64,16384,4908.882604715763,181.10328199373694,5089.9858867095,218734467.79283336,5928892133.700443,False,True,False,False
1073741824,1024 MB,4096,65536,64 KB,1,128,16384,4908.382604715763,106.55164099686846,5014.934245712631,218756749.51834342,10077196502.600624,False,True,False,False
1073741824,1024 MB,4096,65536,64 KB,1,256,16384,4908.132604715763,69.27582049843423,4977.4084252141965,218767892.08350697,15499517959.866945,False,True,False,False
1073741824,1024 MB,4096,65536,64 KB,2,1,16384,2603.8826047157627,9542.61004759916,12146.492652314922,412361840.75864226,112520769.33292945,False,False,False,False
1073741824,1024 MB,4096,65536,64 KB,2,2,16384,2603.8826047157627,4803.305023799579,7407.187628515342,412361840.75864226,223542294.0412461,False,False,False,False
1073741824,1024 MB,4096,65536,64 KB,2,4,16384,2587.8826047157627,2417.6525118997897,5005.535116615552,414911334.0935082,444125786.7766342,False,False,False,False
1073741824,1024 MB,4096,65536,64 KB,2,8,16384,2579.8826047157627,1224.8262559498953,3804.708860665658,416197939.40906817,876648274.6300013,False,True,True,False
1073741824,1024 MB,4096,65536,64 KB,2,16,16384,2575.8826047157627,628.4131279749477,3204.2957326907103,416844238.95493585,1708655940.177631,False,True,True,False
1073741824,1024 MB,4096,65536,64 KB,2,32,16384,2573.8826047157627,330.20656398747377,2904.0891687032363,417168142.0251002,3251727679.2860236,False,True,True,False
1073741824,1024 MB,4096,65536,64 KB,2,64,16384,2572.8826047157627,181.10328199373694,2753.9858867094995,417330282.3968608,5928892133.700443,False,True,True,False
1073741824,1024 MB,4096,65536,64 KB,2,128,16384,2572.3826047157627,106.55164099686846,2678.9342457126313,417411399.85614383,10077196502.600624,False,True,True,False
1073741824,1024 MB,4096,65536,64 KB,2,256,16384,2572.1326047157627,69.27582049843423,2641.408425214197,417451970.4121769,15499517959.866945,False,True,True,False
1073741824,1024 MB,4096,65536,64 KB,4,1,16384,1419.8826047157627,9526.61004759916,10946.492652314922,756218732.7556883,112709748.6550946,True,False,False,False
1073741824,1024 MB,4096,65536,64 KB,4,2,16384,1419.8826047157627,4787.305023799579,6207.187628515342,756218732.7556883,224289410.9863496,True,False,False,False
1073741824,1024 MB,4096,65536,64 KB,4,4,16384,1419.8826047157627,2417.6525118997897,3837.5351166155524,756218732.7556883,444125786.7766342,True,False,True,False
1073741824,1024 MB,4096,65536,64 KB,4,8,16384,1411.8826047157627,1224.8262559498953,2636.708860665658,760503614.403666,876648274.6300013,True,True,True,True
1073741824,1024 MB,4096,65536,64 KB,4,16,16384,1407.8826047157627,628.4131279749477,2036.2957326907103,762664316.1890459,1708655940.177631,True,True,True,True
1073741824,1024 MB,4096,65536,64 KB,4,32,16384,1405.8826047157627,330.20656398747377,1736.0891687032365,763749277.7834648,3251727679.2860236,True,True,True,True
1073741824,1024 MB,4096,65536,64 KB,4,64,16384,1404.8826047157627,181.10328199373694,1585.9858867094997,764292916.9994532,5928892133.700443,True,True,True,True
1073741824,1024 MB,4096,65536,64 KB,4,128,16384,1404.3826047157627,106.55164099686846,1510.934245712631,764565026.9338945,10077196502.600624,True,True,True,True
1073741824,1024 MB,4096,65536,64 KB,4,256,16384,1404.1326047157627,69.27582049843423,1473.408425214197,764701154.5731869,15499517959.866945,True,True,True,True
1073741824,1024 MB,4096,65536,64 KB,8,1,16384,827.8826047157628,9518.61004759916,10346.492652314924,1296973529.6813588,112804476.5601912,True,False,False,False
1073741824,1024 MB,4096,65536,64 KB,8,2,16384,827.8826047157628,4779.305023799579,5607.187628515342,1296973529.6813588,224664845.33903387,True,False,False,False
1073741824,1024 MB,4096,65536,64 KB,8,4,16384,827.8826047157628,2409.6525118997897,3237.5351166155524,1296973529.6813588,445600275.8478455,True,False,True,False
1073741824,1024 MB,4096,65536,64 KB,8,8,16384,827.8826047157628,1224.8262559498953,2052.708860665658,1296973529.6813588,876648274.6300013,True,True,True,True
1073741824,1024 MB,4096,65536,64 KB,8,16,16384,823.8826047157628,628.4131279749477,1452.2957326907103,1303270414.806777,1708655940.177631,True,True,True,True
1073741824,1024 MB,4096,65536,64 KB,8,32,16384,821.8826047157628,330.20656398747377,1152.0891687032365,1306441841.984646,3251727679.2860236,True,True,True,True
1073741824,1024 MB,4096,65536,64 KB,8,64,16384,820.8826047157628,181.10328199373694,1001.9858867094997,1308033350.7271624,5928892133.700443,True,True,True,True
1073741824,1024 MB,4096,65536,64 KB,8,128,16384,820.3826047157628,106.55164099686846,926.9342457126313,1308830560.067785,10077196502.600624,True,True,True,True
1073741824,1024 MB,4096,65536,64 KB,8,256,16384,820.1326047157628,69.27582049843423,889.408425214197,1309229529.256591,15499517959.866945,True,True,True,True
1073741824,1024 MB,4096,65536,64 KB,16,1,16384,531.8826047157628,9514.61004759916,10046.492652314924,2018757174.007986,112851900.24902168,True,False,False,False
1073741824,1024 MB,4096,65536,64 KB,16,2,16384,531.8826047157628,4775.305023799579,5307.187628515342,2018757174.007986,224853034.23521477,True,False,False,False
1073741824,1024 MB,4096,65536,64 KB,16,4,16384,531.8826047157628,2405.6525118997897,2937.5351166155524,2018757174.007986,446341197.944688,True,False,True,False
1073741824,1024 MB,4096,65536,64 KB,16,8,16384,531.8826047157628,1220.8262559498953,1752.708860665658,2018757174.007986,879520585.9694978,True,True,True,True
1073741824,1024 MB,4096,65536,64 KB,16,16,16384,531.8826047157628,628.4131279749477,1160.2957326907103,2018757174.007986,1708655940.177631,True,True,True,True
1073741824,1024 MB,4096,65536,64 KB,16,32,16384,529.8826047157628,330.20656398747377,860.0891687032365,2026376813.3622196,3251727679.2860236,True,True,True,True
1073741824,1024 MB,4096,65536,64 KB,16,64,16384,528.8826047157628,181.10328199373694,709.9858867094997,2030208243.6178079,5928892133.700443,True,True,True,True
1073741824,1024 MB,4096,65536,64 KB,16,128,16384,528.3826047157628,106.55164099686846,634.9342457126313,2032129397.1772723,10077196502.600624,True,True,True,True
1073741824,1024 MB,4096,65536,64 KB,16,256,16384,528.1326047157628,69.27582049843423,597.408425214197,2033091338.070067,15499517959.866945,True,True,True,True
1073741824,1024 MB,4096,65536,64 KB,32,1,16384,383.8826047157628,9512.61004759916,9896.492652314924,2797057774.4595327,112875627.04948641,True,False,False,False
1073741824,1024 MB,4096,65536,64 KB,32,2,16384,383.8826047157628,4773.305023799579,5157.187628515342,2797057774.4595327,224947246.95915097,True,False,False,False
1073741824,1024 MB,4096,65536,64 KB,32,4,16384,383.8826047157628,2403.6525118997897,2787.5351166155524,2797057774.4595327,446712583.73837906,True,False,True,False
1073741824,1024 MB,4096,65536,64 KB,32,8,16384,383.8826047157628,1218.8262559498953,1602.708860665658,2797057774.4595327,880963811.5017277,True,True,True,True
1073741824,1024 MB,4096,65536,64 KB,32,16,16384,383.8826047157628,626.4131279749477,1010.2957326907105,2797057774.4595327,1714111304.5813155,True,True,True,True
1073741824,1024 MB,4096,65536,64 KB,32,32,16384,383.8826047157628,330.20656398747377,714.0891687032365,2797057774.4595327,3251727679.2860236,True,True,True,True
1073741824,1024 MB,4096,65536,64 KB,32,64,16384,382.8826047157628,181.10328199373694,563.9858867094997,2804363036.5425043,5928892133.700443,True,True,True,True
1073741824,1024 MB,4096,65536,64 KB,32,128,16384,382.3826047157628,106.55164099686846,488.93424571263125,2808029996.0249147,10077196502.600624,True,True,True,True
1073741824,1024 MB,4096,65536,64 KB,32,256,16384,382.1326047157628,69.27582049843423,451.408425214197,2809867074.2808475,15499517959.866945,True,True,True,True
1073741824,1024 MB,4096,65536,64 KB,64,1,16384,309.8826047157628,9511.61004759916,9821.492652314924,3464995477.8354874,112887494.19148283,True,False,False,False
1073741824,1024 MB,4096,65536,64 KB,64,2,16384,309.8826047157628,4772.305023799579,5082.187628515342,3464995477.8354874,224994382.93345213,True,False,False,False
1073741824,1024 MB,4096,65536,64 KB,64,4,16384,309.8826047157628,2402.6525118997897,2712.5351166155524,3464995477.8354874,446898508.495091,True,False,True,False
1073741824,1024 MB,4096,65536,64 KB,64,8,16384,309.8826047157628,1217.8262559498953,1527.708860665658,3464995477.8354874,881687201.8927605,True,True,True,True
1073741824,1024 MB,4096,65536,64 KB,64,16,16384,309.8826047157628,625.4131279749477,935.2957326907105,3464995477.8354874,1716852071.008991,True,True,True,True
1073741824,1024 MB,4096,65536,64 KB,64,32,16384,309.8826047157628,329.20656398747377,639.0891687032365,3464995477.8354874,3261605148.4345727,True,True,True,True
1073741824,1024 MB,4096,65536,64 KB,64,64,16384,309.8826047157628,181.10328199373694,490.9858867094997,3464995477.8354874,5928892133.700443,True,True,True,True
1073741824,1024 MB,4096,65536,64 KB,64,128,16384,309.3826047157628,106.55164099686846,415.93424571263125,3470595332.8774652,10077196502.600624,True,True,True,True
1073741824,1024 MB,4096,65536,64 KB,64,256,16384,309.1326047157628,69.27582049843423,378.408425214197,3473402053.4238696,15499517959.866945,True,True,True,True
1073741824,1024 MB,4096,65536,64 KB,128,1,16384,272.8826047157628,9511.11004759916,9783.992652314924,3934812279.8755164,112893428.6982663,True,False,False,False
1073741824,1024 MB,4096,65536,64 KB,128,2,16384,272.8826047157628,4771.805023799579,5044.687628515342,3934812279.8755164,225017958.32911596,True,False,False,False
1073741824,1024 MB,4096,65536,64 KB,128,4,16384,272.8826047157628,2402.1525118997897,2675.0351166155524,3934812279.8755164,446991528.92287016,True,False,True,False
1073741824,1024 MB,4096,65536,64 KB,128,8,16384,272.8826047157628,1217.3262559498953,1490.208860665658,3934812279.8755164,882049342.7722425,True,True,True,True
1073741824,1024 MB,4096,65536,64 KB,128,16,16384,272.8826047157628,624.9131279749477,897.7957326907105,3934812279.8755164,1718225743.5997496,True,True,True,True
1073741824,1024 MB,4096,65536,64 KB,128,32,16384,272.8826047157628,328.70656398747377,601.5891687032365,3934812279.8755164,3266566420.1367083,True,True,True,True
1073741824,1024 MB,4096,65536,64 KB,128,64,16384,272.8826047157628,180.60328199373694,453.4858867094997,3934812279.8755164,5945306265.459981,True,True,True,True
1073741824,1024 MB,4096,65536,64 KB,128,128,16384,272.8826047157628,106.55164099686846,379.43424571263125,3934812279.8755164,10077196502.600624,True,True,True,True
1073741824,1024 MB,4096,65536,64 KB,128,256,16384,272.6326047157628,69.27582049843423,341.908425214197,3938420443.5835752,15499517959.866945,True,True,True,True
1073741824,1024 MB,4096,65536,64 KB,256,1,16384,254.38260471576277,9510.86004759916,9765.242652314924,4220971890.7460566,112896396.18564738,True,False,False,False
1073741824,1024 MB,4096,65536,64 KB,256,2,16384,254.38260471576277,4771.555023799579,5025.937628515342,4220971890.7460566,225029747.87975547,True,False,False,False
1073741824,1024 MB,4096,65536,64 KB,256,4,16384,254.38260471576277,2401.9025118997897,2656.2851166155524,4220971890.7460566,447038053.65968895,True,False,True,False
1073741824,1024 MB,4096,65536,64 KB,256,8,16384,254.38260471576277,1217.0762559498953,1471.458860665658,4220971890.7460566,882230524.7931843,True,True,True,True
1073741824,1024 MB,4096,65536,64 KB,256,16,16384,254.38260471576277,624.6631279749477,879.0457326907105,4220971890.7460566,1718913404.543165,True,True,True,True
1073741824,1024 MB,4096,65536,64 KB,256,32,16384,254.38260471576277,328.45656398747377,582.8391687032365,4220971890.7460566,3269052720.2889113,True,True,True,True
1073741824,1024 MB,4096,65536,64 KB,256,64,16384,254.38260471576277,180.35328199373694,434.7358867094997,4220971890.7460566,5953547460.463112,True,True,True,True
1073741824,1024 MB,4096,65536,64 KB,256,128,16384,254.38260471576277,106.30164099686846,360.6842457126312,4220971890.7460566,10100896034.44251,True,True,True,True
1073741824,1024 MB,4096,65536,64 KB,256,256,16384,254.38260471576277,69.27582049843423,323.658425214197,4220971890.7460566,15499517959.866945,True,True,True,True
1073741824,1024 MB,4096,262144,256 KB,1,1,4096,4794.970651178941,9550.61004759916,14345.580698778102,223930843.817782,112426517.11760737,False,False,False,False
1073741824,1024 MB,4096,262144,256 KB,1,2,4096,4762.970651178941,4779.305023799579,9542.27567497852,225435322.3306604,224664845.33903387,False,False,False,False
1073741824,1024 MB,4096,262144,256 KB,1,4,4096,4746.970651178941,2393.6525118997897,7140.623163078731,226195168.01380038,448578821.9726992,False,False,False,False
1073741824,1024 MB,4096,262144,256 KB,1,8,4096,4738.970651178941,1200.8262559498953,5939.796907128836,226577014.93316466,894169176.164984,False,True,False,False
1073741824,1024 MB,4096,262144,256 KB,1,16,4096,4734.970651178941,604.4131279749477,5339.383779153888,226768422.2567786,1776503147.1065361,False,True,False,False
1073741824,1024 MB,4096,262144,256 KB,1,32,4096,4732.970651178941,306.20656398747377,5039.1772151664145,226864247.24238265,3506593098.5200057,False,True,False,False
1073741824,1024 MB,4096,262144,256 KB,1,64,4096,4731.970651178941,157.10328199373694,4889.073933172678,226912190.11100248,6834623760.710522,False,True,False,False
1073741824,1024 MB,4096,262144,256 KB,1,128,4096,4731.470651178941,82.55164099686846,4814.0222921758095,226936169.14488432,13006910717.144093,False,True,False,False
1073741824,1024 MB,4096,262144,256 KB,1,256,4096,4731.220651178941,45.27582049843423,4776.496471677375,226948160.56242096,23715568534.801777,False,True,False,False
1073741824,1024 MB,4096,262144,256 KB,2,1,4096,2426.970651178941,9518.61004759916,11945.580698778102,442420605.0775325,112804476.5601912,False,False,False,False
1073741824,1024 MB,4096,262144,256 KB,2,2,4096,2426.970651178941,4779.305023799579,7206.27567497852,442420605.0775325,224664845.33903387,False,False,False,False
1073741824,1024 MB,4096,262144,256 KB,2,4,4096,2410.970651178941,2393.6525118997897,4804.623163078731,445356654.78754413,448578821.9726992,False,False,False,False
1073741824,1024 MB,4096,262144,256 KB,2,8,4096,2402.970651178941,1200.8262559498953,3603.796907128836,446839341.7427728,894169176.164984,False,True,True,False
1073741824,1024 MB,4096,262144,256 KB,2,16,4096,2398.970651178941,604.4131279749477,3003.3837791538886,447584393.5282512,1776503147.1065361,False,True,True,False
1073741824,1024 MB,4096,262144,256 KB,2,32,4096,2396.970651178941,306.20656398747377,2703.1772151664145,447957851.91274,3506593098.5200057,False,True,True,False
1073741824,1024 MB,4096,262144,256 KB,2,64,4096,2395.970651178941,157.10328199373694,2553.0739331726777,448144814.90900725,6834623760.710522,False,True,True,False
1073741824,1024 MB,4096,262144,256 KB,2,128,4096,2395.470651178941,82.55164099686846,2478.0222921758095,448238354.94354874,13006910717.144093,False,True,True,False
1073741824,1024 MB,4096,262144,256 KB,2,256,4096,2395.220651178941,45.27582049843423,2440.496471677375,448285139.60561347,23715568534.801777,False,True,True,False
1073741824,1024 MB,4096,262144,256 KB,4,1,4096,1242.9706511789407,9502.61004759916,10745.580698778102,863851308.9440773,112994410.86412689,True,False,False,False
1073741824,1024 MB,4096,262144,256 KB,4,2,4096,1242.9706511789407,4763.305023799579,6006.27567497852,863851308.9440773,225419497.31018922,True,False,False,False
1073741824,1024 MB,4096,262144,256 KB,4,4,4096,1242.9706511789407,2393.6525118997897,3636.6231630787306,863851308.9440773,448578821.9726992,True,False,True,False
1073741824,1024 MB,4096,262144,256 KB,4,8,4096,1234.9706511789407,1200.8262559498953,2435.796907128836,869447239.8797277,894169176.164984,True,True,True,True
1073741824,1024 MB,4096,262144,256 KB,4,16,4096,1230.9706511789407,604.4131279749477,1835.3837791538883,872272481.0470847,1776503147.1065361,True,True,True,True
1073741824,1024 MB,4096,262144,256 KB,4,32,4096,1228.9706511789407,306.20656398747377,1535.1772151664145,873691998.2344322,3506593098.5200057,True,True,True,True
1073741824,1024 MB,4096,262144,256 KB,4,64,4096,1227.9706511789407,157.10328199373694,1385.0739331726777,874403490.8074799,6834623760.710522,True,True,True,True
1073741824,1024 MB,4096,262144,256 KB,4,128,4096,1227.4706511789407,82.55164099686846,1310.022292175809,874759671.8249111,13006910717.144093,True,True,True,True
1073741824,1024 MB,4096,262144,256 KB,4,256,4096,1227.2206511789407,45.27582049843423,1272.496471677375,874937871.1713334,23715568534.801777,True,True,True,True
1073741824,1024 MB,4096,262144,256 KB,8,1,4096,650.9706511789407,9494.61004759916,10145.580698778102,1649447363.034569,113089618.06930766,True,False,False,False
1073741824,1024 MB,4096,262144,256 KB,8,2,4096,650.9706511789407,4755.305023799579,5406.27567497852,1649447363.034569,225798727.65807563,True,False,False,False
1073741824,1024 MB,4096,262144,256 KB,8,4,4096,650.9706511789407,2385.6525118997897,3036.6231630787306,1649447363.034569,450083077.3317179,True,False,True,False
1073741824,1024 MB,4096,262144,256 KB,8,8,4096,650.9706511789407,1200.8262559498953,1851.796907128836,1649447363.034569,894169176.164984,True,True,True,True
1073741824,1024 MB,4096,262144,256 KB,8,16,4096,646.9706511789407,604.4131279749477,1251.3837791538883,1659645336.3740327,1776503147.1065361,True,True,True,True
1073741824,1024 MB,4096,262144,256 KB,8,32,4096,644.9706511789407,306.20656398747377,951.1772151664145,1664791757.6362727,3506593098.5200057,True,True,True,True
1073741824,1024 MB,4096,262144,256 KB,8,64,4096,643.9706511789407,157.10328199373694,801.0739331726776,1667376955.8197434,6834623760.710522,True,True,True,True
1073741824,1024 MB,4096,262144,256 KB,8,128,4096,643.4706511789407,82.55164099686846,726.0222921758091,1668672568.1004007,13006910717.144093,True,True,True,True
1073741824,1024 MB,4096,262144,256 KB,8,256,4096,643.2206511789407,45.27582049843423,688.4964716773749,1669321129.587443,23715568534.801777,True,True,True,True
1073741824,1024 MB,4096,262144,256 KB,16,1,4096,354.97065117894067,9490.61004759916,9845.580698778102,3024874931.0227532,113137281.86225757,True,False,False,False
1073741824,1024 MB,4096,262144,256 KB,16,2,4096,354.97065117894067,4751.305023799579,5106.27567497852,3024874931.0227532,225988821.72825384,True,False,False,False
1073741824,1024 MB,4096,262144,256 KB,16,4,4096,354.97065117894067,2381.6525118997897,2736.6231630787306,3024874931.0227532,450838994.62037843,True,False,True,False
1073741824,1024 MB,4096,262144,256 KB,16,8,4096,354.97065117894067,1196.8262559498953,1551.796907128836,3024874931.0227532,897157643.9453981,True,True,True,True
1073741824,1024 MB,4096,262144,256 KB,16,16,4096,354.97065117894067,604.4131279749477,959.3837791538883,3024874931.0227532,1776503147.1065361,True,True,True,True
1073741824,1024 MB,4096,262144,256 KB,16,32,4096,352.97065117894067,306.20656398747377,659.1772151664145,3042014457.614664,3506593098.5200057,True,True,True,True
1073741824,1024 MB,4096,262144,256 KB,16,64,4096,351.97065117894067,157.10328199373694,509.0739331726776,3050657264.7561836,6834623760.710522,True,True,True,True
1073741824,1024 MB,4096,262144,256 KB,16,128,4096,351.47065117894067,82.55164099686846,434.0222921758091,3054997111.133859,13006910717.144093,True,True,True,True
1073741824,1024 MB,4096,262144,256 KB,16,256,4096,351.22065117894067,45.27582049843423,396.49647167737487,3057171667.9978127,23715568534.801777,True,True,True,True
1073741824,1024 MB,4096,262144,256 KB,32,1,4096,206.9706511789407,9488.61004759916,9695.580698778102,5187894118.725435,113161128.82852443,True,False,False,False
1073741824,1024 MB,4096,262144,256 KB,32,2,4096,206.9706511789407,4749.305023799579,4956.27567497852,5187894118.725435,226083988.84032422,True,False,False,False
1073741824,1024 MB,4096,262144,256 KB,32,4,4096,206.9706511789407,2379.6525118997897,2586.6231630787306,5187894118.725435,451217906.2407649,True,False,True,False
1073741824,1024 MB,4096,262144,256 KB,32,8,4096,206.9706511789407,1194.8262559498953,1401.796907128836,5187894118.725435,898659381.3561351,True,True,True,True
1073741824,1024 MB,4096,262144,256 KB,32,16,4096,206.9706511789407,602.4131279749477,809.3837791538883,5187894118.725435,1782401103.3913813,True,True,True,True
1073741824,1024 MB,4096,262144,256 KB,32,32,4096,206.9706511789407,306.20656398747377,513.1772151664145,5187894118.725435,3506593098.5200057,True,True,True,True
1073741824,1024 MB,4096,262144,256 KB,32,64,4096,205.9706511789407,157.10328199373694,363.07393317267764,5213081659.227108,6834623760.710522,True,True,True,True
1073741824,1024 MB,4096,262144,256 KB,32,128,4096,205.4706511789407,82.55164099686846,288.0222921758092,5225767367.938584,13006910717.144093,True,True,True,True
1073741824,1024 MB,4096,262144,256 KB,32,256,4096,205.2206511789407,45.27582049843423,250.49647167737493,5232133402.908649,23715568534.801777,True,True,True,True
1073741824,1024 MB,4096,262144,256 KB,64,1,4096,132.9706511789407,9487.61004759916,9620.580698778102,8075028696.031944,113173056.08188549,True,False,False,False
1073741824,1024 MB,4096,262144,256 KB,64,2,4096,132.9706511789407,4748.305023799579,4881.27567497852,8075028696.031944,226131602.45985946,True,False,False,False
1073741824,1024 MB,4096,262144,256 KB,64,4,4096,132.9706511789407,2378.6525118997897,2511.6231630787306,8075028696.031944,451407600.99608684,True,False,True,False
1073741824,1024 MB,4096,262144,256 KB,64,8,4096,132.9706511789407,1193.8262559498953,1326.796907128836,8075028696.031944,899412136.9408588,True,True,True,True
1073741824,1024 MB,4096,262144,256 KB,64,16,4096,132.9706511789407,601.4131279749477,734.3837791538883,8075028696.031944,1785364791.7787516,True,True,True,True
1073741824,1024 MB,4096,262144,256 KB,64,32,4096,132.9706511789407,305.20656398747377,438.1772151664145,8075028696.031944,3518082343.877992,True,True,True,True
1073741824,1024 MB,4096,262144,256 KB,64,64,4096,132.9706511789407,157.10328199373694,290.07393317267764,8075028696.031944,6834623760.710522,True,True,True,True
1073741824,1024 MB,4096,262144,256 KB,64,128,4096,132.4706511789407,82.55164099686846,215.02229217580916,8105507253.448878,13006910717.144093,True,True,True,True
1073741824,1024 MB,4096,262144,256 KB,64,256,4096,132.2206511789407,45.27582049843423,177.49647167737493,8120832974.471231,23715568534.801777,True,True,True,True
1073741824,1024 MB,4096,262144,256 KB,128,1,4096,95.9706511789407,9487.11004759916,9583.080698778102,11188231097.83813,113179020.65147063,True,False,False,False
1073741824,1024 MB,4096,262144,256 KB,128,2,4096,95.9706511789407,4747.805023799579,4843.77567497852,11188231097.83813,226155416.79104263,True,False,False,False
1073741824,1024 MB,4096,262144,256 KB,128,4,4096,95.9706511789407,2378.1525118997897,2474.1231630787306,11188231097.83813,451502508.1979457,True,False,True,False
1073741824,1024 MB,4096,262144,256 KB,128,8,4096,95.9706511789407,1193.3262559498953,1289.296907128836,11188231097.83813,899788987.8366035,True,True,True,True
1073741824,1024 MB,4096,262144,256 KB,128,16,4096,95.9706511789407,600.9131279749477,696.8837791538883,11188231097.83813,1786850334.9535155,True,True,True,True
1073741824,1024 MB,4096,262144,256 KB,128,32,4096,95.9706511789407,304.70656398747377,400.6772151664145,11188231097.83813,3523855246.0069113,True,True,True,True
1073741824,1024 MB,4096,262144,256 KB,128,64,4096,95.9706511789407,156.60328199373694,252.57393317267764,11188231097.83813,6856445218.32526,True,True,True,True
1073741824,1024 MB,4096,262144,256 KB,128,128,4096,95.9706511789407,82.55164099686846,178.52229217580916,11188231097.83813,13006910717.144093,True,True,True,True
1073741824,1024 MB,4096,262144,256 KB,128,256,4096,95.7206511789407,45.27582049843423,140.99647167737493,11217452146.170017,23715568534.801777,True,True,True,True
1073741824,1024 MB,4096,262144,256 KB,256,1,4096,77.4706511789407,9486.86004759916,9564.330698778102,13859981911.34195,113182003.17203286,True,False,False,False
1073741824,1024 MB,4096,262144,256 KB,256,2,4096,77.4706511789407,4747.555023799579,4825.02567497852,13859981911.34195,226167325.83768123,True,False,False,False
1073741824,1024 MB,4096,262144,256 KB,256,4,4096,77.4706511789407,2377.9025118997897,2455.3731630787306,13859981911.34195,451549976.76593137,True,False,True,False
1073741824,1024 MB,4096,262144,256 KB,256,8,4096,77.4706511789407,1193.0762559498953,1270.546907128836,13859981911.34195,899977531.7338083,True,True,True,True
1073741824,1024 MB,4096,262144,256 KB,256,16,4096,77.4706511789407,600.6631279749477,678.1337791538883,13859981911.34195,1787594033.9803634,True,True,True,True
1073741824,1024 MB,4096,262144,256 KB,256,32,4096,77.4706511789407,304.45656398747377,381.9272151664145,13859981911.34195,3526748807.5710425,True,True,True,True
1073741824,1024 MB,4096,262144,256 KB,256,64,4096,77.4706511789407,156.35328199373694,233.82393317267764,13859981911.34195,6867408284.035963,True,True,True,True
1073741824,1024 MB,4096,262144,256 KB,256,128,4096,77.4706511789407,82.30164099686846,159.77229217580916,13859981911.34195,13046420593.738287,True,True,True,True
1073741824,1024 MB,4096,262144,256 KB,256,256,4096,77.4706511789407,45.27582049843423,122.74647167737493,13859981911.34195,23715568534.801777,True,True,True,True
1073741824,1024 MB,4096,1048576,1 MB,1,1,1024,19002.97065117894,38178.44019039664,57181.41084157558,56503893.191740796,28124297.866681512,False,False,False,False
1073741824,1024 MB,4096,1048576,1 MB,1,2,1024,18874.97065117894,19093.220095198318,37968.19074637726,56887072.50694101,56236811.73978774,False,False,False,False
1073741824,1024 MB,4096,1048576,1 MB,1,4,1024,18810.97065117894,9550.610047599159,28361.5806987781,57080617.683740065,112426517.11760738,False,False,False,False
1073741824,1024 MB,4096,1048576,1 MB,1,8,1024,18778.97065117894,4779.305023799581,23558.275674978522,57177884.983413115,224664845.33903378,False,False,False,False
1073741824,1024 MB,4096,1048576,1 MB,1,16,1024,18762.97065117894,2393.6525118997906,21156.62316307873,57226643.04932616,448578821.97269905,False,False,False,False
1073741824,1024 MB,4096,1048576,1 MB,1,32,1024,18754.97065117894,1200.826255949895,19955.796907128835,57251053.27917452,894169176.1649841,False,True,False,False
1073741824,1024 MB,4096,1048576,1 MB,1,64,1024,18750.97065117894,604.4131279749478,19355.38377915389,57263266.20496789,1776503147.1065357,False,True,False,False
1073741824,1024 MB,4096,1048576,1 MB,1,128,1024,18748.97065117894,306.2065639874738,19055.177215166415,57269374.62204,3506593098.520005,False,True,False,False
1073741824,1024 MB,4096,1048576,1 MB,1,256,1024,18747.97065117894,157.1032819937369,18905.073933172676,57272429.319302306,6834623760.710524,False,True,False,False
1073741824,1024 MB,4096,1048576,1 MB,2,1,1024,9530.97065117894,38050.44019039664,47581.41084157558,112658181.76317464,28218906.762371603,False,False,False,False
1073741824,1024 MB,4096,1048576,1 MB,2,2,1024,9530.97065117894,19093.220095198318,28624.19074637726,112658181.76317464,56236811.73978774,False,False,False,False
1073741824,1024 MB,4096,1048576,1 MB,2,4,1024,9466.97065117894,9550.610047599159,19017.5806987781,113419790.08525655,112426517.11760738,False,False,False,False
1073741824,1024 MB,4096,1048576,1 MB,2,8,1024,9434.97065117894,4779.305023799581,14214.275674978522,113804468.8952828,224664845.33903378,False,False,False,False
1073741824,1024 MB,4096,1048576,1 MB,2,16,1024,9418.97065117894,2393.6525118997906,11812.623163078732,113997788.48080425,448578821.97269905,False,False,False,False
1073741824,1024 MB,4096,1048576,1 MB,2,32,1024,9410.97065117894,1200.826255949895,10611.796907128835,114094694.77683358,894169176.1649841,False,True,False,False
1073741824,1024 MB,4096,1048576,1 MB,2,64,1024,9406.97065117894,604.4131279749478,10011.383779153888,114143209.73409563,1776503147.1065357,False,True,False,False
1073741824,1024 MB,4096,1048576,1 MB,2,128,1024,9404.97065117894,306.2065639874738,9711.177215166415,114167482.68804042,3506593098.520005,False,True,False,False
1073741824,1024 MB,4096,1048576,1 MB,2,256,1024,9403.97065117894,157.1032819937369,9561.073933172678,114179623.03672108,6834623760.710524,False,True,False,False
1073741824,1024 MB,4096,1048576,1 MB,4,1,1024,4794.970651178941,37986.44019039664,42781.41084157558,223930843.817782,28266450.30748243,False,False,False,False
1073741824,1024 MB,4096,1048576,1 MB,4,2,1024,4794.970651178941,19029.220095198318,23824.19074637726,223930843.817782,56425950.124510854,False,False,False,False
1073741824,1024 MB,4096,1048576,1 MB,4,4,1024,4794.970651178941,9550.610047599159,14345.5806987781,223930843.817782,112426517.11760738,False,False,False,False
1073741824,1024 MB,4096,1048576,1 MB,4,8,1024,4762.970651178941,4779.305023799581,9542.275674978522,225435322.3306604,224664845.33903378,False,False,False,False
1073741824,1024 MB,4096,1048576,1 MB,4,16,1024,4746.970651178941,2393.6525118997906,7140.6231630787315,226195168.01380038,448578821.97269905,False,False,False,False
1073741824,1024 MB,4096,1048576,1 MB,4,32,1024,4738.970651178941,1200.826255949895,5939.796907128836,226577014.93316466,894169176.1649841,False,True,False,False
1073741824,1024 MB,4096,1048576,1 MB,4,64,1024,4734.970651178941,604.4131279749478,5339.383779153889,226768422.2567786,1776503147.1065357,False,True,False,False
1073741824,1024 MB,4096,1048576,1 MB,4,128,1024,4732.970651178941,306.2065639874738,5039.1772151664145,226864247.24238265,3506593098.520005,False,True,False,False
1073741824,1024 MB,4096,1048576,1 MB,4,256,1024,4731.970651178941,157.1032819937369,4889.073933172678,226912190.11100248,6834623760.710524,False,True,False,False
1073741824,1024 MB,4096,1048576,1 MB,8,1,1024,2426.970651178941,37954.44019039664,40381.41084157558,442420605.0775325,28290282.207131106,False,False,False,False
1073741824,1024 MB,4096,1048576,1 MB,8,2,1024,2426.970651178941,18997.220095198318,21424.19074637726,442420605.0775325,56520997.210081056,False,False,False,False
1073741824,1024 MB,4096,1048576,1 MB,8,4,1024,2426.970651178941,9518.610047599159,11945.5806987781,442420605.0775325,112804476.56019123,False,False,False,False
1073741824,1024 MB,4096,1048576,1 MB,8,8,1024,2426.970651178941,4779.305023799581,7206.275674978522,442420605.0775325,224664845.33903378,False,False,False,False
1073741824,1024 MB,4096,1048576,1 MB,8,16,1024,2410.970651178941,2393.6525118997906,4804.6231630787315,445356654.78754413,448578821.97269905,False,False,False,False
1073741824,1024 MB,4096,1048576,1 MB,8,32,1024,2402.970651178941,1200.826255949895,3603.796907128836,446839341.7427728,894169176.1649841,False,True,True,False
1073741824,1024 MB,4096,1048576,1 MB,8,64,1024,2398.970651178941,604.4131279749478,3003.3837791538886,447584393.5282512,1776503147.1065357,False,True,True,False
1073741824,1024 MB,4096,1048576,1 MB,8,128,1024,2396.970651178941,306.2065639874738,2703.1772151664145,447957851.91274,3506593098.520005,False,True,True,False
1073741824,1024 MB,4096,1048576,1 MB,8,256,1024,2395.970651178941,157.1032819937369,2553.0739331726777,448144814.90900725,6834623760.710524,False,True,True,False
1073741824,1024 MB,4096,1048576,1 MB,16,1,1024,1242.9706511789407,37938.44019039664,39181.41084157558,863851308.9440773,28302213.233104832,True,False,False,False
1073741824,1024 MB,4096,1048576,1 MB,16,2,1024,1242.9706511789407,18981.220095198318,20224.19074637726,863851308.9440773,56568640.9311288,True,False,False,False
1073741824,1024 MB,4096,1048576,1 MB,16,4,1024,1242.9706511789407,9502.610047599159,10745.5806987781,863851308.9440773,112994410.86412692,True,False,False,False
1073741824,1024 MB,4096,1048576,1 MB,16,8,1024,1242.9706511789407,4763.305023799581,6006.275674978522,863851308.9440773,225419497.31018913,True,False,False,False
1073741824,1024 MB,4096,1048576,1 MB,16,16,1024,1242.9706511789407,2393.6525118997906,3636.6231630787315,863851308.9440773,448578821.97269905,True,False,True,False
1073741824,1024 MB,4096,1048576,1 MB,16,32,1024,1234.9706511789407,1200.826255949895,2435.7969071288358,869447239.8797277,894169176.1649841,True,True,True,True
1073741824,1024 MB,4096,1048576,1 MB,16,64,1024,1230.9706511789407,604.4131279749478,1835.3837791538886,872272481.0470847,1776503147.1065357,True,True,True,True
1073741824,1024 MB,4096,1048576,1 MB,16,128,1024,1228.9706511789407,306.2065639874738,1535.1772151664145,873691998.2344322,3506593098.520005,True,True,True,True
1073741824,1024 MB,4096,1048576,1 MB,16,256,1024,1227.9706511789407,157.1032819937369,1385.0739331726777,874403490.8074799,6834623760.710524,True,True,True,True
1073741824,1024 MB,4096,1048576,1 MB,32,1,1024,650.9706511789407,37930.44019039664,38581.41084157558,1649447363.034569,28308182.520693593,True,False,False,False
1073741824,1024 MB,4096,1048576,1 MB,32,2,1024,650.9706511789407,18973.220095198318,19624.19074637726,1649447363.034569,56592492.92489571,True,False,False,False
1073741824,1024 MB,4096,1048576,1 MB,32,4,1024,650.9706511789407,9494.610047599159,10145.5806987781,1649447363.034569,113089618.06930768,True,False,False,False
1073741824,1024 MB,4096,1048576,1 MB,32,8,1024,650.9706511789407,4755.305023799581,5406.275674978522,1649447363.034569,225798727.65807554,True,False,False,False
1073741824,1024 MB,4096,1048576,1 MB,32,16,1024,650.9706511789407,2385.6525118997906,3036.6231630787315,1649447363.034569,450083077.3317177,True,False,True,False
1073741824,1024 MB,4096,1048576,1 MB,32,32,1024,650.9706511789407,1200.826255949895,1851.7969071288358,1649447363.034569,894169176.1649841,True,True,True,True
1073741824,1024 MB,4096,1048576,1 MB,32,64,1024,646.9706511789407,604.4131279749478,1251.3837791538886,1659645336.3740327,1776503147.1065357,True,True,True,True
1073741824,1024 MB,4096,1048576,1 MB,32,128,1024,644.9706511789407,306.2065639874738,951.1772151664145,1664791757.6362727,3506593098.520005,True,True,True,True
1073741824,1024 MB,4096,1048576,1 MB,32,256,1024,643.9706511789407,157.1032819937369,801.0739331726776,1667376955.8197434,6834623760.710524,True,True,True,True
1073741824,1024 MB,4096,1048576,1 MB,64,1,1024,354.97065117894067,37926.44019039664,38281.41084157558,3024874931.0227532,28311168.108835123,True,False,False,False
1073741824,1024 MB,4096,1048576,1 MB,64,2,1024,354.97065117894067,18969.220095198318,19324.19074637726,3024874931.0227532,56604426.46620967,True,False,False,False
1073741824,1024 MB,4096,1048576,1 MB,64,4,1024,354.97065117894067,9490.610047599159,9845.5806987781,3024874931.0227532,113137281.8622576,True,False,False,False
1073741824,1024 MB,4096,1048576,1 MB,64,8,1024,354.97065117894067,4751.305023799581,5106.275674978522,3024874931.0227532,225988821.72825375,True,False,False,False
1073741824,1024 MB,4096,1048576,1 MB,64,16,1024,354.97065117894067,2381.6525118997906,2736.6231630787315,3024874931.0227532,450838994.62037826,True,False,True,False
1073741824,1024 MB,4096,1048576,1 MB,64,32,1024,354.97065117894067,1196.826255949895,1551.7969071288358,3024874931.0227532,897157643.9453983,True,True,True,True
1073741824,1024 MB,4096,1048576,1 MB,64,64,1024,354.97065117894067,604.4131279749478,959.3837791538884,3024874931.0227532,1776503147.1065357,True,True,True,True
1073741824,1024 MB,4096,1048576,1 MB,64,128,1024,352.97065117894067,306.2065639874738,659.1772151664145,3042014457.614664,3506593098.520005,True,True,True,True
1073741824,1024 MB,4096,1048576,1 MB,64,256,1024,351.97065117894067,157.1032819937369,509.0739331726776,3050657264.7561836,6834623760.710524,True,True,True,True
1073741824,1024 MB,4096,1048576,1 MB,128,1,1024,206.9706511789407,37924.44019039664,38131.41084157558,5187894118.725435,28312661.13907982,True,False,False,False
1073741824,1024 MB,4096,1048576,1 MB,128,2,1024,206.9706511789407,18967.220095198318,19174.19074637726,5187894118.725435,56610395.12436644,True,False,False,False
1073741824,1024 MB,4096,1048576,1 MB,128,4,1024,206.9706511789407,9488.610047599159,9695.5806987781,5187894118.725435,113161128.82852444,True,False,False,False
1073741824,1024 MB,4096,1048576,1 MB,128,8,1024,206.9706511789407,4749.305023799581,4956.275674978522,5187894118.725435,226083988.84032413,True,False,False,False
1073741824,1024 MB,4096,1048576,1 MB,128,16,1024,206.9706511789407,2379.6525118997906,2586.6231630787315,5187894118.725435,451217906.24076474,True,False,True,False
1073741824,1024 MB,4096,1048576,1 MB,128,32,1024,206.9706511789407,1194.826255949895,1401.7969071288358,5187894118.725435,898659381.3561352,True,True,True,True
1073741824,1024 MB,4096,1048576,1 MB,128,64,1024,206.9706511789407,602.4131279749478,809.3837791538884,5187894118.725435,1782401103.391381,True,True,True,True
1073741824,1024 MB,4096,1048576,1 MB,128,128,1024,206.9706511789407,306.2065639874738,513.1772151664145,5187894118.725435,3506593098.520005,True,True,True,True
1073741824,1024 MB,4096,1048576,1 MB,128,256,1024,205.9706511789407,157.1032819937369,363.0739331726776,5213081659.227108,6834623760.710524,True,True,True,True
1073741824,1024 MB,4096,1048576,1 MB,256,1,1024,132.9706511789407,37923.44019039664,38056.41084157558,8075028696.031944,28313407.71325656,True,False,False,False
1073741824,1024 MB,4096,1048576,1 MB,256,2,1024,132.9706511789407,18966.220095198318,19099.19074637726,8075028696.031944,56613379.92549393,True,False,False,False
1073741824,1024 MB,4096,1048576,1 MB,256,4,1024,132.9706511789407,9487.610047599159,9620.5806987781,8075028696.031944,113173056.0818855,True,False,False,False
1073741824,1024 MB,4096,1048576,1 MB,256,8,1024,132.9706511789407,4748.305023799581,4881.275674978522,8075028696.031944,226131602.45985937,True,False,False,False
1073741824,1024 MB,4096,1048576,1 MB,256,16,1024,132.9706511789407,2378.6525118997906,2511.6231630787315,8075028696.031944,451407600.99608666,True,False,True,False
1073741824,1024 MB,4096,1048576,1 MB,256,32,1024,132.9706511789407,1193.826255949895,1326.7969071288358,8075028696.031944,899412136.940859,True,True,True,True
1073741824,1024 MB,4096,1048576,1 MB,256,64,1024,132.9706511789407,601.4131279749478,734.3837791538884,8075028696.031944,1785364791.7787511,True,True,True,True
1073741824,1024 MB,4096,1048576,1 MB,256,128,1024,132.9706511789407,305.2065639874738,438.1772151664145,8075028696.031944,3518082343.877991,True,True,True,True
1073741824,1024 MB,4096,1048576,1 MB,256,256,1024,132.9706511789407,157.1032819937369,290.0739331726776,8075028696.031944,6834623760.710524,True,True,True,True
1073741824,1024 MB,4096,4194304,4 MB,1,1,256,75834.97065117894,152689.76076158657,228524.7314127655,14158927.138495669,7032179.621242357,False,False,False,False
1073741824,1024 MB,4096,4194304,4 MB,1,2,256,75322.97065117894,76348.88038079327,151671.8510319722,14255170.962023046,14063622.395569747,False,False,False,False
1073741824,1024 MB,4096,4194304,4 MB,1,4,256,75066.97065117894,38178.440190396635,113245.41084157558,14303785.202542162,28124297.866681516,False,False,False,False
1073741824,1024 MB,4096,4194304,4 MB,1,8,256,74938.97065117894,19093.220095198325,94032.19074637727,14328216.876609953,56236811.73978772,False,False,False,False
1073741824,1024 MB,4096,4194304,4 MB,1,16,256,74874.97065117894,9550.610047599162,84425.5806987781,14340464.03840685,112426517.11760736,False,False,False,False
1073741824,1024 MB,4096,4194304,4 MB,1,32,256,74842.97065117894,4779.30502379958,79622.27567497852,14346595.47393428,224664845.3390338,False,False,False,False
1073741824,1024 MB,4096,4194304,4 MB,1,64,256,74826.97065117894,2393.652511899791,77220.62316307874,14349663.158294417,448578821.972699,False,False,False,False
1073741824,1024 MB,4096,4194304,4 MB,1,128,256,74818.97065117894,1200.8262559498953,76019.79690712884,14351197.492491575,894169176.164984,False,True,False,False
1073741824,1024 MB,4096,4194304,4 MB,1,256,256,74814.97065117894,604.4131279749477,75419.38377915388,14351964.782640463,1776503147.1065361,False,True,False,False
1073741824,1024 MB,4096,4194304,4 MB,2,1,256,37946.97065117894,152177.76076158657,190124.7314127655,28295850.90915922,7055839.293641644,False,False,False,False
1073741824,1024 MB,4096,4194304,4 MB,2,2,256,37946.97065117894,76348.88038079327,114295.85103197221,28295850.90915922,14063622.395569747,False,False,False,False
1073741824,1024 MB,4096,4194304,4 MB,2,4,256,37690.97065117894,38178.440190396635,75869.41084157558,28488038.52618251,28124297.866681516,False,False,False,False
1073741824,1024 MB,4096,4194304,4 MB,2,8,256,37562.97065117894,19093.220095198325,56656.190746377266,28585114.685712423,56236811.73978772,False,False,False,False
1073741824,1024 MB,4096,4194304,4 MB,2,16,256,37498.97065117894,9550.610047599162,47049.5806987781,28633901.28726753,112426517.11760736,False,False,False,False
1073741824,1024 MB,4096,4194304,4 MB,2,32,256,37466.97065117894,4779.30502379958,42246.27567497852,28658357.089945663,224664845.3390338,False,False,False,False
1073741824,1024 MB,4096,4194304,4 MB,2,64,256,37450.97065117894,2393.652511899791,39844.62316307873,28670600.66348905,448578821.972699,False,False,False,False
1073741824,1024 MB,4096,4194304,4 MB,2,128,256,37442.97065117894,1200.8262559498953,38643.79690712884,28676726.3741717,894169176.164984,False,True,False,False
1073741824,1024 MB,4096,4194304,4 MB,2,256,256,37438.97065117894,604.4131279749477,38043.38377915389,28679790.211224414,1776503147.1065361,False,True,False,False
1073741824,1024 MB,4096,4194304,4 MB,4,1,256,19002.97065117894,151921.76076158657,170924.7314127655,56503893.191740796,7067728.932427538,False,False,False,False
1073741824,1024 MB,4096,4194304,4 MB,4,2,256,19002.97065117894,76092.88038079327,95095.85103197221,56503893.191740796,14110936.773935355,False,False,False,False
1073741824,1024 MB,4096,4194304,4 MB,4,4,256,19002.97065117894,38178.440190396635,57181.410841575576,56503893.191740796,28124297.866681516,False,False,False,False
1073741824,1024 MB,4096,4194304,4 MB,4,8,256,18874.97065117894,19093.220095198325,37968.190746377266,56887072.50694101,56236811.73978772,False,False,False,False
1073741824,1024 MB,4096,4194304,4 MB,4,16,256,18810.97065117894,9550.610047599162,28361.580698778103,57080617.683740065,112426517.11760736,False,False,False,False
1073741824,1024 MB,4096,4194304,4 MB,4,32,256,18778.97065117894,4779.30502379958,23558.275674978522,57177884.983413115,224664845.3390338,False,False,False,False
1073741824,1024 MB,4096,4194304,4 MB,4,64,256,18762.97065117894,2393.652511899791,21156.623163078733,57226643.04932616,448578821.972699,False,False,False,False
1073741824,1024 MB,4096,4194304,4 MB,4,128,256,18754.97065117894,1200.8262559498953,19955.796907128835,57251053.27917452,894169176.164984,False,True,False,False
1073741824,1024 MB,4096,4194304,4 MB,4,256,256,18750.97065117894,604.4131279749477,19355.38377915389,57263266.20496789,1776503147.1065361,False,True,False,False
1073741824,1024 MB,4096,4194304,4 MB,8,1,256,9530.97065117894,151793.76076158657,161324.7314127655,112658181.76317464,7073688.790716914,False,False,False,False
1073741824,1024 MB,4096,4194304,4 MB,8,2,256,9530.97065117894,75964.88038079327,85495.85103197221,112658181.76317464,14134713.549440164,False,False,False,False
1073741824,1024 MB,4096,4194304,4 MB,8,4,256,9530.97065117894,38050.440190396635,47581.410841575576,112658181.76317464,28218906.762371607,False,False,False,False
1073741824,1024 MB,4096,4194304,4 MB,8,8,256,9530.97065117894,19093.220095198325,28624.190746377266,112658181.76317464,56236811.73978772,False,False,False,False
1073741824,1024 MB,4096,4194304,4 MB,8,16,256,9466.97065117894,9550.610047599162,19017.580698778103,113419790.08525655,112426517.11760736,False,False,False,False
1073741824,1024 MB,4096,4194304,4 MB,8,32,256,9434.97065117894,4779.30502379958,14214.275674978522,113804468.8952828,224664845.3390338,False,False,False,False
1073741824,1024 MB,4096,4194304,4 MB,8,64,256,9418.97065117894,2393.652511899791,11812.623163078732,113997788.48080425,448578821.972699,False,False,False,False
1073741824,1024 MB,4096,4194304,4 MB,8,128,256,9410.97065117894,1200.8262559498953,10611.796907128835,114094694.77683358,894169176.164984,False,True,False,False
1073741824,1024 MB,4096,4194304,4 MB,8,256,256,9406.97065117894,604.4131279749477,10011.383779153888,114143209.73409563,1776503147.1065361,False,True,False,False
1073741824,1024 MB,4096,4194304,4 MB,16,1,256,4794.970651178941,151729.76076158657,156524.7314127655,223930843.817782,7076672.49068674,False,False,False,False
1073741824,1024 MB,4096,4194304,4 MB,16,2,256,4794.970651178941,75900.88038079327,80695.85103197221,223930843.817782,14146632.010235688,False,False,False,False
1073741824,1024 MB,4096,4194304,4 MB,16,4,256,4794.970651178941,37986.440190396635,42781.410841575576,223930843.817782,28266450.307482433,False,False,False,False
1073741824,1024 MB,4096,4194304,4 MB,16,8,256,4794.970651178941,19029.220095198325,23824.190746377266,223930843.817782,56425950.12451083,False,False,False,False
1073741824,1024 MB,4096,4194304,4 MB,16,16,256,4794.970651178941,9550.610047599162,14345.580698778103,223930843.817782,112426517.11760736,False,False,False,False
1073741824,1024 MB,4096,4194304,4 MB,16,32,256,4762.970651178941,4779.30502379958,9542.275674978522,225435322.3306604,224664845.3390338,False,False,False,False
1073741824,1024 MB,4096,4194304,4 MB,16,64,256,4746.970651178941,2393.652511899791,7140.6231630787315,226195168.01380038,448578821.972699,False,False,False,False
1073741824,1024 MB,4096,4194304,4 MB,16,128,256,4738.970651178941,1200.8262559498953,5939.796907128836,226577014.93316466,894169176.164984,False,True,False,False
1073741824,1024 MB,4096,4194304,4 MB,16,256,256,4734.970651178941,604.4131279749477,5339.383779153888,226768422.2567786,1776503147.1065361,False,True,False,False
1073741824,1024 MB,4096,4194304,4 MB,32,1,256,2426.970651178941,151697.76076158657,154124.7314127655,442420605.0775325,7078165.284769955,False,False,False,False
1073741824,1024 MB,4096,4194304,4 MB,32,2,256,2426.970651178941,75868.88038079327,78295.85103197221,442420605.0775325,14152598.78109161,False,False,False,False
1073741824,1024 MB,4096,4194304,4 MB,32,4,256,2426.970651178941,37954.440190396635,40381.410841575576,442420605.0775325,28290282.20713111,False,False,False,False
1073741824,1024 MB,4096,4194304,4 MB,32,8,256,2426.970651178941,18997.220095198325,21424.190746377266,442420605.0775325,56520997.21008103,False,False,False,False
1073741824,1024 MB,4096,4194304,4 MB,32,16,256,2426.970651178941,9518.610047599162,11945.580698778103,442420605.0775325,112804476.56019118,False,False,False,False
1073741824,1024 MB,4096,4194304,4 MB,32,32,256,2426.970651178941,4779.30502379958,7206.275674978521,442420605.0775325,224664845.3390338,False,False,False,False
1073741824,1024 MB,4096,4194304,4 MB,32,64,256,2410.970651178941,2393.652511899791,4804.6231630787315,445356654.78754413,448578821.972699,False,False,False,False
1073741824,1024 MB,4096,4194304,4 MB,32,128,256,2402.970651178941,1200.8262559498953,3603.796907128836,446839341.7427728,894169176.164984,False,True,True,False
1073741824,1024 MB,4096,4194304,4 MB,32,256,256,2398.970651178941,604.4131279749477,3003.3837791538886,447584393.5282512,1776503147.1065361,False,True,True,False
1073741824,1024 MB,4096,4194304,4 MB,64,1,256,1242.9706511789407,151681.76076158657,152924.7314127655,863851308.9440773,7078911.918010417,True,False,False,False
1073741824,1024 MB,4096,4194304,4 MB,64,2,256,1242.9706511789407,75852.88038079327,77095.85103197221,863851308.9440773,14155584.054417564,True,False,False,False
1073741824,1024 MB,4096,4194304,4 MB,64,4,256,1242.9706511789407,37938.440190396635,39181.410841575576,863851308.9440773,28302213.233104836,True,False,False,False
1073741824,1024 MB,4096,4194304,4 MB,64,8,256,1242.9706511789407,18981.220095198325,20224.190746377266,863851308.9440773,56568640.93112878,True,False,False,False
1073741824,1024 MB,4096,4194304,4 MB,64,16,256,1242.9706511789407,9502.610047599162,10745.580698778103,863851308.9440773,112994410.86412688,True,False,False,False
1073741824,1024 MB,4096,4194304,4 MB,64,32,256,1242.9706511789407,4763.30502379958,6006.275674978521,863851308.9440773,225419497.3101892,True,False,False,False
1073741824,1024 MB,4096,4194304,4 MB,64,64,256,1242.9706511789407,2393.652511899791,3636.6231630787315,863851308.9440773,448578821.972699,True,False,True,False
1073741824,1024 MB,4096,4194304,4 MB,64,128,256,1234.9706511789407,1200.8262559498953,2435.796907128836,869447239.8797277,894169176.164984,True,True,True,True
1073741824,1024 MB,4096,4194304,4 MB,64,256,256,1230.9706511789407,604.4131279749477,1835.3837791538883,872272481.0470847,1776503147.1065361,True,True,True,True
1073741824,1024 MB,4096,4194304,4 MB,128,1,256,650.9706511789407,151673.76076158657,152324.7314127655,1649447363.034569,7079285.293702163,True,False,False,False
1073741824,1024 MB,4096,4194304,4 MB,128,2,256,650.9706511789407,75844.88038079327,76495.85103197221,1649447363.034569,14157077.163403518,True,False,False,False
1073741824,1024 MB,4096,4194304,4 MB,128,4,256,650.9706511789407,37930.440190396635,38581.410841575576,1649447363.034569,28308182.520693596,True,False,False,False
1073741824,1024 MB,4096,4194304,4 MB,128,8,256,650.9706511789407,18973.220095198325,19624.190746377266,1649447363.034569,56592492.9248957,True,False,False,False
1073741824,1024 MB,4096,4194304,4 MB,128,16,256,650.9706511789407,9494.610047599162,10145.580698778103,1649447363.034569,113089618.06930764,True,False,False,False
1073741824,1024 MB,4096,4194304,4 MB,128,32,256,650.9706511789407,4755.30502379958,5406.275674978521,1649447363.034569,225798727.65807557,True,False,False,False
1073741824,1024 MB,4096,4194304,4 MB,128,64,256,650.9706511789407,2385.652511899791,3036.6231630787315,1649447363.034569,450083077.3317176,True,False,True,False
1073741824,1024 MB,4096,4194304,4 MB,128,128,256,650.9706511789407,1200.8262559498953,1851.796907128836,1649447363.034569,894169176.164984,True,True,True,True
1073741824,1024 MB,4096,4194304,4 MB,128,256,256,646.9706511789407,604.4131279749477,1251.3837791538883,1659645336.3740327,1776503147.1065361,True,True,True,True
1073741824,1024 MB,4096,4194304,4 MB,256,1,256,354.97065117894067,151669.76076158657,152024.7314127655,3024874931.0227532,7079471.996318642,True,False,False,False
1073741824,1024 MB,4096,4194304,4 MB,256,2,256,354.97065117894067,75840.88038079327,76195.85103197221,3024874931.0227532,14157823.836020838,True,False,False,False
1073741824,1024 MB,4096,4194304,4 MB,256,4,256,354.97065117894067,37926.440190396635,38281.410841575576,3024874931.0227532,28311168.108835127,True,False,False,False
1073741824,1024 MB,4096,4194304,4 MB,256,8,256,354.97065117894067,18969.220095198325,19324.190746377266,3024874931.0227532,56604426.46620965,True,False,False,False
1073741824,1024 MB,4096,4194304,4 MB,256,16,256,354.97065117894067,9490.610047599162,9845.580698778103,3024874931.0227532,113137281.86225756,True,False,False,False
1073741824,1024 MB,4096,4194304,4 MB,256,32,256,354.97065117894067,4751.30502379958,5106.275674978521,3024874931.0227532,225988821.72825378,True,False,False,False
1073741824,1024 MB,4096,4194304,4 MB,256,64,256,354.97065117894067,2381.652511899791,2736.6231630787315,3024874931.0227532,450838994.6203782,True,False,True,False
1073741824,1024 MB,4096,4194304,4 MB,256,128,256,354.97065117894067,1196.8262559498953,1551.796907128836,3024874931.0227532,897157643.9453981,True,True,True,True
1073741824,1024 MB,4096,4194304,4 MB,256,256,256,354.97065117894067,604.4131279749477,959.3837791538883,3024874931.0227532,1776503147.1065361,True,True,True,True
1073741824,1024 MB,4096,16777216,16 MB,1,1,64,303162.9706511789,610735.0430463463,913898.0136975253,3541797.409141546,1758113.9910429504,False,False,False,False
1073741824,1024 MB,4096,16777216,16 MB,1,2,64,301114.9706511789,305371.5215231731,606486.492174352,3565886.5505025205,3516181.9237244073,False,False,False,False
1073741824,1024 MB,4096,16777216,16 MB,1,4,64,300090.9706511789,152689.76076158654,452780.73141276545,3578054.4201981365,7032179.621242358,False,False,False,False
1073741824,1024 MB,4096,16777216,16 MB,1,8,64,299578.9706511789,76348.8803807933,375927.8510319722,3584169.54857033,14063622.395569742,False,False,False,False
1073741824,1024 MB,4096,16777216,16 MB,1,16,64,299322.9706511789,38178.44019039665,337501.4108415756,3587234.957825215,28124297.86668151,False,False,False,False
1073741824,1024 MB,4096,16777216,16 MB,1,32,64,299194.9706511789,19093.22009519832,318288.1907463772,3588769.629593268,56236811.73978773,False,False,False,False
1073741824,1024 MB,4096,16777216,16 MB,1,64,64,299130.9706511789,9550.610047599164,308681.5806987781,3589537.457998979,112426517.11760733,False,False,False,False
1073741824,1024 MB,4096,16777216,16 MB,1,128,64,299098.9706511789,4779.305023799581,303878.2756749785,3589921.495424471,224664845.33903378,False,False,False,False
1073741824,1024 MB,4096,16777216,16 MB,1,256,64,299082.9706511789,2393.6525118997906,301476.6231630787,3590113.5449544108,448578821.97269905,False,False,False,False
1073741824,1024 MB,4096,16777216,16 MB,2,1,64,151610.97065117894,608687.0430463463,760298.0136975253,7082217.199640694,1764029.3748100102,False,False,False,False
1073741824,1024 MB,4096,16777216,16 MB,2,2,64,151610.97065117894,305371.5215231731,456982.49217435205,7082217.199640694,3516181.9237244073,False,False,False,False
1073741824,1024 MB,4096,16777216,16 MB,2,4,64,150586.97065117894,152689.76076158654,303276.73141276545,7130376.681042516,7032179.621242358,False,False,False,False
1073741824,1024 MB,4096,16777216,16 MB,2,8,64,150074.97065117894,76348.8803807933,226423.85103197224,7154702.875109741,14063622.395569742,False,False,False,False
1073741824,1024 MB,4096,16777216,16 MB,2,16,64,149818.97065117894,38178.44019039665,187997.4108415756,7166928.3224484,28124297.86668151,False,False,False,False
1073741824,1024 MB,4096,16777216,16 MB,2,32,64,149690.97065117894,19093.22009519832,168784.19074637725,7173056.726996001,56236811.73978773,False,False,False,False
1073741824,1024 MB,4096,16777216,16 MB,2,64,64,149626.97065117894,9550.610047599164,159177.5806987781,7176124.861226948,112426517.11760733,False,False,False,False
1073741824,1024 MB,4096,16777216,16 MB,2,128,64,149594.97065117894,4779.305023799581,154374.27567497853,7177659.912803612,224664845.33903378,False,False,False,False
1073741824,1024 MB,4096,16777216,16 MB,2,256,64,149578.97065117894,2393.6525118997906,151972.62316307874,7178427.684891527,448578821.97269905,False,False,False,False
1073741824,1024 MB,4096,16777216,16 MB,4,1,64,75834.97065117894,607663.0430463463,683498.0136975253,14158927.138495669,1767002.019107662,False,False,False,False
1073741824,1024 MB,4096,16777216,16 MB,4,2,64,75834.97065117894,304347.5215231731,380182.49217435205,14158927.138495669,3528012.380801481,False,False,False,False
1073741824,1024 MB,4096,16777216,16 MB,4,4,64,75834.97065117894,152689.76076158654,228524.73141276548,14158927.138495669,7032179.621242358,False,False,False,False
1073741824,1024 MB,4096,16777216,16 MB,4,8,64,75322.97065117894,76348.8803807933,151671.85103197224,14255170.962023046,14063622.395569742,False,False,False,False
1073741824,1024 MB,4096,16777216,16 MB,4,16,64,75066.97065117894,38178.44019039665,113245.41084157559,14303785.202542162,28124297.86668151,False,False,False,False
1073741824,1024 MB,4096,16777216,16 MB,4,32,64,74938.97065117894,19093.22009519832,94032.19074637727,14328216.876609953,56236811.73978773,False,False,False,False
1073741824,1024 MB,4096,16777216,16 MB,4,64,64,74874.97065117894,9550.610047599164,84425.58069877811,14340464.03840685,112426517.11760733,False,False,False,False
1073741824,1024 MB,4096,16777216,16 MB,4,128,64,74842.97065117894,4779.305023799581,79622.27567497852,14346595.47393428,224664845.33903378,False,False,False,False
1073741824,1024 MB,4096,16777216,16 MB,4,256,64,74826.97065117894,2393.6525118997906,77220.62316307874,14349663.158294417,448578821.97269905,False,False,False,False
1073741824,1024 MB,4096,16777216,16 MB,8,1,64,37946.97065117894,607151.0430463463,645098.0136975253,28295850.90915922,1768492.1014259658,False,False,False,False
1073741824,1024 MB,4096,16777216,16 MB,8,2,64,37946.97065117894,303835.5215231731,341782.49217435205,28295850.90915922,3533957.5129898274,False,False,False,False
1073741824,1024 MB,4096,16777216,16 MB,8,4,64,37946.97065117894,152177.76076158654,190124.73141276548,28295850.90915922,7055839.2936416445,False,False,False,False
1073741824,1024 MB,4096,16777216,16 MB,8,8,64,37946.97065117894,76348.8803807933,114295.85103197224,28295850.90915922,14063622.395569742,False,False,False,False
1073741824,1024 MB,4096,16777216,16 MB,8,16,64,37690.97065117894,38178.44019039665,75869.41084157559,28488038.52618251,28124297.86668151,False,False,False,False
1073741824,1024 MB,4096,16777216,16 MB,8,32,64,37562.97065117894,19093.22009519832,56656.190746377266,28585114.685712423,56236811.73978773,False,False,False,False
1073741824,1024 MB,4096,16777216,16 MB,8,64,64,37498.97065117894,9550.610047599164,47049.5806987781,28633901.28726753,112426517.11760733,False,False,False,False
1073741824,1024 MB,4096,16777216,16 MB,8,128,64,37466.97065117894,4779.305023799581,42246.27567497852,28658357.089945663,224664845.33903378,False,False,False,False
1073741824,1024 MB,4096,16777216,16 MB,8,256,64,37450.97065117894,2393.6525118997906,39844.62316307873,28670600.66348905,448578821.97269905,False,False,False,False
1073741824,1024 MB,4096,16777216,16 MB,16,1,64,19002.97065117894,606895.0430463463,625898.0136975253,56503893.191740796,1769238.085403183,False,False,False,False
1073741824,1024 MB,4096,16777216,16 MB,16,2,64,19002.97065117894,303579.5215231731,322582.49217435205,56503893.191740796,3536937.5991260274,False,False,False,False
1073741824,1024 MB,4096,16777216,16 MB,16,4,64,19002.97065117894,151921.76076158654,170924.73141276548,56503893.191740796,7067728.932427539,False,False,False,False
1073741824,1024 MB,4096,16777216,16 MB,16,8,64,19002.97065117894,76092.8803807933,95095.85103197224,56503893.191740796,14110936.773935352,False,False,False,False
1073741824,1024 MB,4096,16777216,16 MB,16,16,64,19002.97065117894,38178.44019039665,57181.41084157559,56503893.191740796,28124297.86668151,False,False,False,False
1073741824,1024 MB,4096,16777216,16 MB,16,32,64,18874.97065117894,19093.22009519832,37968.190746377266,56887072.50694101,56236811.73978773,False,False,False,False
1073741824,1024 MB,4096,16777216,16 MB,16,64,64,18810.97065117894,9550.610047599164,28361.580698778103,57080617.683740065,112426517.11760733,False,False,False,False
1073741824,1024 MB,4096,16777216,16 MB,16,128,64,18778.97065117894,4779.305023799581,23558.275674978522,57177884.983413115,224664845.33903378,False,False,False,False
1073741824,1024 MB,4096,16777216,16 MB,16,256,64,18762.97065117894,2393.6525118997906,21156.62316307873,57226643.04932616,448578821.97269905,False,False,False,False
1073741824,1024 MB,4096,16777216,16 MB,32,1,64,9530.97065117894,606767.0430463463,616298.0136975253,112658181.76317464,1769611.3134443676,False,False,False,False
1073741824,1024 MB,4096,16777216,16 MB,32,2,64,9530.97065117894,303451.5215231731,312982.49217435205,112658181.76317464,3538429.527755733,False,False,False,False
1073741824,1024 MB,4096,16777216,16 MB,32,4,64,9530.97065117894,151793.76076158654,161324.73141276548,112658181.76317464,7073688.790716915,False,False,False,False
1073741824,1024 MB,4096,16777216,16 MB,32,8,64,9530.97065117894,75964.8803807933,85495.85103197224,112658181.76317464,14134713.549440159,False,False,False,False
1073741824,1024 MB,4096,16777216,16 MB,32,16,64,9530.97065117894,38050.44019039665,47581.41084157559,112658181.76317464,28218906.762371596,False,False,False,False
1073741824,1024 MB,4096,16777216,16 MB,32,32,64,9530.97065117894,19093.22009519832,28624.190746377262,112658181.76317464,56236811.73978773,False,False,False,False
1073741824,1024 MB,4096,16777216,16 MB,32,64,64,9466.97065117894,9550.610047599164,19017.580698778103,113419790.08525655,112426517.11760733,False,False,False,False
1073741824,1024 MB,4096,16777216,16 MB,32,128,64,9434.97065117894,4779.305023799581,14214.275674978522,113804468.8952828,224664845.33903378,False,False,False,False
1073741824,1024 MB,4096,16777216,16 MB,32,256,64,9418.97065117894,2393.6525118997906,11812.623163078732,113997788.48080425,448578821.97269905,False,False,False,False
1073741824,1024 MB,4096,16777216,16 MB,64,1,64,4794.970651178941,606703.0430463463,611498.0136975253,223930843.817782,1769797.9865216804,False,False,False,False
1073741824,1024 MB,4096,16777216,16 MB,64,2,64,4794.970651178941,303387.5215231731,308182.49217435205,223930843.817782,3539175.9641570705,False,False,False,False
1073741824,1024 MB,4096,16777216,16 MB,64,4,64,4794.970651178941,151729.76076158654,156524.73141276548,223930843.817782,7076672.490686742,False,False,False,False
1073741824,1024 MB,4096,16777216,16 MB,64,8,64,4794.970651178941,75900.8803807933,80695.85103197224,223930843.817782,14146632.010235684,False,False,False,False
1073741824,1024 MB,4096,16777216,16 MB,64,16,64,4794.970651178941,37986.44019039665,42781.41084157559,223930843.817782,28266450.30748242,False,False,False,False
1073741824,1024 MB,4096,16777216,16 MB,64,32,64,4794.970651178941,19029.22009519832,23824.190746377262,223930843.817782,56425950.12451084,False,False,False,False
1073741824,1024 MB,4096,16777216,16 MB,64,64,64,4794.970651178941,9550.610047599164,14345.580698778105,223930843.817782,112426517.11760733,False,False,False,False
1073741824,1024 MB,4096,16777216,16 MB,64,128,64,4762.970651178941,4779.305023799581,9542.275674978522,225435322.3306604,224664845.33903378,False,False,False,False
1073741824,1024 MB,4096,16777216,16 MB,64,256,64,4746.970651178941,2393.6525118997906,7140.6231630787315,226195168.01380038,448578821.97269905,False,False,False,False
1073741824,1024 MB,4096,16777216,16 MB,128,1,64,2426.970651178941,606671.0430463463,609098.0136975253,442420605.0775325,1769891.337829968,False,False,False,False
1073741824,1024 MB,4096,16777216,16 MB,128,2,64,2426.970651178941,303355.5215231731,305782.49217435205,442420605.0775325,3539549.300466508,False,False,False,False
1073741824,1024 MB,4096,16777216,16 MB,128,4,64,2426.970651178941,151697.76076158654,154124.73141276548,442420605.0775325,7078165.284769956,False,False,False,False
1073741824,1024 MB,4096,16777216,16 MB,128,8,64,2426.970651178941,75868.8803807933,78295.85103197224,442420605.0775325,14152598.781091604,False,False,False,False
1073741824,1024 MB,4096,16777216,16 MB,128,16,64,2426.970651178941,37954.44019039665,40381.41084157559,442420605.0775325,28290282.207131103,False,False,False,False
1073741824,1024 MB,4096,16777216,16 MB,128,32,64,2426.970651178941,18997.22009519832,21424.190746377262,442420605.0775325,56520997.21008105,False,False,False,False
1073741824,1024 MB,4096,16777216,16 MB,128,64,64,2426.970651178941,9518.610047599164,11945.580698778105,442420605.0775325,112804476.56019115,False,False,False,False
1073741824,1024 MB,4096,16777216,16 MB,128,128,64,2426.970651178941,4779.305023799581,7206.275674978522,442420605.0775325,224664845.33903378,False,False,False,False
1073741824,1024 MB,4096,16777216,16 MB,128,256,64,2410.970651178941,2393.6525118997906,4804.6231630787315,445356654.78754413,448578821.97269905,False,False,False,False
1073741824,1024 MB,4096,16777216,16 MB,256,1,64,1242.9706511789407,606655.0430463463,607898.0136975253,863851308.9440773,1769938.0171772018,True,False,False,False
1073741824,1024 MB,4096,16777216,16 MB,256,2,64,1242.9706511789407,303339.5215231731,304582.492174352,863851308.9440773,3539735.9981593215,True,False,False,False
1073741824,1024 MB,4096,16777216,16 MB,256,4,64,1242.9706511789407,151681.76076158654,152924.73141276548,863851308.9440773,7078911.918010419,True,False,False,False
1073741824,1024 MB,4096,16777216,16 MB,256,8,64,1242.9706511789407,75852.8803807933,77095.85103197224,863851308.9440773,14155584.054417558,True,False,False,False
1073741824,1024 MB,4096,16777216,16 MB,256,16,64,1242.9706511789407,37938.44019039665,39181.41084157559,863851308.9440773,28302213.233104825,True,False,False,False
1073741824,1024 MB,4096,16777216,16 MB,256,32,64,1242.9706511789407,18981.22009519832,20224.190746377262,863851308.9440773,56568640.931128785,True,False,False,False
1073741824,1024 MB,4096,16777216,16 MB,256,64,64,1242.9706511789407,9502.610047599164,10745.580698778105,863851308.9440773,112994410.86412685,True,False,False,False
1073741824,1024 MB,4096,16777216,16 MB,256,128,64,1242.9706511789407,4763.305023799581,6006.275674978522,863851308.9440773,225419497.31018913,True,False,False,False
1073741824,1024 MB,4096,16777216,16 MB,256,256,64,1242.9706511789407,2393.6525118997906,3636.6231630787315,863851308.9440773,448578821.97269905,True,False,True,False
